solid ASCII
  facet normal 9.994170e-01 3.414111e-02 0.000000e+00
    outer loop
      vertex   1.377972e+01 -8.700908e-01 0.000000e+00
      vertex   1.377972e+01 -8.700908e-01 -3.000000e+00
      vertex   1.375000e+01 1.561425e-15 0.000000e+00
    endloop
  endfacet
  facet normal 9.994170e-01 3.414111e-02 0.000000e+00
    outer loop
      vertex   1.375000e+01 1.561425e-15 0.000000e+00
      vertex   1.377972e+01 -8.700908e-01 -3.000000e+00
      vertex   1.375000e+01 1.561425e-15 -3.000000e+00
    endloop
  endfacet
  facet normal 9.994170e-01 -3.414111e-02 0.000000e+00
    outer loop
      vertex   1.375000e+01 1.561425e-15 0.000000e+00
      vertex   1.375000e+01 1.561425e-15 -3.000000e+00
      vertex   1.377972e+01 8.700908e-01 0.000000e+00
    endloop
  endfacet
  facet normal 9.994170e-01 -3.414111e-02 0.000000e+00
    outer loop
      vertex   1.377972e+01 8.700908e-01 0.000000e+00
      vertex   1.375000e+01 1.561425e-15 -3.000000e+00
      vertex   1.377972e+01 8.700908e-01 -3.000000e+00
    endloop
  endfacet
  facet normal 9.947573e-01 -1.022641e-01 0.000000e+00
    outer loop
      vertex   1.377972e+01 8.700908e-01 0.000000e+00
      vertex   1.377972e+01 8.700908e-01 -3.000000e+00
      vertex   1.386875e+01 1.736125e+00 0.000000e+00
    endloop
  endfacet
  facet normal 9.947573e-01 -1.022641e-01 0.000000e+00
    outer loop
      vertex   1.386875e+01 1.736125e+00 0.000000e+00
      vertex   1.377972e+01 8.700908e-01 -3.000000e+00
      vertex   1.386875e+01 1.736125e+00 -3.000000e+00
    endloop
  endfacet
  facet normal 9.854595e-01 -1.699104e-01 0.000000e+00
    outer loop
      vertex   1.386875e+01 1.736125e+00 0.000000e+00
      vertex   1.386875e+01 1.736125e+00 -3.000000e+00
      vertex   1.401668e+01 2.594064e+00 0.000000e+00
    endloop
  endfacet
  facet normal 9.854595e-01 -1.699104e-01 0.000000e+00
    outer loop
      vertex   1.401668e+01 2.594064e+00 0.000000e+00
      vertex   1.386875e+01 1.736125e+00 -3.000000e+00
      vertex   1.401668e+01 2.594064e+00 -3.000000e+00
    endloop
  endfacet
  facet normal 9.715671e-01 -2.367644e-01 0.000000e+00
    outer loop
      vertex   1.401668e+01 2.594064e+00 0.000000e+00
      vertex   1.401668e+01 2.594064e+00 -3.000000e+00
      vertex   1.422280e+01 3.439909e+00 0.000000e+00
    endloop
  endfacet
  facet normal 9.715671e-01 -2.367644e-01 0.000000e+00
    outer loop
      vertex   1.422280e+01 3.439909e+00 0.000000e+00
      vertex   1.401668e+01 2.594064e+00 -3.000000e+00
      vertex   1.422280e+01 3.439909e+00 -3.000000e+00
    endloop
  endfacet
  facet normal 9.531448e-01 -3.025146e-01 0.000000e+00
    outer loop
      vertex   1.422280e+01 3.439909e+00 0.000000e+00
      vertex   1.422280e+01 3.439909e+00 -3.000000e+00
      vertex   1.448617e+01 4.269715e+00 0.000000e+00
    endloop
  endfacet
  facet normal 9.531448e-01 -3.025146e-01 0.000000e+00
    outer loop
      vertex   1.448617e+01 4.269715e+00 0.000000e+00
      vertex   1.422280e+01 3.439909e+00 -3.000000e+00
      vertex   1.448617e+01 4.269715e+00 -3.000000e+00
    endloop
  endfacet
  facet normal 9.302784e-01 -3.668542e-01 0.000000e+00
    outer loop
      vertex   1.448617e+01 4.269715e+00 0.000000e+00
      vertex   1.448617e+01 4.269715e+00 -3.000000e+00
      vertex   1.480556e+01 5.079614e+00 0.000000e+00
    endloop
  endfacet
  facet normal 9.302784e-01 -3.668542e-01 0.000000e+00
    outer loop
      vertex   1.480556e+01 5.079614e+00 0.000000e+00
      vertex   1.448617e+01 4.269715e+00 -3.000000e+00
      vertex   1.480556e+01 5.079614e+00 -3.000000e+00
    endloop
  endfacet
  facet normal 9.030747e-01 -4.294834e-01 0.000000e+00
    outer loop
      vertex   1.480556e+01 5.079614e+00 0.000000e+00
      vertex   1.480556e+01 5.079614e+00 -3.000000e+00
      vertex   1.517946e+01 5.865829e+00 0.000000e+00
    endloop
  endfacet
  facet normal 9.030747e-01 -4.294834e-01 0.000000e+00
    outer loop
      vertex   1.517946e+01 5.865829e+00 0.000000e+00
      vertex   1.480556e+01 5.079614e+00 -3.000000e+00
      vertex   1.517946e+01 5.865829e+00 -3.000000e+00
    endloop
  endfacet
  facet normal 8.716605e-01 -4.901102e-01 0.000000e+00
    outer loop
      vertex   1.517946e+01 5.865829e+00 0.000000e+00
      vertex   1.517946e+01 5.865829e+00 -3.000000e+00
      vertex   1.560615e+01 6.624695e+00 0.000000e+00
    endloop
  endfacet
  facet normal 8.716605e-01 -4.901102e-01 0.000000e+00
    outer loop
      vertex   1.560615e+01 6.624695e+00 0.000000e+00
      vertex   1.517946e+01 5.865829e+00 -3.000000e+00
      vertex   1.560615e+01 6.624695e+00 -3.000000e+00
    endloop
  endfacet
  facet normal 8.361821e-01 -5.484519e-01 0.000000e+00
    outer loop
      vertex   1.560615e+01 6.624695e+00 0.000000e+00
      vertex   1.560615e+01 6.624695e+00 -3.000000e+00
      vertex   1.608363e+01 7.352674e+00 0.000000e+00
    endloop
  endfacet
  facet normal 8.361821e-01 -5.484519e-01 0.000000e+00
    outer loop
      vertex   1.608363e+01 7.352674e+00 0.000000e+00
      vertex   1.560615e+01 6.624695e+00 -3.000000e+00
      vertex   1.608363e+01 7.352674e+00 -3.000000e+00
    endloop
  endfacet
  facet normal 7.968051e-01 -6.042364e-01 0.000000e+00
    outer loop
      vertex   1.608363e+01 7.352674e+00 0.000000e+00
      vertex   1.608363e+01 7.352674e+00 -3.000000e+00
      vertex   1.660968e+01 8.046371e+00 0.000000e+00
    endloop
  endfacet
  facet normal 7.968051e-01 -6.042364e-01 0.000000e+00
    outer loop
      vertex   1.660968e+01 8.046371e+00 0.000000e+00
      vertex   1.608363e+01 7.352674e+00 -3.000000e+00
      vertex   1.660968e+01 8.046371e+00 -3.000000e+00
    endloop
  endfacet
  facet normal 7.537130e-01 -6.572037e-01 0.000000e+00
    outer loop
      vertex   1.660968e+01 8.046371e+00 0.000000e+00
      vertex   1.660968e+01 8.046371e+00 -3.000000e+00
      vertex   1.718184e+01 8.702553e+00 0.000000e+00
    endloop
  endfacet
  facet normal 7.537130e-01 -6.572037e-01 0.000000e+00
    outer loop
      vertex   1.718184e+01 8.702553e+00 0.000000e+00
      vertex   1.660968e+01 8.046371e+00 -3.000000e+00
      vertex   1.718184e+01 8.702553e+00 -3.000000e+00
    endloop
  endfacet
  facet normal 7.071068e-01 -7.071068e-01 0.000000e+00
    outer loop
      vertex   1.718184e+01 8.702553e+00 0.000000e+00
      vertex   1.718184e+01 8.702553e+00 -3.000000e+00
      vertex   1.779745e+01 9.318159e+00 0.000000e+00
    endloop
  endfacet
  facet normal 7.071068e-01 -7.071068e-01 0.000000e+00
    outer loop
      vertex   1.779745e+01 9.318159e+00 0.000000e+00
      vertex   1.718184e+01 8.702553e+00 -3.000000e+00
      vertex   1.779745e+01 9.318159e+00 -3.000000e+00
    endloop
  endfacet
  facet normal 6.572037e-01 -7.537130e-01 0.000000e+00
    outer loop
      vertex   1.779745e+01 9.318159e+00 0.000000e+00
      vertex   1.779745e+01 9.318159e+00 -3.000000e+00
      vertex   1.845363e+01 9.890319e+00 0.000000e+00
    endloop
  endfacet
  facet normal 6.572037e-01 -7.537130e-01 0.000000e+00
    outer loop
      vertex   1.845363e+01 9.890319e+00 0.000000e+00
      vertex   1.779745e+01 9.318159e+00 -3.000000e+00
      vertex   1.845363e+01 9.890319e+00 -3.000000e+00
    endloop
  endfacet
  facet normal 6.042364e-01 -7.968051e-01 0.000000e+00
    outer loop
      vertex   1.845363e+01 9.890319e+00 0.000000e+00
      vertex   1.845363e+01 9.890319e+00 -3.000000e+00
      vertex   1.914733e+01 1.041637e+01 0.000000e+00
    endloop
  endfacet
  facet normal 6.042364e-01 -7.968051e-01 0.000000e+00
    outer loop
      vertex   1.914733e+01 1.041637e+01 0.000000e+00
      vertex   1.845363e+01 9.890319e+00 -3.000000e+00
      vertex   1.914733e+01 1.041637e+01 -3.000000e+00
    endloop
  endfacet
  facet normal 5.484519e-01 -8.361821e-01 0.000000e+00
    outer loop
      vertex   1.914733e+01 1.041637e+01 0.000000e+00
      vertex   1.914733e+01 1.041637e+01 -3.000000e+00
      vertex   1.987530e+01 1.089385e+01 0.000000e+00
    endloop
  endfacet
  facet normal 5.484519e-01 -8.361821e-01 0.000000e+00
    outer loop
      vertex   1.987530e+01 1.089385e+01 0.000000e+00
      vertex   1.914733e+01 1.041637e+01 -3.000000e+00
      vertex   1.987530e+01 1.089385e+01 -3.000000e+00
    endloop
  endfacet
  facet normal 4.901102e-01 -8.716605e-01 0.000000e+00
    outer loop
      vertex   1.987530e+01 1.089385e+01 0.000000e+00
      vertex   1.987530e+01 1.089385e+01 -3.000000e+00
      vertex   2.063417e+01 1.132054e+01 0.000000e+00
    endloop
  endfacet
  facet normal 4.901102e-01 -8.716605e-01 0.000000e+00
    outer loop
      vertex   2.063417e+01 1.132054e+01 0.000000e+00
      vertex   1.987530e+01 1.089385e+01 -3.000000e+00
      vertex   2.063417e+01 1.132054e+01 -3.000000e+00
    endloop
  endfacet
  facet normal 4.294834e-01 -9.030747e-01 0.000000e+00
    outer loop
      vertex   2.063417e+01 1.132054e+01 0.000000e+00
      vertex   2.063417e+01 1.132054e+01 -3.000000e+00
      vertex   2.142039e+01 1.169444e+01 0.000000e+00
    endloop
  endfacet
  facet normal 4.294834e-01 -9.030747e-01 0.000000e+00
    outer loop
      vertex   2.142039e+01 1.169444e+01 0.000000e+00
      vertex   2.063417e+01 1.132054e+01 -3.000000e+00
      vertex   2.142039e+01 1.169444e+01 -3.000000e+00
    endloop
  endfacet
  facet normal 3.668542e-01 -9.302784e-01 0.000000e+00
    outer loop
      vertex   2.142039e+01 1.169444e+01 0.000000e+00
      vertex   2.142039e+01 1.169444e+01 -3.000000e+00
      vertex   2.223028e+01 1.201383e+01 0.000000e+00
    endloop
  endfacet
  facet normal 3.668542e-01 -9.302784e-01 0.000000e+00
    outer loop
      vertex   2.223028e+01 1.201383e+01 0.000000e+00
      vertex   2.142039e+01 1.169444e+01 -3.000000e+00
      vertex   2.223028e+01 1.201383e+01 -3.000000e+00
    endloop
  endfacet
  facet normal 3.025146e-01 -9.531448e-01 0.000000e+00
    outer loop
      vertex   2.223028e+01 1.201383e+01 0.000000e+00
      vertex   2.223028e+01 1.201383e+01 -3.000000e+00
      vertex   2.306009e+01 1.227720e+01 0.000000e+00
    endloop
  endfacet
  facet normal 3.025146e-01 -9.531448e-01 0.000000e+00
    outer loop
      vertex   2.306009e+01 1.227720e+01 0.000000e+00
      vertex   2.223028e+01 1.201383e+01 -3.000000e+00
      vertex   2.306009e+01 1.227720e+01 -3.000000e+00
    endloop
  endfacet
  facet normal 2.367644e-01 -9.715671e-01 0.000000e+00
    outer loop
      vertex   2.306009e+01 1.227720e+01 0.000000e+00
      vertex   2.306009e+01 1.227720e+01 -3.000000e+00
      vertex   2.390594e+01 1.248332e+01 0.000000e+00
    endloop
  endfacet
  facet normal 2.367644e-01 -9.715671e-01 0.000000e+00
    outer loop
      vertex   2.390594e+01 1.248332e+01 0.000000e+00
      vertex   2.306009e+01 1.227720e+01 -3.000000e+00
      vertex   2.390594e+01 1.248332e+01 -3.000000e+00
    endloop
  endfacet
  facet normal 1.699104e-01 -9.854595e-01 0.000000e+00
    outer loop
      vertex   2.390594e+01 1.248332e+01 0.000000e+00
      vertex   2.390594e+01 1.248332e+01 -3.000000e+00
      vertex   2.476388e+01 1.263125e+01 0.000000e+00
    endloop
  endfacet
  facet normal 1.699104e-01 -9.854595e-01 0.000000e+00
    outer loop
      vertex   2.476388e+01 1.263125e+01 0.000000e+00
      vertex   2.390594e+01 1.248332e+01 -3.000000e+00
      vertex   2.476388e+01 1.263125e+01 -3.000000e+00
    endloop
  endfacet
  facet normal 1.022641e-01 -9.947573e-01 0.000000e+00
    outer loop
      vertex   2.476388e+01 1.263125e+01 0.000000e+00
      vertex   2.476388e+01 1.263125e+01 -3.000000e+00
      vertex   2.562991e+01 1.272028e+01 0.000000e+00
    endloop
  endfacet
  facet normal 1.022641e-01 -9.947573e-01 0.000000e+00
    outer loop
      vertex   2.562991e+01 1.272028e+01 0.000000e+00
      vertex   2.476388e+01 1.263125e+01 -3.000000e+00
      vertex   2.562991e+01 1.272028e+01 -3.000000e+00
    endloop
  endfacet
  facet normal 3.414111e-02 -9.994170e-01 0.000000e+00
    outer loop
      vertex   2.562991e+01 1.272028e+01 0.000000e+00
      vertex   2.562991e+01 1.272028e+01 -3.000000e+00
      vertex   2.650000e+01 1.275000e+01 0.000000e+00
    endloop
  endfacet
  facet normal 3.414111e-02 -9.994170e-01 0.000000e+00
    outer loop
      vertex   2.650000e+01 1.275000e+01 0.000000e+00
      vertex   2.562991e+01 1.272028e+01 -3.000000e+00
      vertex   2.650000e+01 1.275000e+01 -3.000000e+00
    endloop
  endfacet
  facet normal -3.414111e-02 -9.994170e-01 -0.000000e+00
    outer loop
      vertex   2.650000e+01 1.275000e+01 0.000000e+00
      vertex   2.650000e+01 1.275000e+01 -3.000000e+00
      vertex   2.737009e+01 1.272028e+01 0.000000e+00
    endloop
  endfacet
  facet normal -3.414111e-02 -9.994170e-01 -0.000000e+00
    outer loop
      vertex   2.737009e+01 1.272028e+01 0.000000e+00
      vertex   2.650000e+01 1.275000e+01 -3.000000e+00
      vertex   2.737009e+01 1.272028e+01 -3.000000e+00
    endloop
  endfacet
  facet normal -1.022641e-01 -9.947573e-01 -0.000000e+00
    outer loop
      vertex   2.737009e+01 1.272028e+01 0.000000e+00
      vertex   2.737009e+01 1.272028e+01 -3.000000e+00
      vertex   2.823612e+01 1.263125e+01 0.000000e+00
    endloop
  endfacet
  facet normal -1.022641e-01 -9.947573e-01 -0.000000e+00
    outer loop
      vertex   2.823612e+01 1.263125e+01 0.000000e+00
      vertex   2.737009e+01 1.272028e+01 -3.000000e+00
      vertex   2.823612e+01 1.263125e+01 -3.000000e+00
    endloop
  endfacet
  facet normal -1.699104e-01 -9.854595e-01 -0.000000e+00
    outer loop
      vertex   2.823612e+01 1.263125e+01 0.000000e+00
      vertex   2.823612e+01 1.263125e+01 -3.000000e+00
      vertex   2.909406e+01 1.248332e+01 0.000000e+00
    endloop
  endfacet
  facet normal -1.699104e-01 -9.854595e-01 -0.000000e+00
    outer loop
      vertex   2.909406e+01 1.248332e+01 0.000000e+00
      vertex   2.823612e+01 1.263125e+01 -3.000000e+00
      vertex   2.909406e+01 1.248332e+01 -3.000000e+00
    endloop
  endfacet
  facet normal -2.367644e-01 -9.715671e-01 -0.000000e+00
    outer loop
      vertex   2.909406e+01 1.248332e+01 0.000000e+00
      vertex   2.909406e+01 1.248332e+01 -3.000000e+00
      vertex   2.993991e+01 1.227720e+01 0.000000e+00
    endloop
  endfacet
  facet normal -2.367644e-01 -9.715671e-01 -0.000000e+00
    outer loop
      vertex   2.993991e+01 1.227720e+01 0.000000e+00
      vertex   2.909406e+01 1.248332e+01 -3.000000e+00
      vertex   2.993991e+01 1.227720e+01 -3.000000e+00
    endloop
  endfacet
  facet normal -3.025146e-01 -9.531448e-01 -0.000000e+00
    outer loop
      vertex   2.993991e+01 1.227720e+01 0.000000e+00
      vertex   2.993991e+01 1.227720e+01 -3.000000e+00
      vertex   3.076972e+01 1.201383e+01 0.000000e+00
    endloop
  endfacet
  facet normal -3.025146e-01 -9.531448e-01 -0.000000e+00
    outer loop
      vertex   3.076972e+01 1.201383e+01 0.000000e+00
      vertex   2.993991e+01 1.227720e+01 -3.000000e+00
      vertex   3.076972e+01 1.201383e+01 -3.000000e+00
    endloop
  endfacet
  facet normal -3.668542e-01 -9.302784e-01 -0.000000e+00
    outer loop
      vertex   3.076972e+01 1.201383e+01 0.000000e+00
      vertex   3.076972e+01 1.201383e+01 -3.000000e+00
      vertex   3.157961e+01 1.169444e+01 0.000000e+00
    endloop
  endfacet
  facet normal -3.668542e-01 -9.302784e-01 -0.000000e+00
    outer loop
      vertex   3.157961e+01 1.169444e+01 0.000000e+00
      vertex   3.076972e+01 1.201383e+01 -3.000000e+00
      vertex   3.157961e+01 1.169444e+01 -3.000000e+00
    endloop
  endfacet
  facet normal -4.294834e-01 -9.030747e-01 -0.000000e+00
    outer loop
      vertex   3.157961e+01 1.169444e+01 0.000000e+00
      vertex   3.157961e+01 1.169444e+01 -3.000000e+00
      vertex   3.236583e+01 1.132054e+01 0.000000e+00
    endloop
  endfacet
  facet normal -4.294834e-01 -9.030747e-01 -0.000000e+00
    outer loop
      vertex   3.236583e+01 1.132054e+01 0.000000e+00
      vertex   3.157961e+01 1.169444e+01 -3.000000e+00
      vertex   3.236583e+01 1.132054e+01 -3.000000e+00
    endloop
  endfacet
  facet normal -4.901102e-01 -8.716605e-01 -0.000000e+00
    outer loop
      vertex   3.236583e+01 1.132054e+01 0.000000e+00
      vertex   3.236583e+01 1.132054e+01 -3.000000e+00
      vertex   3.312470e+01 1.089385e+01 0.000000e+00
    endloop
  endfacet
  facet normal -4.901102e-01 -8.716605e-01 -0.000000e+00
    outer loop
      vertex   3.312470e+01 1.089385e+01 0.000000e+00
      vertex   3.236583e+01 1.132054e+01 -3.000000e+00
      vertex   3.312470e+01 1.089385e+01 -3.000000e+00
    endloop
  endfacet
  facet normal -5.484519e-01 -8.361821e-01 -0.000000e+00
    outer loop
      vertex   3.312470e+01 1.089385e+01 0.000000e+00
      vertex   3.312470e+01 1.089385e+01 -3.000000e+00
      vertex   3.385267e+01 1.041637e+01 0.000000e+00
    endloop
  endfacet
  facet normal -5.484519e-01 -8.361821e-01 -0.000000e+00
    outer loop
      vertex   3.385267e+01 1.041637e+01 0.000000e+00
      vertex   3.312470e+01 1.089385e+01 -3.000000e+00
      vertex   3.385267e+01 1.041637e+01 -3.000000e+00
    endloop
  endfacet
  facet normal -6.042364e-01 -7.968051e-01 -0.000000e+00
    outer loop
      vertex   3.385267e+01 1.041637e+01 0.000000e+00
      vertex   3.385267e+01 1.041637e+01 -3.000000e+00
      vertex   3.454637e+01 9.890319e+00 0.000000e+00
    endloop
  endfacet
  facet normal -6.042364e-01 -7.968051e-01 -0.000000e+00
    outer loop
      vertex   3.454637e+01 9.890319e+00 0.000000e+00
      vertex   3.385267e+01 1.041637e+01 -3.000000e+00
      vertex   3.454637e+01 9.890319e+00 -3.000000e+00
    endloop
  endfacet
  facet normal -6.572037e-01 -7.537130e-01 -0.000000e+00
    outer loop
      vertex   3.454637e+01 9.890319e+00 0.000000e+00
      vertex   3.454637e+01 9.890319e+00 -3.000000e+00
      vertex   3.520255e+01 9.318159e+00 0.000000e+00
    endloop
  endfacet
  facet normal -6.572037e-01 -7.537130e-01 -0.000000e+00
    outer loop
      vertex   3.520255e+01 9.318159e+00 0.000000e+00
      vertex   3.454637e+01 9.890319e+00 -3.000000e+00
      vertex   3.520255e+01 9.318159e+00 -3.000000e+00
    endloop
  endfacet
  facet normal -7.071068e-01 -7.071068e-01 -0.000000e+00
    outer loop
      vertex   3.520255e+01 9.318159e+00 0.000000e+00
      vertex   3.520255e+01 9.318159e+00 -3.000000e+00
      vertex   3.581816e+01 8.702553e+00 0.000000e+00
    endloop
  endfacet
  facet normal -7.071068e-01 -7.071068e-01 -0.000000e+00
    outer loop
      vertex   3.581816e+01 8.702553e+00 0.000000e+00
      vertex   3.520255e+01 9.318159e+00 -3.000000e+00
      vertex   3.581816e+01 8.702553e+00 -3.000000e+00
    endloop
  endfacet
  facet normal -7.537130e-01 -6.572037e-01 -0.000000e+00
    outer loop
      vertex   3.581816e+01 8.702553e+00 0.000000e+00
      vertex   3.581816e+01 8.702553e+00 -3.000000e+00
      vertex   3.639032e+01 8.046371e+00 0.000000e+00
    endloop
  endfacet
  facet normal -7.537130e-01 -6.572037e-01 -0.000000e+00
    outer loop
      vertex   3.639032e+01 8.046371e+00 0.000000e+00
      vertex   3.581816e+01 8.702553e+00 -3.000000e+00
      vertex   3.639032e+01 8.046371e+00 -3.000000e+00
    endloop
  endfacet
  facet normal -7.968051e-01 -6.042364e-01 -0.000000e+00
    outer loop
      vertex   3.639032e+01 8.046371e+00 0.000000e+00
      vertex   3.639032e+01 8.046371e+00 -3.000000e+00
      vertex   3.691637e+01 7.352674e+00 0.000000e+00
    endloop
  endfacet
  facet normal -7.968051e-01 -6.042364e-01 -0.000000e+00
    outer loop
      vertex   3.691637e+01 7.352674e+00 0.000000e+00
      vertex   3.639032e+01 8.046371e+00 -3.000000e+00
      vertex   3.691637e+01 7.352674e+00 -3.000000e+00
    endloop
  endfacet
  facet normal -8.361821e-01 -5.484519e-01 -0.000000e+00
    outer loop
      vertex   3.691637e+01 7.352674e+00 0.000000e+00
      vertex   3.691637e+01 7.352674e+00 -3.000000e+00
      vertex   3.739385e+01 6.624695e+00 0.000000e+00
    endloop
  endfacet
  facet normal -8.361821e-01 -5.484519e-01 -0.000000e+00
    outer loop
      vertex   3.739385e+01 6.624695e+00 0.000000e+00
      vertex   3.691637e+01 7.352674e+00 -3.000000e+00
      vertex   3.739385e+01 6.624695e+00 -3.000000e+00
    endloop
  endfacet
  facet normal -8.716605e-01 -4.901102e-01 -0.000000e+00
    outer loop
      vertex   3.739385e+01 6.624695e+00 0.000000e+00
      vertex   3.739385e+01 6.624695e+00 -3.000000e+00
      vertex   3.782054e+01 5.865829e+00 0.000000e+00
    endloop
  endfacet
  facet normal -8.716605e-01 -4.901102e-01 -0.000000e+00
    outer loop
      vertex   3.782054e+01 5.865829e+00 0.000000e+00
      vertex   3.739385e+01 6.624695e+00 -3.000000e+00
      vertex   3.782054e+01 5.865829e+00 -3.000000e+00
    endloop
  endfacet
  facet normal -9.030747e-01 -4.294834e-01 -0.000000e+00
    outer loop
      vertex   3.782054e+01 5.865829e+00 0.000000e+00
      vertex   3.782054e+01 5.865829e+00 -3.000000e+00
      vertex   3.819444e+01 5.079614e+00 0.000000e+00
    endloop
  endfacet
  facet normal -9.030747e-01 -4.294834e-01 -0.000000e+00
    outer loop
      vertex   3.819444e+01 5.079614e+00 0.000000e+00
      vertex   3.782054e+01 5.865829e+00 -3.000000e+00
      vertex   3.819444e+01 5.079614e+00 -3.000000e+00
    endloop
  endfacet
  facet normal -9.302784e-01 -3.668542e-01 -0.000000e+00
    outer loop
      vertex   3.819444e+01 5.079614e+00 0.000000e+00
      vertex   3.819444e+01 5.079614e+00 -3.000000e+00
      vertex   3.851383e+01 4.269715e+00 0.000000e+00
    endloop
  endfacet
  facet normal -9.302784e-01 -3.668542e-01 -0.000000e+00
    outer loop
      vertex   3.851383e+01 4.269715e+00 0.000000e+00
      vertex   3.819444e+01 5.079614e+00 -3.000000e+00
      vertex   3.851383e+01 4.269715e+00 -3.000000e+00
    endloop
  endfacet
  facet normal -9.531448e-01 -3.025146e-01 -0.000000e+00
    outer loop
      vertex   3.851383e+01 4.269715e+00 0.000000e+00
      vertex   3.851383e+01 4.269715e+00 -3.000000e+00
      vertex   3.877720e+01 3.439909e+00 0.000000e+00
    endloop
  endfacet
  facet normal -9.531448e-01 -3.025146e-01 -0.000000e+00
    outer loop
      vertex   3.877720e+01 3.439909e+00 0.000000e+00
      vertex   3.851383e+01 4.269715e+00 -3.000000e+00
      vertex   3.877720e+01 3.439909e+00 -3.000000e+00
    endloop
  endfacet
  facet normal -9.715671e-01 -2.367644e-01 -0.000000e+00
    outer loop
      vertex   3.877720e+01 3.439909e+00 0.000000e+00
      vertex   3.877720e+01 3.439909e+00 -3.000000e+00
      vertex   3.898332e+01 2.594064e+00 0.000000e+00
    endloop
  endfacet
  facet normal -9.715671e-01 -2.367644e-01 -0.000000e+00
    outer loop
      vertex   3.898332e+01 2.594064e+00 0.000000e+00
      vertex   3.877720e+01 3.439909e+00 -3.000000e+00
      vertex   3.898332e+01 2.594064e+00 -3.000000e+00
    endloop
  endfacet
  facet normal -9.854595e-01 -1.699104e-01 -0.000000e+00
    outer loop
      vertex   3.898332e+01 2.594064e+00 0.000000e+00
      vertex   3.898332e+01 2.594064e+00 -3.000000e+00
      vertex   3.913125e+01 1.736125e+00 0.000000e+00
    endloop
  endfacet
  facet normal -9.854595e-01 -1.699104e-01 -0.000000e+00
    outer loop
      vertex   3.913125e+01 1.736125e+00 0.000000e+00
      vertex   3.898332e+01 2.594064e+00 -3.000000e+00
      vertex   3.913125e+01 1.736125e+00 -3.000000e+00
    endloop
  endfacet
  facet normal -9.947573e-01 -1.022641e-01 -0.000000e+00
    outer loop
      vertex   3.913125e+01 1.736125e+00 0.000000e+00
      vertex   3.913125e+01 1.736125e+00 -3.000000e+00
      vertex   3.922028e+01 8.700908e-01 0.000000e+00
    endloop
  endfacet
  facet normal -9.947573e-01 -1.022641e-01 -0.000000e+00
    outer loop
      vertex   3.922028e+01 8.700908e-01 0.000000e+00
      vertex   3.913125e+01 1.736125e+00 -3.000000e+00
      vertex   3.922028e+01 8.700908e-01 -3.000000e+00
    endloop
  endfacet
  facet normal -9.994170e-01 -3.414111e-02 -0.000000e+00
    outer loop
      vertex   3.922028e+01 8.700908e-01 0.000000e+00
      vertex   3.922028e+01 8.700908e-01 -3.000000e+00
      vertex   3.925000e+01 0.000000e+00 0.000000e+00
    endloop
  endfacet
  facet normal -9.994170e-01 -3.414111e-02 -0.000000e+00
    outer loop
      vertex   3.925000e+01 0.000000e+00 0.000000e+00
      vertex   3.922028e+01 8.700908e-01 -3.000000e+00
      vertex   3.925000e+01 0.000000e+00 -3.000000e+00
    endloop
  endfacet
  facet normal -9.994170e-01 3.414111e-02 0.000000e+00
    outer loop
      vertex   3.925000e+01 0.000000e+00 0.000000e+00
      vertex   3.925000e+01 0.000000e+00 -3.000000e+00
      vertex   3.922028e+01 -8.700908e-01 0.000000e+00
    endloop
  endfacet
  facet normal -9.994170e-01 3.414111e-02 0.000000e+00
    outer loop
      vertex   3.922028e+01 -8.700908e-01 0.000000e+00
      vertex   3.925000e+01 0.000000e+00 -3.000000e+00
      vertex   3.922028e+01 -8.700908e-01 -3.000000e+00
    endloop
  endfacet
  facet normal -9.947573e-01 1.022641e-01 0.000000e+00
    outer loop
      vertex   3.922028e+01 -8.700908e-01 0.000000e+00
      vertex   3.922028e+01 -8.700908e-01 -3.000000e+00
      vertex   3.913125e+01 -1.736125e+00 0.000000e+00
    endloop
  endfacet
  facet normal -9.947573e-01 1.022641e-01 0.000000e+00
    outer loop
      vertex   3.913125e+01 -1.736125e+00 0.000000e+00
      vertex   3.922028e+01 -8.700908e-01 -3.000000e+00
      vertex   3.913125e+01 -1.736125e+00 -3.000000e+00
    endloop
  endfacet
  facet normal -9.854595e-01 1.699104e-01 0.000000e+00
    outer loop
      vertex   3.913125e+01 -1.736125e+00 0.000000e+00
      vertex   3.913125e+01 -1.736125e+00 -3.000000e+00
      vertex   3.898332e+01 -2.594064e+00 0.000000e+00
    endloop
  endfacet
  facet normal -9.854595e-01 1.699104e-01 0.000000e+00
    outer loop
      vertex   3.898332e+01 -2.594064e+00 0.000000e+00
      vertex   3.913125e+01 -1.736125e+00 -3.000000e+00
      vertex   3.898332e+01 -2.594064e+00 -3.000000e+00
    endloop
  endfacet
  facet normal -9.715671e-01 2.367644e-01 0.000000e+00
    outer loop
      vertex   3.898332e+01 -2.594064e+00 0.000000e+00
      vertex   3.898332e+01 -2.594064e+00 -3.000000e+00
      vertex   3.877720e+01 -3.439909e+00 0.000000e+00
    endloop
  endfacet
  facet normal -9.715671e-01 2.367644e-01 0.000000e+00
    outer loop
      vertex   3.877720e+01 -3.439909e+00 0.000000e+00
      vertex   3.898332e+01 -2.594064e+00 -3.000000e+00
      vertex   3.877720e+01 -3.439909e+00 -3.000000e+00
    endloop
  endfacet
  facet normal -9.531448e-01 3.025146e-01 0.000000e+00
    outer loop
      vertex   3.877720e+01 -3.439909e+00 0.000000e+00
      vertex   3.877720e+01 -3.439909e+00 -3.000000e+00
      vertex   3.851383e+01 -4.269715e+00 0.000000e+00
    endloop
  endfacet
  facet normal -9.531448e-01 3.025146e-01 0.000000e+00
    outer loop
      vertex   3.851383e+01 -4.269715e+00 0.000000e+00
      vertex   3.877720e+01 -3.439909e+00 -3.000000e+00
      vertex   3.851383e+01 -4.269715e+00 -3.000000e+00
    endloop
  endfacet
  facet normal -9.302784e-01 3.668542e-01 0.000000e+00
    outer loop
      vertex   3.851383e+01 -4.269715e+00 0.000000e+00
      vertex   3.851383e+01 -4.269715e+00 -3.000000e+00
      vertex   3.819444e+01 -5.079614e+00 0.000000e+00
    endloop
  endfacet
  facet normal -9.302784e-01 3.668542e-01 0.000000e+00
    outer loop
      vertex   3.819444e+01 -5.079614e+00 0.000000e+00
      vertex   3.851383e+01 -4.269715e+00 -3.000000e+00
      vertex   3.819444e+01 -5.079614e+00 -3.000000e+00
    endloop
  endfacet
  facet normal -9.030747e-01 4.294834e-01 0.000000e+00
    outer loop
      vertex   3.819444e+01 -5.079614e+00 0.000000e+00
      vertex   3.819444e+01 -5.079614e+00 -3.000000e+00
      vertex   3.782054e+01 -5.865829e+00 0.000000e+00
    endloop
  endfacet
  facet normal -9.030747e-01 4.294834e-01 0.000000e+00
    outer loop
      vertex   3.782054e+01 -5.865829e+00 0.000000e+00
      vertex   3.819444e+01 -5.079614e+00 -3.000000e+00
      vertex   3.782054e+01 -5.865829e+00 -3.000000e+00
    endloop
  endfacet
  facet normal -8.716605e-01 4.901102e-01 0.000000e+00
    outer loop
      vertex   3.782054e+01 -5.865829e+00 0.000000e+00
      vertex   3.782054e+01 -5.865829e+00 -3.000000e+00
      vertex   3.739385e+01 -6.624695e+00 0.000000e+00
    endloop
  endfacet
  facet normal -8.716605e-01 4.901102e-01 0.000000e+00
    outer loop
      vertex   3.739385e+01 -6.624695e+00 0.000000e+00
      vertex   3.782054e+01 -5.865829e+00 -3.000000e+00
      vertex   3.739385e+01 -6.624695e+00 -3.000000e+00
    endloop
  endfacet
  facet normal -8.361821e-01 5.484519e-01 0.000000e+00
    outer loop
      vertex   3.739385e+01 -6.624695e+00 0.000000e+00
      vertex   3.739385e+01 -6.624695e+00 -3.000000e+00
      vertex   3.691637e+01 -7.352674e+00 0.000000e+00
    endloop
  endfacet
  facet normal -8.361821e-01 5.484519e-01 0.000000e+00
    outer loop
      vertex   3.691637e+01 -7.352674e+00 0.000000e+00
      vertex   3.739385e+01 -6.624695e+00 -3.000000e+00
      vertex   3.691637e+01 -7.352674e+00 -3.000000e+00
    endloop
  endfacet
  facet normal -7.968051e-01 6.042364e-01 0.000000e+00
    outer loop
      vertex   3.691637e+01 -7.352674e+00 0.000000e+00
      vertex   3.691637e+01 -7.352674e+00 -3.000000e+00
      vertex   3.639032e+01 -8.046371e+00 0.000000e+00
    endloop
  endfacet
  facet normal -7.968051e-01 6.042364e-01 0.000000e+00
    outer loop
      vertex   3.639032e+01 -8.046371e+00 0.000000e+00
      vertex   3.691637e+01 -7.352674e+00 -3.000000e+00
      vertex   3.639032e+01 -8.046371e+00 -3.000000e+00
    endloop
  endfacet
  facet normal -7.537130e-01 6.572037e-01 0.000000e+00
    outer loop
      vertex   3.639032e+01 -8.046371e+00 0.000000e+00
      vertex   3.639032e+01 -8.046371e+00 -3.000000e+00
      vertex   3.581816e+01 -8.702553e+00 0.000000e+00
    endloop
  endfacet
  facet normal -7.537130e-01 6.572037e-01 0.000000e+00
    outer loop
      vertex   3.581816e+01 -8.702553e+00 0.000000e+00
      vertex   3.639032e+01 -8.046371e+00 -3.000000e+00
      vertex   3.581816e+01 -8.702553e+00 -3.000000e+00
    endloop
  endfacet
  facet normal -7.071068e-01 7.071068e-01 0.000000e+00
    outer loop
      vertex   3.581816e+01 -8.702553e+00 0.000000e+00
      vertex   3.581816e+01 -8.702553e+00 -3.000000e+00
      vertex   3.520255e+01 -9.318159e+00 0.000000e+00
    endloop
  endfacet
  facet normal -7.071068e-01 7.071068e-01 0.000000e+00
    outer loop
      vertex   3.520255e+01 -9.318159e+00 0.000000e+00
      vertex   3.581816e+01 -8.702553e+00 -3.000000e+00
      vertex   3.520255e+01 -9.318159e+00 -3.000000e+00
    endloop
  endfacet
  facet normal -6.572037e-01 7.537130e-01 0.000000e+00
    outer loop
      vertex   3.520255e+01 -9.318159e+00 0.000000e+00
      vertex   3.520255e+01 -9.318159e+00 -3.000000e+00
      vertex   3.454637e+01 -9.890319e+00 0.000000e+00
    endloop
  endfacet
  facet normal -6.572037e-01 7.537130e-01 0.000000e+00
    outer loop
      vertex   3.454637e+01 -9.890319e+00 0.000000e+00
      vertex   3.520255e+01 -9.318159e+00 -3.000000e+00
      vertex   3.454637e+01 -9.890319e+00 -3.000000e+00
    endloop
  endfacet
  facet normal -6.042364e-01 7.968051e-01 0.000000e+00
    outer loop
      vertex   3.454637e+01 -9.890319e+00 0.000000e+00
      vertex   3.454637e+01 -9.890319e+00 -3.000000e+00
      vertex   3.385267e+01 -1.041637e+01 0.000000e+00
    endloop
  endfacet
  facet normal -6.042364e-01 7.968051e-01 0.000000e+00
    outer loop
      vertex   3.385267e+01 -1.041637e+01 0.000000e+00
      vertex   3.454637e+01 -9.890319e+00 -3.000000e+00
      vertex   3.385267e+01 -1.041637e+01 -3.000000e+00
    endloop
  endfacet
  facet normal -5.484519e-01 8.361821e-01 0.000000e+00
    outer loop
      vertex   3.385267e+01 -1.041637e+01 0.000000e+00
      vertex   3.385267e+01 -1.041637e+01 -3.000000e+00
      vertex   3.312470e+01 -1.089385e+01 0.000000e+00
    endloop
  endfacet
  facet normal -5.484519e-01 8.361821e-01 0.000000e+00
    outer loop
      vertex   3.312470e+01 -1.089385e+01 0.000000e+00
      vertex   3.385267e+01 -1.041637e+01 -3.000000e+00
      vertex   3.312470e+01 -1.089385e+01 -3.000000e+00
    endloop
  endfacet
  facet normal -4.901102e-01 8.716605e-01 0.000000e+00
    outer loop
      vertex   3.312470e+01 -1.089385e+01 0.000000e+00
      vertex   3.312470e+01 -1.089385e+01 -3.000000e+00
      vertex   3.236583e+01 -1.132054e+01 0.000000e+00
    endloop
  endfacet
  facet normal -4.901102e-01 8.716605e-01 0.000000e+00
    outer loop
      vertex   3.236583e+01 -1.132054e+01 0.000000e+00
      vertex   3.312470e+01 -1.089385e+01 -3.000000e+00
      vertex   3.236583e+01 -1.132054e+01 -3.000000e+00
    endloop
  endfacet
  facet normal -4.294834e-01 9.030747e-01 0.000000e+00
    outer loop
      vertex   3.236583e+01 -1.132054e+01 0.000000e+00
      vertex   3.236583e+01 -1.132054e+01 -3.000000e+00
      vertex   3.157961e+01 -1.169444e+01 0.000000e+00
    endloop
  endfacet
  facet normal -4.294834e-01 9.030747e-01 0.000000e+00
    outer loop
      vertex   3.157961e+01 -1.169444e+01 0.000000e+00
      vertex   3.236583e+01 -1.132054e+01 -3.000000e+00
      vertex   3.157961e+01 -1.169444e+01 -3.000000e+00
    endloop
  endfacet
  facet normal -3.668542e-01 9.302784e-01 0.000000e+00
    outer loop
      vertex   3.157961e+01 -1.169444e+01 0.000000e+00
      vertex   3.157961e+01 -1.169444e+01 -3.000000e+00
      vertex   3.076972e+01 -1.201383e+01 0.000000e+00
    endloop
  endfacet
  facet normal -3.668542e-01 9.302784e-01 0.000000e+00
    outer loop
      vertex   3.076972e+01 -1.201383e+01 0.000000e+00
      vertex   3.157961e+01 -1.169444e+01 -3.000000e+00
      vertex   3.076972e+01 -1.201383e+01 -3.000000e+00
    endloop
  endfacet
  facet normal -3.025146e-01 9.531448e-01 0.000000e+00
    outer loop
      vertex   3.076972e+01 -1.201383e+01 0.000000e+00
      vertex   3.076972e+01 -1.201383e+01 -3.000000e+00
      vertex   2.993991e+01 -1.227720e+01 0.000000e+00
    endloop
  endfacet
  facet normal -3.025146e-01 9.531448e-01 0.000000e+00
    outer loop
      vertex   2.993991e+01 -1.227720e+01 0.000000e+00
      vertex   3.076972e+01 -1.201383e+01 -3.000000e+00
      vertex   2.993991e+01 -1.227720e+01 -3.000000e+00
    endloop
  endfacet
  facet normal -2.367644e-01 9.715671e-01 0.000000e+00
    outer loop
      vertex   2.993991e+01 -1.227720e+01 0.000000e+00
      vertex   2.993991e+01 -1.227720e+01 -3.000000e+00
      vertex   2.909406e+01 -1.248332e+01 0.000000e+00
    endloop
  endfacet
  facet normal -2.367644e-01 9.715671e-01 0.000000e+00
    outer loop
      vertex   2.909406e+01 -1.248332e+01 0.000000e+00
      vertex   2.993991e+01 -1.227720e+01 -3.000000e+00
      vertex   2.909406e+01 -1.248332e+01 -3.000000e+00
    endloop
  endfacet
  facet normal -1.699104e-01 9.854595e-01 0.000000e+00
    outer loop
      vertex   2.909406e+01 -1.248332e+01 0.000000e+00
      vertex   2.909406e+01 -1.248332e+01 -3.000000e+00
      vertex   2.823612e+01 -1.263125e+01 0.000000e+00
    endloop
  endfacet
  facet normal -1.699104e-01 9.854595e-01 0.000000e+00
    outer loop
      vertex   2.823612e+01 -1.263125e+01 0.000000e+00
      vertex   2.909406e+01 -1.248332e+01 -3.000000e+00
      vertex   2.823612e+01 -1.263125e+01 -3.000000e+00
    endloop
  endfacet
  facet normal -1.022641e-01 9.947573e-01 0.000000e+00
    outer loop
      vertex   2.823612e+01 -1.263125e+01 0.000000e+00
      vertex   2.823612e+01 -1.263125e+01 -3.000000e+00
      vertex   2.737009e+01 -1.272028e+01 0.000000e+00
    endloop
  endfacet
  facet normal -1.022641e-01 9.947573e-01 0.000000e+00
    outer loop
      vertex   2.737009e+01 -1.272028e+01 0.000000e+00
      vertex   2.823612e+01 -1.263125e+01 -3.000000e+00
      vertex   2.737009e+01 -1.272028e+01 -3.000000e+00
    endloop
  endfacet
  facet normal -3.414111e-02 9.994170e-01 0.000000e+00
    outer loop
      vertex   2.737009e+01 -1.272028e+01 0.000000e+00
      vertex   2.737009e+01 -1.272028e+01 -3.000000e+00
      vertex   2.650000e+01 -1.275000e+01 0.000000e+00
    endloop
  endfacet
  facet normal -3.414111e-02 9.994170e-01 0.000000e+00
    outer loop
      vertex   2.650000e+01 -1.275000e+01 0.000000e+00
      vertex   2.737009e+01 -1.272028e+01 -3.000000e+00
      vertex   2.650000e+01 -1.275000e+01 -3.000000e+00
    endloop
  endfacet
  facet normal 3.414111e-02 9.994170e-01 0.000000e+00
    outer loop
      vertex   2.650000e+01 -1.275000e+01 0.000000e+00
      vertex   2.650000e+01 -1.275000e+01 -3.000000e+00
      vertex   2.562991e+01 -1.272028e+01 0.000000e+00
    endloop
  endfacet
  facet normal 3.414111e-02 9.994170e-01 0.000000e+00
    outer loop
      vertex   2.562991e+01 -1.272028e+01 0.000000e+00
      vertex   2.650000e+01 -1.275000e+01 -3.000000e+00
      vertex   2.562991e+01 -1.272028e+01 -3.000000e+00
    endloop
  endfacet
  facet normal 1.022641e-01 9.947573e-01 0.000000e+00
    outer loop
      vertex   2.562991e+01 -1.272028e+01 0.000000e+00
      vertex   2.562991e+01 -1.272028e+01 -3.000000e+00
      vertex   2.476388e+01 -1.263125e+01 0.000000e+00
    endloop
  endfacet
  facet normal 1.022641e-01 9.947573e-01 0.000000e+00
    outer loop
      vertex   2.476388e+01 -1.263125e+01 0.000000e+00
      vertex   2.562991e+01 -1.272028e+01 -3.000000e+00
      vertex   2.476388e+01 -1.263125e+01 -3.000000e+00
    endloop
  endfacet
  facet normal 1.699104e-01 9.854595e-01 0.000000e+00
    outer loop
      vertex   2.476388e+01 -1.263125e+01 0.000000e+00
      vertex   2.476388e+01 -1.263125e+01 -3.000000e+00
      vertex   2.390594e+01 -1.248332e+01 0.000000e+00
    endloop
  endfacet
  facet normal 1.699104e-01 9.854595e-01 0.000000e+00
    outer loop
      vertex   2.390594e+01 -1.248332e+01 0.000000e+00
      vertex   2.476388e+01 -1.263125e+01 -3.000000e+00
      vertex   2.390594e+01 -1.248332e+01 -3.000000e+00
    endloop
  endfacet
  facet normal 2.367644e-01 9.715671e-01 0.000000e+00
    outer loop
      vertex   2.390594e+01 -1.248332e+01 0.000000e+00
      vertex   2.390594e+01 -1.248332e+01 -3.000000e+00
      vertex   2.306009e+01 -1.227720e+01 0.000000e+00
    endloop
  endfacet
  facet normal 2.367644e-01 9.715671e-01 0.000000e+00
    outer loop
      vertex   2.306009e+01 -1.227720e+01 0.000000e+00
      vertex   2.390594e+01 -1.248332e+01 -3.000000e+00
      vertex   2.306009e+01 -1.227720e+01 -3.000000e+00
    endloop
  endfacet
  facet normal 3.025146e-01 9.531448e-01 0.000000e+00
    outer loop
      vertex   2.306009e+01 -1.227720e+01 0.000000e+00
      vertex   2.306009e+01 -1.227720e+01 -3.000000e+00
      vertex   2.223028e+01 -1.201383e+01 0.000000e+00
    endloop
  endfacet
  facet normal 3.025146e-01 9.531448e-01 0.000000e+00
    outer loop
      vertex   2.223028e+01 -1.201383e+01 0.000000e+00
      vertex   2.306009e+01 -1.227720e+01 -3.000000e+00
      vertex   2.223028e+01 -1.201383e+01 -3.000000e+00
    endloop
  endfacet
  facet normal 3.668542e-01 9.302784e-01 0.000000e+00
    outer loop
      vertex   2.223028e+01 -1.201383e+01 0.000000e+00
      vertex   2.223028e+01 -1.201383e+01 -3.000000e+00
      vertex   2.142039e+01 -1.169444e+01 0.000000e+00
    endloop
  endfacet
  facet normal 3.668542e-01 9.302784e-01 0.000000e+00
    outer loop
      vertex   2.142039e+01 -1.169444e+01 0.000000e+00
      vertex   2.223028e+01 -1.201383e+01 -3.000000e+00
      vertex   2.142039e+01 -1.169444e+01 -3.000000e+00
    endloop
  endfacet
  facet normal 4.294834e-01 9.030747e-01 0.000000e+00
    outer loop
      vertex   2.142039e+01 -1.169444e+01 0.000000e+00
      vertex   2.142039e+01 -1.169444e+01 -3.000000e+00
      vertex   2.063417e+01 -1.132054e+01 0.000000e+00
    endloop
  endfacet
  facet normal 4.294834e-01 9.030747e-01 0.000000e+00
    outer loop
      vertex   2.063417e+01 -1.132054e+01 0.000000e+00
      vertex   2.142039e+01 -1.169444e+01 -3.000000e+00
      vertex   2.063417e+01 -1.132054e+01 -3.000000e+00
    endloop
  endfacet
  facet normal 4.901102e-01 8.716605e-01 0.000000e+00
    outer loop
      vertex   2.063417e+01 -1.132054e+01 0.000000e+00
      vertex   2.063417e+01 -1.132054e+01 -3.000000e+00
      vertex   1.987530e+01 -1.089385e+01 0.000000e+00
    endloop
  endfacet
  facet normal 4.901102e-01 8.716605e-01 0.000000e+00
    outer loop
      vertex   1.987530e+01 -1.089385e+01 0.000000e+00
      vertex   2.063417e+01 -1.132054e+01 -3.000000e+00
      vertex   1.987530e+01 -1.089385e+01 -3.000000e+00
    endloop
  endfacet
  facet normal 5.484519e-01 8.361821e-01 0.000000e+00
    outer loop
      vertex   1.987530e+01 -1.089385e+01 0.000000e+00
      vertex   1.987530e+01 -1.089385e+01 -3.000000e+00
      vertex   1.914733e+01 -1.041637e+01 0.000000e+00
    endloop
  endfacet
  facet normal 5.484519e-01 8.361821e-01 0.000000e+00
    outer loop
      vertex   1.914733e+01 -1.041637e+01 0.000000e+00
      vertex   1.987530e+01 -1.089385e+01 -3.000000e+00
      vertex   1.914733e+01 -1.041637e+01 -3.000000e+00
    endloop
  endfacet
  facet normal 6.042364e-01 7.968051e-01 0.000000e+00
    outer loop
      vertex   1.914733e+01 -1.041637e+01 0.000000e+00
      vertex   1.914733e+01 -1.041637e+01 -3.000000e+00
      vertex   1.845363e+01 -9.890319e+00 0.000000e+00
    endloop
  endfacet
  facet normal 6.042364e-01 7.968051e-01 0.000000e+00
    outer loop
      vertex   1.845363e+01 -9.890319e+00 0.000000e+00
      vertex   1.914733e+01 -1.041637e+01 -3.000000e+00
      vertex   1.845363e+01 -9.890319e+00 -3.000000e+00
    endloop
  endfacet
  facet normal 6.572037e-01 7.537130e-01 0.000000e+00
    outer loop
      vertex   1.845363e+01 -9.890319e+00 0.000000e+00
      vertex   1.845363e+01 -9.890319e+00 -3.000000e+00
      vertex   1.779745e+01 -9.318159e+00 0.000000e+00
    endloop
  endfacet
  facet normal 6.572037e-01 7.537130e-01 0.000000e+00
    outer loop
      vertex   1.779745e+01 -9.318159e+00 0.000000e+00
      vertex   1.845363e+01 -9.890319e+00 -3.000000e+00
      vertex   1.779745e+01 -9.318159e+00 -3.000000e+00
    endloop
  endfacet
  facet normal 7.071068e-01 7.071068e-01 0.000000e+00
    outer loop
      vertex   1.779745e+01 -9.318159e+00 0.000000e+00
      vertex   1.779745e+01 -9.318159e+00 -3.000000e+00
      vertex   1.718184e+01 -8.702553e+00 0.000000e+00
    endloop
  endfacet
  facet normal 7.071068e-01 7.071068e-01 0.000000e+00
    outer loop
      vertex   1.718184e+01 -8.702553e+00 0.000000e+00
      vertex   1.779745e+01 -9.318159e+00 -3.000000e+00
      vertex   1.718184e+01 -8.702553e+00 -3.000000e+00
    endloop
  endfacet
  facet normal 7.537130e-01 6.572037e-01 0.000000e+00
    outer loop
      vertex   1.718184e+01 -8.702553e+00 0.000000e+00
      vertex   1.718184e+01 -8.702553e+00 -3.000000e+00
      vertex   1.660968e+01 -8.046371e+00 0.000000e+00
    endloop
  endfacet
  facet normal 7.537130e-01 6.572037e-01 0.000000e+00
    outer loop
      vertex   1.660968e+01 -8.046371e+00 0.000000e+00
      vertex   1.718184e+01 -8.702553e+00 -3.000000e+00
      vertex   1.660968e+01 -8.046371e+00 -3.000000e+00
    endloop
  endfacet
  facet normal 7.968051e-01 6.042364e-01 0.000000e+00
    outer loop
      vertex   1.660968e+01 -8.046371e+00 0.000000e+00
      vertex   1.660968e+01 -8.046371e+00 -3.000000e+00
      vertex   1.608363e+01 -7.352674e+00 0.000000e+00
    endloop
  endfacet
  facet normal 7.968051e-01 6.042364e-01 0.000000e+00
    outer loop
      vertex   1.608363e+01 -7.352674e+00 0.000000e+00
      vertex   1.660968e+01 -8.046371e+00 -3.000000e+00
      vertex   1.608363e+01 -7.352674e+00 -3.000000e+00
    endloop
  endfacet
  facet normal 8.361821e-01 5.484519e-01 0.000000e+00
    outer loop
      vertex   1.608363e+01 -7.352674e+00 0.000000e+00
      vertex   1.608363e+01 -7.352674e+00 -3.000000e+00
      vertex   1.560615e+01 -6.624695e+00 0.000000e+00
    endloop
  endfacet
  facet normal 8.361821e-01 5.484519e-01 0.000000e+00
    outer loop
      vertex   1.560615e+01 -6.624695e+00 0.000000e+00
      vertex   1.608363e+01 -7.352674e+00 -3.000000e+00
      vertex   1.560615e+01 -6.624695e+00 -3.000000e+00
    endloop
  endfacet
  facet normal 8.716605e-01 4.901102e-01 0.000000e+00
    outer loop
      vertex   1.560615e+01 -6.624695e+00 0.000000e+00
      vertex   1.560615e+01 -6.624695e+00 -3.000000e+00
      vertex   1.517946e+01 -5.865829e+00 0.000000e+00
    endloop
  endfacet
  facet normal 8.716605e-01 4.901102e-01 0.000000e+00
    outer loop
      vertex   1.517946e+01 -5.865829e+00 0.000000e+00
      vertex   1.560615e+01 -6.624695e+00 -3.000000e+00
      vertex   1.517946e+01 -5.865829e+00 -3.000000e+00
    endloop
  endfacet
  facet normal 9.030747e-01 4.294834e-01 0.000000e+00
    outer loop
      vertex   1.517946e+01 -5.865829e+00 0.000000e+00
      vertex   1.517946e+01 -5.865829e+00 -3.000000e+00
      vertex   1.480556e+01 -5.079614e+00 0.000000e+00
    endloop
  endfacet
  facet normal 9.030747e-01 4.294834e-01 0.000000e+00
    outer loop
      vertex   1.480556e+01 -5.079614e+00 0.000000e+00
      vertex   1.517946e+01 -5.865829e+00 -3.000000e+00
      vertex   1.480556e+01 -5.079614e+00 -3.000000e+00
    endloop
  endfacet
  facet normal 9.302784e-01 3.668542e-01 0.000000e+00
    outer loop
      vertex   1.480556e+01 -5.079614e+00 0.000000e+00
      vertex   1.480556e+01 -5.079614e+00 -3.000000e+00
      vertex   1.448617e+01 -4.269715e+00 0.000000e+00
    endloop
  endfacet
  facet normal 9.302784e-01 3.668542e-01 0.000000e+00
    outer loop
      vertex   1.448617e+01 -4.269715e+00 0.000000e+00
      vertex   1.480556e+01 -5.079614e+00 -3.000000e+00
      vertex   1.448617e+01 -4.269715e+00 -3.000000e+00
    endloop
  endfacet
  facet normal 9.531448e-01 3.025146e-01 0.000000e+00
    outer loop
      vertex   1.448617e+01 -4.269715e+00 0.000000e+00
      vertex   1.448617e+01 -4.269715e+00 -3.000000e+00
      vertex   1.422280e+01 -3.439909e+00 0.000000e+00
    endloop
  endfacet
  facet normal 9.531448e-01 3.025146e-01 0.000000e+00
    outer loop
      vertex   1.422280e+01 -3.439909e+00 0.000000e+00
      vertex   1.448617e+01 -4.269715e+00 -3.000000e+00
      vertex   1.422280e+01 -3.439909e+00 -3.000000e+00
    endloop
  endfacet
  facet normal 9.715671e-01 2.367644e-01 0.000000e+00
    outer loop
      vertex   1.422280e+01 -3.439909e+00 0.000000e+00
      vertex   1.422280e+01 -3.439909e+00 -3.000000e+00
      vertex   1.401668e+01 -2.594064e+00 0.000000e+00
    endloop
  endfacet
  facet normal 9.715671e-01 2.367644e-01 0.000000e+00
    outer loop
      vertex   1.401668e+01 -2.594064e+00 0.000000e+00
      vertex   1.422280e+01 -3.439909e+00 -3.000000e+00
      vertex   1.401668e+01 -2.594064e+00 -3.000000e+00
    endloop
  endfacet
  facet normal 9.854595e-01 1.699104e-01 0.000000e+00
    outer loop
      vertex   1.401668e+01 -2.594064e+00 0.000000e+00
      vertex   1.401668e+01 -2.594064e+00 -3.000000e+00
      vertex   1.386875e+01 -1.736125e+00 0.000000e+00
    endloop
  endfacet
  facet normal 9.854595e-01 1.699104e-01 0.000000e+00
    outer loop
      vertex   1.386875e+01 -1.736125e+00 0.000000e+00
      vertex   1.401668e+01 -2.594064e+00 -3.000000e+00
      vertex   1.386875e+01 -1.736125e+00 -3.000000e+00
    endloop
  endfacet
  facet normal 9.947573e-01 1.022641e-01 0.000000e+00
    outer loop
      vertex   1.386875e+01 -1.736125e+00 0.000000e+00
      vertex   1.386875e+01 -1.736125e+00 -3.000000e+00
      vertex   1.377972e+01 -8.700908e-01 0.000000e+00
    endloop
  endfacet
  facet normal 9.947573e-01 1.022641e-01 0.000000e+00
    outer loop
      vertex   1.377972e+01 -8.700908e-01 0.000000e+00
      vertex   1.386875e+01 -1.736125e+00 -3.000000e+00
      vertex   1.377972e+01 -8.700908e-01 -3.000000e+00
    endloop
  endfacet
  facet normal 0.000000e+00 0.000000e+00 -1.000000e+00
    outer loop
      vertex   1.402914e+01 8.530302e-01 0.000000e+00
      vertex   1.400000e+01 1.530808e-15 0.000000e+00
      vertex   1.375000e+01 1.561425e-15 0.000000e+00
    endloop
  endfacet
  facet normal 0.000000e+00 0.000000e+00 -1.000000e+00
    outer loop
      vertex   1.375000e+01 1.561425e-15 0.000000e+00
      vertex   1.400000e+01 1.530808e-15 0.000000e+00
      vertex   1.402914e+01 -8.530302e-01 0.000000e+00
    endloop
  endfacet
  facet normal 0.000000e+00 0.000000e+00 -1.000000e+00
    outer loop
      vertex   1.375000e+01 1.561425e-15 0.000000e+00
      vertex   1.402914e+01 -8.530302e-01 0.000000e+00
      vertex   1.377972e+01 -8.700908e-01 0.000000e+00
    endloop
  endfacet
  facet normal 0.000000e+00 0.000000e+00 -1.000000e+00
    outer loop
      vertex   1.377972e+01 -8.700908e-01 0.000000e+00
      vertex   1.402914e+01 -8.530302e-01 0.000000e+00
      vertex   1.411643e+01 -1.702083e+00 0.000000e+00
    endloop
  endfacet
  facet normal 0.000000e+00 0.000000e+00 -1.000000e+00
    outer loop
      vertex   1.377972e+01 -8.700908e-01 0.000000e+00
      vertex   1.411643e+01 -1.702083e+00 0.000000e+00
      vertex   1.386875e+01 -1.736125e+00 0.000000e+00
    endloop
  endfacet
  facet normal 0.000000e+00 0.000000e+00 -1.000000e+00
    outer loop
      vertex   1.386875e+01 -1.736125e+00 0.000000e+00
      vertex   1.411643e+01 -1.702083e+00 0.000000e+00
      vertex   1.426145e+01 -2.543200e+00 0.000000e+00
    endloop
  endfacet
  facet normal 0.000000e+00 0.000000e+00 -1.000000e+00
    outer loop
      vertex   1.386875e+01 -1.736125e+00 0.000000e+00
      vertex   1.426145e+01 -2.543200e+00 0.000000e+00
      vertex   1.401668e+01 -2.594064e+00 0.000000e+00
    endloop
  endfacet
  facet normal 0.000000e+00 0.000000e+00 -1.000000e+00
    outer loop
      vertex   1.401668e+01 -2.594064e+00 0.000000e+00
      vertex   1.426145e+01 -2.543200e+00 0.000000e+00
      vertex   1.446353e+01 -3.372460e+00 0.000000e+00
    endloop
  endfacet
  facet normal 0.000000e+00 0.000000e+00 -1.000000e+00
    outer loop
      vertex   1.401668e+01 -2.594064e+00 0.000000e+00
      vertex   1.446353e+01 -3.372460e+00 0.000000e+00
      vertex   1.422280e+01 -3.439909e+00 0.000000e+00
    endloop
  endfacet
  facet normal 0.000000e+00 0.000000e+00 -1.000000e+00
    outer loop
      vertex   1.422280e+01 -3.439909e+00 0.000000e+00
      vertex   1.446353e+01 -3.372460e+00 0.000000e+00
      vertex   1.472174e+01 -4.185995e+00 0.000000e+00
    endloop
  endfacet
  facet normal 0.000000e+00 0.000000e+00 -1.000000e+00
    outer loop
      vertex   1.422280e+01 -3.439909e+00 0.000000e+00
      vertex   1.472174e+01 -4.185995e+00 0.000000e+00
      vertex   1.448617e+01 -4.269715e+00 0.000000e+00
    endloop
  endfacet
  facet normal 0.000000e+00 0.000000e+00 -1.000000e+00
    outer loop
      vertex   1.448617e+01 -4.269715e+00 0.000000e+00
      vertex   1.472174e+01 -4.185995e+00 0.000000e+00
      vertex   1.503486e+01 -4.980014e+00 0.000000e+00
    endloop
  endfacet
  facet normal 0.000000e+00 0.000000e+00 -1.000000e+00
    outer loop
      vertex   1.448617e+01 -4.269715e+00 0.000000e+00
      vertex   1.503486e+01 -4.980014e+00 0.000000e+00
      vertex   1.480556e+01 -5.079614e+00 0.000000e+00
    endloop
  endfacet
  facet normal 0.000000e+00 0.000000e+00 -1.000000e+00
    outer loop
      vertex   1.480556e+01 -5.079614e+00 0.000000e+00
      vertex   1.503486e+01 -4.980014e+00 0.000000e+00
      vertex   1.540143e+01 -5.750813e+00 0.000000e+00
    endloop
  endfacet
  facet normal 0.000000e+00 0.000000e+00 -1.000000e+00
    outer loop
      vertex   1.480556e+01 -5.079614e+00 0.000000e+00
      vertex   1.540143e+01 -5.750813e+00 0.000000e+00
      vertex   1.517946e+01 -5.865829e+00 0.000000e+00
    endloop
  endfacet
  facet normal 0.000000e+00 0.000000e+00 -1.000000e+00
    outer loop
      vertex   1.517946e+01 -5.865829e+00 0.000000e+00
      vertex   1.540143e+01 -5.750813e+00 0.000000e+00
      vertex   1.581976e+01 -6.494799e+00 0.000000e+00
    endloop
  endfacet
  facet normal 0.000000e+00 0.000000e+00 -1.000000e+00
    outer loop
      vertex   1.517946e+01 -5.865829e+00 0.000000e+00
      vertex   1.581976e+01 -6.494799e+00 0.000000e+00
      vertex   1.560615e+01 -6.624695e+00 0.000000e+00
    endloop
  endfacet
  facet normal 0.000000e+00 0.000000e+00 -1.000000e+00
    outer loop
      vertex   1.560615e+01 -6.624695e+00 0.000000e+00
      vertex   1.581976e+01 -6.494799e+00 0.000000e+00
      vertex   1.628788e+01 -7.208504e+00 0.000000e+00
    endloop
  endfacet
  facet normal 0.000000e+00 0.000000e+00 -1.000000e+00
    outer loop
      vertex   1.560615e+01 -6.624695e+00 0.000000e+00
      vertex   1.628788e+01 -7.208504e+00 0.000000e+00
      vertex   1.608363e+01 -7.352674e+00 0.000000e+00
    endloop
  endfacet
  facet normal 0.000000e+00 0.000000e+00 -1.000000e+00
    outer loop
      vertex   1.608363e+01 -7.352674e+00 0.000000e+00
      vertex   1.628788e+01 -7.208504e+00 0.000000e+00
      vertex   1.680361e+01 -7.888599e+00 0.000000e+00
    endloop
  endfacet
  facet normal 0.000000e+00 0.000000e+00 -1.000000e+00
    outer loop
      vertex   1.608363e+01 -7.352674e+00 0.000000e+00
      vertex   1.680361e+01 -7.888599e+00 0.000000e+00
      vertex   1.660968e+01 -8.046371e+00 0.000000e+00
    endloop
  endfacet
  facet normal 0.000000e+00 0.000000e+00 -1.000000e+00
    outer loop
      vertex   1.660968e+01 -8.046371e+00 0.000000e+00
      vertex   1.680361e+01 -7.888599e+00 0.000000e+00
      vertex   1.736455e+01 -8.531914e+00 0.000000e+00
    endloop
  endfacet
  facet normal 0.000000e+00 0.000000e+00 -1.000000e+00
    outer loop
      vertex   1.660968e+01 -8.046371e+00 0.000000e+00
      vertex   1.736455e+01 -8.531914e+00 0.000000e+00
      vertex   1.718184e+01 -8.702553e+00 0.000000e+00
    endloop
  endfacet
  facet normal 0.000000e+00 0.000000e+00 -1.000000e+00
    outer loop
      vertex   1.718184e+01 -8.702553e+00 0.000000e+00
      vertex   1.736455e+01 -8.531914e+00 0.000000e+00
      vertex   1.796809e+01 -9.135450e+00 0.000000e+00
    endloop
  endfacet
  facet normal 0.000000e+00 0.000000e+00 -1.000000e+00
    outer loop
      vertex   1.718184e+01 -8.702553e+00 0.000000e+00
      vertex   1.796809e+01 -9.135450e+00 0.000000e+00
      vertex   1.779745e+01 -9.318159e+00 0.000000e+00
    endloop
  endfacet
  facet normal 0.000000e+00 0.000000e+00 -1.000000e+00
    outer loop
      vertex   1.779745e+01 -9.318159e+00 0.000000e+00
      vertex   1.796809e+01 -9.135450e+00 0.000000e+00
      vertex   1.861140e+01 -9.696391e+00 0.000000e+00
    endloop
  endfacet
  facet normal 0.000000e+00 0.000000e+00 -1.000000e+00
    outer loop
      vertex   1.779745e+01 -9.318159e+00 0.000000e+00
      vertex   1.861140e+01 -9.696391e+00 0.000000e+00
      vertex   1.845363e+01 -9.890319e+00 0.000000e+00
    endloop
  endfacet
  facet normal 0.000000e+00 0.000000e+00 -1.000000e+00
    outer loop
      vertex   1.845363e+01 -9.890319e+00 0.000000e+00
      vertex   1.861140e+01 -9.696391e+00 0.000000e+00
      vertex   1.929150e+01 -1.021212e+01 0.000000e+00
    endloop
  endfacet
  facet normal 0.000000e+00 0.000000e+00 -1.000000e+00
    outer loop
      vertex   1.845363e+01 -9.890319e+00 0.000000e+00
      vertex   1.929150e+01 -1.021212e+01 0.000000e+00
      vertex   1.914733e+01 -1.041637e+01 0.000000e+00
    endloop
  endfacet
  facet normal 0.000000e+00 0.000000e+00 -1.000000e+00
    outer loop
      vertex   1.914733e+01 -1.041637e+01 0.000000e+00
      vertex   1.929150e+01 -1.021212e+01 0.000000e+00
      vertex   2.000520e+01 -1.068024e+01 0.000000e+00
    endloop
  endfacet
  facet normal 0.000000e+00 0.000000e+00 -1.000000e+00
    outer loop
      vertex   1.914733e+01 -1.041637e+01 0.000000e+00
      vertex   2.000520e+01 -1.068024e+01 0.000000e+00
      vertex   1.987530e+01 -1.089385e+01 0.000000e+00
    endloop
  endfacet
  facet normal 0.000000e+00 0.000000e+00 -1.000000e+00
    outer loop
      vertex   1.987530e+01 -1.089385e+01 0.000000e+00
      vertex   2.000520e+01 -1.068024e+01 0.000000e+00
      vertex   2.074919e+01 -1.109857e+01 0.000000e+00
    endloop
  endfacet
  facet normal 0.000000e+00 0.000000e+00 -1.000000e+00
    outer loop
      vertex   1.987530e+01 -1.089385e+01 0.000000e+00
      vertex   2.074919e+01 -1.109857e+01 0.000000e+00
      vertex   2.063417e+01 -1.132054e+01 0.000000e+00
    endloop
  endfacet
  facet normal 0.000000e+00 0.000000e+00 -1.000000e+00
    outer loop
      vertex   2.063417e+01 -1.132054e+01 0.000000e+00
      vertex   2.074919e+01 -1.109857e+01 0.000000e+00
      vertex   2.151999e+01 -1.146514e+01 0.000000e+00
    endloop
  endfacet
  facet normal 0.000000e+00 0.000000e+00 -1.000000e+00
    outer loop
      vertex   2.063417e+01 -1.132054e+01 0.000000e+00
      vertex   2.151999e+01 -1.146514e+01 0.000000e+00
      vertex   2.142039e+01 -1.169444e+01 0.000000e+00
    endloop
  endfacet
  facet normal 0.000000e+00 0.000000e+00 -1.000000e+00
    outer loop
      vertex   2.142039e+01 -1.169444e+01 0.000000e+00
      vertex   2.151999e+01 -1.146514e+01 0.000000e+00
      vertex   2.231400e+01 -1.177826e+01 0.000000e+00
    endloop
  endfacet
  facet normal 0.000000e+00 0.000000e+00 -1.000000e+00
    outer loop
      vertex   2.142039e+01 -1.169444e+01 0.000000e+00
      vertex   2.231400e+01 -1.177826e+01 0.000000e+00
      vertex   2.223028e+01 -1.201383e+01 0.000000e+00
    endloop
  endfacet
  facet normal 0.000000e+00 0.000000e+00 -1.000000e+00
    outer loop
      vertex   2.223028e+01 -1.201383e+01 0.000000e+00
      vertex   2.231400e+01 -1.177826e+01 0.000000e+00
      vertex   2.312754e+01 -1.203647e+01 0.000000e+00
    endloop
  endfacet
  facet normal 0.000000e+00 0.000000e+00 -1.000000e+00
    outer loop
      vertex   2.223028e+01 -1.201383e+01 0.000000e+00
      vertex   2.312754e+01 -1.203647e+01 0.000000e+00
      vertex   2.306009e+01 -1.227720e+01 0.000000e+00
    endloop
  endfacet
  facet normal 0.000000e+00 0.000000e+00 -1.000000e+00
    outer loop
      vertex   2.306009e+01 -1.227720e+01 0.000000e+00
      vertex   2.312754e+01 -1.203647e+01 0.000000e+00
      vertex   2.395680e+01 -1.223855e+01 0.000000e+00
    endloop
  endfacet
  facet normal 0.000000e+00 0.000000e+00 -1.000000e+00
    outer loop
      vertex   2.306009e+01 -1.227720e+01 0.000000e+00
      vertex   2.395680e+01 -1.223855e+01 0.000000e+00
      vertex   2.390594e+01 -1.248332e+01 0.000000e+00
    endloop
  endfacet
  facet normal 0.000000e+00 0.000000e+00 -1.000000e+00
    outer loop
      vertex   2.390594e+01 -1.248332e+01 0.000000e+00
      vertex   2.395680e+01 -1.223855e+01 0.000000e+00
      vertex   2.479792e+01 -1.238357e+01 0.000000e+00
    endloop
  endfacet
  facet normal 0.000000e+00 0.000000e+00 -1.000000e+00
    outer loop
      vertex   2.390594e+01 -1.248332e+01 0.000000e+00
      vertex   2.479792e+01 -1.238357e+01 0.000000e+00
      vertex   2.476388e+01 -1.263125e+01 0.000000e+00
    endloop
  endfacet
  facet normal 0.000000e+00 0.000000e+00 -1.000000e+00
    outer loop
      vertex   2.476388e+01 -1.263125e+01 0.000000e+00
      vertex   2.479792e+01 -1.238357e+01 0.000000e+00
      vertex   2.564697e+01 -1.247086e+01 0.000000e+00
    endloop
  endfacet
  facet normal 0.000000e+00 0.000000e+00 -1.000000e+00
    outer loop
      vertex   2.476388e+01 -1.263125e+01 0.000000e+00
      vertex   2.564697e+01 -1.247086e+01 0.000000e+00
      vertex   2.562991e+01 -1.272028e+01 0.000000e+00
    endloop
  endfacet
  facet normal 0.000000e+00 0.000000e+00 -1.000000e+00
    outer loop
      vertex   2.562991e+01 -1.272028e+01 0.000000e+00
      vertex   2.564697e+01 -1.247086e+01 0.000000e+00
      vertex   2.650000e+01 -1.250000e+01 0.000000e+00
    endloop
  endfacet
  facet normal 0.000000e+00 0.000000e+00 -1.000000e+00
    outer loop
      vertex   2.562991e+01 -1.272028e+01 0.000000e+00
      vertex   2.650000e+01 -1.250000e+01 0.000000e+00
      vertex   2.650000e+01 -1.275000e+01 0.000000e+00
    endloop
  endfacet
  facet normal 0.000000e+00 0.000000e+00 -1.000000e+00
    outer loop
      vertex   2.650000e+01 -1.275000e+01 0.000000e+00
      vertex   2.650000e+01 -1.250000e+01 0.000000e+00
      vertex   2.737009e+01 -1.272028e+01 0.000000e+00
    endloop
  endfacet
  facet normal 0.000000e+00 0.000000e+00 -1.000000e+00
    outer loop
      vertex   2.737009e+01 -1.272028e+01 0.000000e+00
      vertex   2.650000e+01 -1.250000e+01 0.000000e+00
      vertex   2.735303e+01 -1.247086e+01 0.000000e+00
    endloop
  endfacet
  facet normal 0.000000e+00 0.000000e+00 -1.000000e+00
    outer loop
      vertex   2.737009e+01 -1.272028e+01 0.000000e+00
      vertex   2.735303e+01 -1.247086e+01 0.000000e+00
      vertex   2.823612e+01 -1.263125e+01 0.000000e+00
    endloop
  endfacet
  facet normal 0.000000e+00 0.000000e+00 -1.000000e+00
    outer loop
      vertex   2.823612e+01 -1.263125e+01 0.000000e+00
      vertex   2.735303e+01 -1.247086e+01 0.000000e+00
      vertex   2.820208e+01 -1.238357e+01 0.000000e+00
    endloop
  endfacet
  facet normal 0.000000e+00 0.000000e+00 -1.000000e+00
    outer loop
      vertex   2.823612e+01 -1.263125e+01 0.000000e+00
      vertex   2.820208e+01 -1.238357e+01 0.000000e+00
      vertex   2.909406e+01 -1.248332e+01 0.000000e+00
    endloop
  endfacet
  facet normal 0.000000e+00 0.000000e+00 -1.000000e+00
    outer loop
      vertex   2.909406e+01 -1.248332e+01 0.000000e+00
      vertex   2.820208e+01 -1.238357e+01 0.000000e+00
      vertex   2.904320e+01 -1.223855e+01 0.000000e+00
    endloop
  endfacet
  facet normal 0.000000e+00 0.000000e+00 -1.000000e+00
    outer loop
      vertex   2.909406e+01 -1.248332e+01 0.000000e+00
      vertex   2.904320e+01 -1.223855e+01 0.000000e+00
      vertex   2.993991e+01 -1.227720e+01 0.000000e+00
    endloop
  endfacet
  facet normal 0.000000e+00 0.000000e+00 -1.000000e+00
    outer loop
      vertex   2.993991e+01 -1.227720e+01 0.000000e+00
      vertex   2.904320e+01 -1.223855e+01 0.000000e+00
      vertex   2.987246e+01 -1.203647e+01 0.000000e+00
    endloop
  endfacet
  facet normal 0.000000e+00 0.000000e+00 -1.000000e+00
    outer loop
      vertex   2.993991e+01 -1.227720e+01 0.000000e+00
      vertex   2.987246e+01 -1.203647e+01 0.000000e+00
      vertex   3.076972e+01 -1.201383e+01 0.000000e+00
    endloop
  endfacet
  facet normal -0.000000e+00 0.000000e+00 -1.000000e+00
    outer loop
      vertex   3.076972e+01 -1.201383e+01 0.000000e+00
      vertex   2.987246e+01 -1.203647e+01 0.000000e+00
      vertex   3.068600e+01 -1.177826e+01 0.000000e+00
    endloop
  endfacet
  facet normal 0.000000e+00 0.000000e+00 -1.000000e+00
    outer loop
      vertex   3.076972e+01 -1.201383e+01 0.000000e+00
      vertex   3.068600e+01 -1.177826e+01 0.000000e+00
      vertex   3.157961e+01 -1.169444e+01 0.000000e+00
    endloop
  endfacet
  facet normal -0.000000e+00 0.000000e+00 -1.000000e+00
    outer loop
      vertex   3.157961e+01 -1.169444e+01 0.000000e+00
      vertex   3.068600e+01 -1.177826e+01 0.000000e+00
      vertex   3.148001e+01 -1.146514e+01 0.000000e+00
    endloop
  endfacet
  facet normal 0.000000e+00 0.000000e+00 -1.000000e+00
    outer loop
      vertex   3.157961e+01 -1.169444e+01 0.000000e+00
      vertex   3.148001e+01 -1.146514e+01 0.000000e+00
      vertex   3.236583e+01 -1.132054e+01 0.000000e+00
    endloop
  endfacet
  facet normal -0.000000e+00 0.000000e+00 -1.000000e+00
    outer loop
      vertex   3.236583e+01 -1.132054e+01 0.000000e+00
      vertex   3.148001e+01 -1.146514e+01 0.000000e+00
      vertex   3.225081e+01 -1.109857e+01 0.000000e+00
    endloop
  endfacet
  facet normal 0.000000e+00 0.000000e+00 -1.000000e+00
    outer loop
      vertex   3.236583e+01 -1.132054e+01 0.000000e+00
      vertex   3.225081e+01 -1.109857e+01 0.000000e+00
      vertex   3.312470e+01 -1.089385e+01 0.000000e+00
    endloop
  endfacet
  facet normal -0.000000e+00 0.000000e+00 -1.000000e+00
    outer loop
      vertex   3.312470e+01 -1.089385e+01 0.000000e+00
      vertex   3.225081e+01 -1.109857e+01 0.000000e+00
      vertex   3.299480e+01 -1.068024e+01 0.000000e+00
    endloop
  endfacet
  facet normal 0.000000e+00 0.000000e+00 -1.000000e+00
    outer loop
      vertex   3.312470e+01 -1.089385e+01 0.000000e+00
      vertex   3.299480e+01 -1.068024e+01 0.000000e+00
      vertex   3.385267e+01 -1.041637e+01 0.000000e+00
    endloop
  endfacet
  facet normal -0.000000e+00 0.000000e+00 -1.000000e+00
    outer loop
      vertex   3.385267e+01 -1.041637e+01 0.000000e+00
      vertex   3.299480e+01 -1.068024e+01 0.000000e+00
      vertex   3.370850e+01 -1.021212e+01 0.000000e+00
    endloop
  endfacet
  facet normal 0.000000e+00 0.000000e+00 -1.000000e+00
    outer loop
      vertex   3.385267e+01 -1.041637e+01 0.000000e+00
      vertex   3.370850e+01 -1.021212e+01 0.000000e+00
      vertex   3.454637e+01 -9.890319e+00 0.000000e+00
    endloop
  endfacet
  facet normal -0.000000e+00 0.000000e+00 -1.000000e+00
    outer loop
      vertex   3.454637e+01 -9.890319e+00 0.000000e+00
      vertex   3.370850e+01 -1.021212e+01 0.000000e+00
      vertex   3.438860e+01 -9.696391e+00 0.000000e+00
    endloop
  endfacet
  facet normal 0.000000e+00 0.000000e+00 -1.000000e+00
    outer loop
      vertex   3.454637e+01 -9.890319e+00 0.000000e+00
      vertex   3.438860e+01 -9.696391e+00 0.000000e+00
      vertex   3.520255e+01 -9.318159e+00 0.000000e+00
    endloop
  endfacet
  facet normal -0.000000e+00 0.000000e+00 -1.000000e+00
    outer loop
      vertex   3.520255e+01 -9.318159e+00 0.000000e+00
      vertex   3.438860e+01 -9.696391e+00 0.000000e+00
      vertex   3.503191e+01 -9.135450e+00 0.000000e+00
    endloop
  endfacet
  facet normal 0.000000e+00 0.000000e+00 -1.000000e+00
    outer loop
      vertex   3.520255e+01 -9.318159e+00 0.000000e+00
      vertex   3.503191e+01 -9.135450e+00 0.000000e+00
      vertex   3.581816e+01 -8.702553e+00 0.000000e+00
    endloop
  endfacet
  facet normal -0.000000e+00 0.000000e+00 -1.000000e+00
    outer loop
      vertex   3.581816e+01 -8.702553e+00 0.000000e+00
      vertex   3.503191e+01 -9.135450e+00 0.000000e+00
      vertex   3.563545e+01 -8.531914e+00 0.000000e+00
    endloop
  endfacet
  facet normal 0.000000e+00 0.000000e+00 -1.000000e+00
    outer loop
      vertex   3.581816e+01 -8.702553e+00 0.000000e+00
      vertex   3.563545e+01 -8.531914e+00 0.000000e+00
      vertex   3.639032e+01 -8.046371e+00 0.000000e+00
    endloop
  endfacet
  facet normal -0.000000e+00 0.000000e+00 -1.000000e+00
    outer loop
      vertex   3.639032e+01 -8.046371e+00 0.000000e+00
      vertex   3.563545e+01 -8.531914e+00 0.000000e+00
      vertex   3.619639e+01 -7.888599e+00 0.000000e+00
    endloop
  endfacet
  facet normal 0.000000e+00 0.000000e+00 -1.000000e+00
    outer loop
      vertex   3.639032e+01 -8.046371e+00 0.000000e+00
      vertex   3.619639e+01 -7.888599e+00 0.000000e+00
      vertex   3.691637e+01 -7.352674e+00 0.000000e+00
    endloop
  endfacet
  facet normal -0.000000e+00 0.000000e+00 -1.000000e+00
    outer loop
      vertex   3.691637e+01 -7.352674e+00 0.000000e+00
      vertex   3.619639e+01 -7.888599e+00 0.000000e+00
      vertex   3.671212e+01 -7.208504e+00 0.000000e+00
    endloop
  endfacet
  facet normal 0.000000e+00 0.000000e+00 -1.000000e+00
    outer loop
      vertex   3.691637e+01 -7.352674e+00 0.000000e+00
      vertex   3.671212e+01 -7.208504e+00 0.000000e+00
      vertex   3.739385e+01 -6.624695e+00 0.000000e+00
    endloop
  endfacet
  facet normal -0.000000e+00 0.000000e+00 -1.000000e+00
    outer loop
      vertex   3.739385e+01 -6.624695e+00 0.000000e+00
      vertex   3.671212e+01 -7.208504e+00 0.000000e+00
      vertex   3.718024e+01 -6.494799e+00 0.000000e+00
    endloop
  endfacet
  facet normal 0.000000e+00 0.000000e+00 -1.000000e+00
    outer loop
      vertex   3.739385e+01 -6.624695e+00 0.000000e+00
      vertex   3.718024e+01 -6.494799e+00 0.000000e+00
      vertex   3.782054e+01 -5.865829e+00 0.000000e+00
    endloop
  endfacet
  facet normal -0.000000e+00 0.000000e+00 -1.000000e+00
    outer loop
      vertex   3.782054e+01 -5.865829e+00 0.000000e+00
      vertex   3.718024e+01 -6.494799e+00 0.000000e+00
      vertex   3.759857e+01 -5.750813e+00 0.000000e+00
    endloop
  endfacet
  facet normal 0.000000e+00 0.000000e+00 -1.000000e+00
    outer loop
      vertex   3.782054e+01 -5.865829e+00 0.000000e+00
      vertex   3.759857e+01 -5.750813e+00 0.000000e+00
      vertex   3.819444e+01 -5.079614e+00 0.000000e+00
    endloop
  endfacet
  facet normal -0.000000e+00 0.000000e+00 -1.000000e+00
    outer loop
      vertex   3.819444e+01 -5.079614e+00 0.000000e+00
      vertex   3.759857e+01 -5.750813e+00 0.000000e+00
      vertex   3.796514e+01 -4.980014e+00 0.000000e+00
    endloop
  endfacet
  facet normal 0.000000e+00 0.000000e+00 -1.000000e+00
    outer loop
      vertex   3.819444e+01 -5.079614e+00 0.000000e+00
      vertex   3.796514e+01 -4.980014e+00 0.000000e+00
      vertex   3.851383e+01 -4.269715e+00 0.000000e+00
    endloop
  endfacet
  facet normal -0.000000e+00 0.000000e+00 -1.000000e+00
    outer loop
      vertex   3.851383e+01 -4.269715e+00 0.000000e+00
      vertex   3.796514e+01 -4.980014e+00 0.000000e+00
      vertex   3.827826e+01 -4.185995e+00 0.000000e+00
    endloop
  endfacet
  facet normal 0.000000e+00 0.000000e+00 -1.000000e+00
    outer loop
      vertex   3.851383e+01 -4.269715e+00 0.000000e+00
      vertex   3.827826e+01 -4.185995e+00 0.000000e+00
      vertex   3.877720e+01 -3.439909e+00 0.000000e+00
    endloop
  endfacet
  facet normal -0.000000e+00 0.000000e+00 -1.000000e+00
    outer loop
      vertex   3.877720e+01 -3.439909e+00 0.000000e+00
      vertex   3.827826e+01 -4.185995e+00 0.000000e+00
      vertex   3.853647e+01 -3.372460e+00 0.000000e+00
    endloop
  endfacet
  facet normal 0.000000e+00 0.000000e+00 -1.000000e+00
    outer loop
      vertex   3.877720e+01 -3.439909e+00 0.000000e+00
      vertex   3.853647e+01 -3.372460e+00 0.000000e+00
      vertex   3.898332e+01 -2.594064e+00 0.000000e+00
    endloop
  endfacet
  facet normal -0.000000e+00 0.000000e+00 -1.000000e+00
    outer loop
      vertex   3.898332e+01 -2.594064e+00 0.000000e+00
      vertex   3.853647e+01 -3.372460e+00 0.000000e+00
      vertex   3.873855e+01 -2.543200e+00 0.000000e+00
    endloop
  endfacet
  facet normal 0.000000e+00 0.000000e+00 -1.000000e+00
    outer loop
      vertex   3.898332e+01 -2.594064e+00 0.000000e+00
      vertex   3.873855e+01 -2.543200e+00 0.000000e+00
      vertex   3.913125e+01 -1.736125e+00 0.000000e+00
    endloop
  endfacet
  facet normal -0.000000e+00 0.000000e+00 -1.000000e+00
    outer loop
      vertex   3.913125e+01 -1.736125e+00 0.000000e+00
      vertex   3.873855e+01 -2.543200e+00 0.000000e+00
      vertex   3.888357e+01 -1.702083e+00 0.000000e+00
    endloop
  endfacet
  facet normal 0.000000e+00 0.000000e+00 -1.000000e+00
    outer loop
      vertex   3.913125e+01 -1.736125e+00 0.000000e+00
      vertex   3.888357e+01 -1.702083e+00 0.000000e+00
      vertex   3.922028e+01 -8.700908e-01 0.000000e+00
    endloop
  endfacet
  facet normal -0.000000e+00 0.000000e+00 -1.000000e+00
    outer loop
      vertex   3.922028e+01 -8.700908e-01 0.000000e+00
      vertex   3.888357e+01 -1.702083e+00 0.000000e+00
      vertex   3.897086e+01 -8.530302e-01 0.000000e+00
    endloop
  endfacet
  facet normal 0.000000e+00 0.000000e+00 -1.000000e+00
    outer loop
      vertex   3.922028e+01 -8.700908e-01 0.000000e+00
      vertex   3.897086e+01 -8.530302e-01 0.000000e+00
      vertex   3.925000e+01 0.000000e+00 0.000000e+00
    endloop
  endfacet
  facet normal -0.000000e+00 0.000000e+00 -1.000000e+00
    outer loop
      vertex   3.925000e+01 0.000000e+00 0.000000e+00
      vertex   3.897086e+01 -8.530302e-01 0.000000e+00
      vertex   3.900000e+01 0.000000e+00 0.000000e+00
    endloop
  endfacet
  facet normal 0.000000e+00 0.000000e+00 -1.000000e+00
    outer loop
      vertex   3.925000e+01 0.000000e+00 0.000000e+00
      vertex   3.900000e+01 0.000000e+00 0.000000e+00
      vertex   3.922028e+01 8.700908e-01 0.000000e+00
    endloop
  endfacet
  facet normal 0.000000e+00 0.000000e+00 -1.000000e+00
    outer loop
      vertex   3.922028e+01 8.700908e-01 0.000000e+00
      vertex   3.900000e+01 0.000000e+00 0.000000e+00
      vertex   3.897086e+01 8.530302e-01 0.000000e+00
    endloop
  endfacet
  facet normal -0.000000e+00 0.000000e+00 -1.000000e+00
    outer loop
      vertex   3.922028e+01 8.700908e-01 0.000000e+00
      vertex   3.897086e+01 8.530302e-01 0.000000e+00
      vertex   3.888357e+01 1.702083e+00 0.000000e+00
    endloop
  endfacet
  facet normal 0.000000e+00 0.000000e+00 -1.000000e+00
    outer loop
      vertex   3.922028e+01 8.700908e-01 0.000000e+00
      vertex   3.888357e+01 1.702083e+00 0.000000e+00
      vertex   3.913125e+01 1.736125e+00 0.000000e+00
    endloop
  endfacet
  facet normal -0.000000e+00 0.000000e+00 -1.000000e+00
    outer loop
      vertex   3.913125e+01 1.736125e+00 0.000000e+00
      vertex   3.888357e+01 1.702083e+00 0.000000e+00
      vertex   3.873855e+01 2.543200e+00 0.000000e+00
    endloop
  endfacet
  facet normal 0.000000e+00 0.000000e+00 -1.000000e+00
    outer loop
      vertex   3.913125e+01 1.736125e+00 0.000000e+00
      vertex   3.873855e+01 2.543200e+00 0.000000e+00
      vertex   3.898332e+01 2.594064e+00 0.000000e+00
    endloop
  endfacet
  facet normal -0.000000e+00 0.000000e+00 -1.000000e+00
    outer loop
      vertex   3.898332e+01 2.594064e+00 0.000000e+00
      vertex   3.873855e+01 2.543200e+00 0.000000e+00
      vertex   3.853647e+01 3.372460e+00 0.000000e+00
    endloop
  endfacet
  facet normal 0.000000e+00 0.000000e+00 -1.000000e+00
    outer loop
      vertex   3.898332e+01 2.594064e+00 0.000000e+00
      vertex   3.853647e+01 3.372460e+00 0.000000e+00
      vertex   3.877720e+01 3.439909e+00 0.000000e+00
    endloop
  endfacet
  facet normal -0.000000e+00 0.000000e+00 -1.000000e+00
    outer loop
      vertex   3.877720e+01 3.439909e+00 0.000000e+00
      vertex   3.853647e+01 3.372460e+00 0.000000e+00
      vertex   3.827826e+01 4.185995e+00 0.000000e+00
    endloop
  endfacet
  facet normal 0.000000e+00 0.000000e+00 -1.000000e+00
    outer loop
      vertex   3.877720e+01 3.439909e+00 0.000000e+00
      vertex   3.827826e+01 4.185995e+00 0.000000e+00
      vertex   3.851383e+01 4.269715e+00 0.000000e+00
    endloop
  endfacet
  facet normal -0.000000e+00 0.000000e+00 -1.000000e+00
    outer loop
      vertex   3.851383e+01 4.269715e+00 0.000000e+00
      vertex   3.827826e+01 4.185995e+00 0.000000e+00
      vertex   3.796514e+01 4.980014e+00 0.000000e+00
    endloop
  endfacet
  facet normal 0.000000e+00 0.000000e+00 -1.000000e+00
    outer loop
      vertex   3.851383e+01 4.269715e+00 0.000000e+00
      vertex   3.796514e+01 4.980014e+00 0.000000e+00
      vertex   3.819444e+01 5.079614e+00 0.000000e+00
    endloop
  endfacet
  facet normal -0.000000e+00 0.000000e+00 -1.000000e+00
    outer loop
      vertex   3.819444e+01 5.079614e+00 0.000000e+00
      vertex   3.796514e+01 4.980014e+00 0.000000e+00
      vertex   3.759857e+01 5.750813e+00 0.000000e+00
    endloop
  endfacet
  facet normal 0.000000e+00 0.000000e+00 -1.000000e+00
    outer loop
      vertex   3.819444e+01 5.079614e+00 0.000000e+00
      vertex   3.759857e+01 5.750813e+00 0.000000e+00
      vertex   3.782054e+01 5.865829e+00 0.000000e+00
    endloop
  endfacet
  facet normal -0.000000e+00 0.000000e+00 -1.000000e+00
    outer loop
      vertex   3.782054e+01 5.865829e+00 0.000000e+00
      vertex   3.759857e+01 5.750813e+00 0.000000e+00
      vertex   3.718024e+01 6.494799e+00 0.000000e+00
    endloop
  endfacet
  facet normal 0.000000e+00 0.000000e+00 -1.000000e+00
    outer loop
      vertex   3.782054e+01 5.865829e+00 0.000000e+00
      vertex   3.718024e+01 6.494799e+00 0.000000e+00
      vertex   3.739385e+01 6.624695e+00 0.000000e+00
    endloop
  endfacet
  facet normal -0.000000e+00 0.000000e+00 -1.000000e+00
    outer loop
      vertex   3.739385e+01 6.624695e+00 0.000000e+00
      vertex   3.718024e+01 6.494799e+00 0.000000e+00
      vertex   3.671212e+01 7.208504e+00 0.000000e+00
    endloop
  endfacet
  facet normal 0.000000e+00 0.000000e+00 -1.000000e+00
    outer loop
      vertex   3.739385e+01 6.624695e+00 0.000000e+00
      vertex   3.671212e+01 7.208504e+00 0.000000e+00
      vertex   3.691637e+01 7.352674e+00 0.000000e+00
    endloop
  endfacet
  facet normal -0.000000e+00 0.000000e+00 -1.000000e+00
    outer loop
      vertex   3.691637e+01 7.352674e+00 0.000000e+00
      vertex   3.671212e+01 7.208504e+00 0.000000e+00
      vertex   3.619639e+01 7.888599e+00 0.000000e+00
    endloop
  endfacet
  facet normal 0.000000e+00 0.000000e+00 -1.000000e+00
    outer loop
      vertex   3.691637e+01 7.352674e+00 0.000000e+00
      vertex   3.619639e+01 7.888599e+00 0.000000e+00
      vertex   3.639032e+01 8.046371e+00 0.000000e+00
    endloop
  endfacet
  facet normal -0.000000e+00 0.000000e+00 -1.000000e+00
    outer loop
      vertex   3.639032e+01 8.046371e+00 0.000000e+00
      vertex   3.619639e+01 7.888599e+00 0.000000e+00
      vertex   3.563545e+01 8.531914e+00 0.000000e+00
    endloop
  endfacet
  facet normal 0.000000e+00 0.000000e+00 -1.000000e+00
    outer loop
      vertex   3.639032e+01 8.046371e+00 0.000000e+00
      vertex   3.563545e+01 8.531914e+00 0.000000e+00
      vertex   3.581816e+01 8.702553e+00 0.000000e+00
    endloop
  endfacet
  facet normal -0.000000e+00 0.000000e+00 -1.000000e+00
    outer loop
      vertex   3.581816e+01 8.702553e+00 0.000000e+00
      vertex   3.563545e+01 8.531914e+00 0.000000e+00
      vertex   3.503191e+01 9.135450e+00 0.000000e+00
    endloop
  endfacet
  facet normal 0.000000e+00 0.000000e+00 -1.000000e+00
    outer loop
      vertex   3.581816e+01 8.702553e+00 0.000000e+00
      vertex   3.503191e+01 9.135450e+00 0.000000e+00
      vertex   3.520255e+01 9.318159e+00 0.000000e+00
    endloop
  endfacet
  facet normal -0.000000e+00 0.000000e+00 -1.000000e+00
    outer loop
      vertex   3.520255e+01 9.318159e+00 0.000000e+00
      vertex   3.503191e+01 9.135450e+00 0.000000e+00
      vertex   3.438860e+01 9.696391e+00 0.000000e+00
    endloop
  endfacet
  facet normal 0.000000e+00 0.000000e+00 -1.000000e+00
    outer loop
      vertex   3.520255e+01 9.318159e+00 0.000000e+00
      vertex   3.438860e+01 9.696391e+00 0.000000e+00
      vertex   3.454637e+01 9.890319e+00 0.000000e+00
    endloop
  endfacet
  facet normal -0.000000e+00 0.000000e+00 -1.000000e+00
    outer loop
      vertex   3.454637e+01 9.890319e+00 0.000000e+00
      vertex   3.438860e+01 9.696391e+00 0.000000e+00
      vertex   3.370850e+01 1.021212e+01 0.000000e+00
    endloop
  endfacet
  facet normal 0.000000e+00 0.000000e+00 -1.000000e+00
    outer loop
      vertex   3.454637e+01 9.890319e+00 0.000000e+00
      vertex   3.370850e+01 1.021212e+01 0.000000e+00
      vertex   3.385267e+01 1.041637e+01 0.000000e+00
    endloop
  endfacet
  facet normal -0.000000e+00 0.000000e+00 -1.000000e+00
    outer loop
      vertex   3.385267e+01 1.041637e+01 0.000000e+00
      vertex   3.370850e+01 1.021212e+01 0.000000e+00
      vertex   3.299480e+01 1.068024e+01 0.000000e+00
    endloop
  endfacet
  facet normal 0.000000e+00 0.000000e+00 -1.000000e+00
    outer loop
      vertex   3.385267e+01 1.041637e+01 0.000000e+00
      vertex   3.299480e+01 1.068024e+01 0.000000e+00
      vertex   3.312470e+01 1.089385e+01 0.000000e+00
    endloop
  endfacet
  facet normal -0.000000e+00 0.000000e+00 -1.000000e+00
    outer loop
      vertex   3.312470e+01 1.089385e+01 0.000000e+00
      vertex   3.299480e+01 1.068024e+01 0.000000e+00
      vertex   3.225081e+01 1.109857e+01 0.000000e+00
    endloop
  endfacet
  facet normal 0.000000e+00 0.000000e+00 -1.000000e+00
    outer loop
      vertex   3.312470e+01 1.089385e+01 0.000000e+00
      vertex   3.225081e+01 1.109857e+01 0.000000e+00
      vertex   3.236583e+01 1.132054e+01 0.000000e+00
    endloop
  endfacet
  facet normal -0.000000e+00 0.000000e+00 -1.000000e+00
    outer loop
      vertex   3.236583e+01 1.132054e+01 0.000000e+00
      vertex   3.225081e+01 1.109857e+01 0.000000e+00
      vertex   3.148001e+01 1.146514e+01 0.000000e+00
    endloop
  endfacet
  facet normal 0.000000e+00 0.000000e+00 -1.000000e+00
    outer loop
      vertex   3.236583e+01 1.132054e+01 0.000000e+00
      vertex   3.148001e+01 1.146514e+01 0.000000e+00
      vertex   3.157961e+01 1.169444e+01 0.000000e+00
    endloop
  endfacet
  facet normal -0.000000e+00 0.000000e+00 -1.000000e+00
    outer loop
      vertex   3.157961e+01 1.169444e+01 0.000000e+00
      vertex   3.148001e+01 1.146514e+01 0.000000e+00
      vertex   3.068600e+01 1.177826e+01 0.000000e+00
    endloop
  endfacet
  facet normal 0.000000e+00 0.000000e+00 -1.000000e+00
    outer loop
      vertex   3.157961e+01 1.169444e+01 0.000000e+00
      vertex   3.068600e+01 1.177826e+01 0.000000e+00
      vertex   3.076972e+01 1.201383e+01 0.000000e+00
    endloop
  endfacet
  facet normal -0.000000e+00 0.000000e+00 -1.000000e+00
    outer loop
      vertex   3.076972e+01 1.201383e+01 0.000000e+00
      vertex   3.068600e+01 1.177826e+01 0.000000e+00
      vertex   2.987246e+01 1.203647e+01 0.000000e+00
    endloop
  endfacet
  facet normal 0.000000e+00 0.000000e+00 -1.000000e+00
    outer loop
      vertex   3.076972e+01 1.201383e+01 0.000000e+00
      vertex   2.987246e+01 1.203647e+01 0.000000e+00
      vertex   2.993991e+01 1.227720e+01 0.000000e+00
    endloop
  endfacet
  facet normal 0.000000e+00 0.000000e+00 -1.000000e+00
    outer loop
      vertex   2.993991e+01 1.227720e+01 0.000000e+00
      vertex   2.987246e+01 1.203647e+01 0.000000e+00
      vertex   2.904320e+01 1.223855e+01 0.000000e+00
    endloop
  endfacet
  facet normal -0.000000e+00 0.000000e+00 -1.000000e+00
    outer loop
      vertex   2.993991e+01 1.227720e+01 0.000000e+00
      vertex   2.904320e+01 1.223855e+01 0.000000e+00
      vertex   2.909406e+01 1.248332e+01 0.000000e+00
    endloop
  endfacet
  facet normal 0.000000e+00 0.000000e+00 -1.000000e+00
    outer loop
      vertex   2.909406e+01 1.248332e+01 0.000000e+00
      vertex   2.904320e+01 1.223855e+01 0.000000e+00
      vertex   2.820208e+01 1.238357e+01 0.000000e+00
    endloop
  endfacet
  facet normal -0.000000e+00 0.000000e+00 -1.000000e+00
    outer loop
      vertex   2.909406e+01 1.248332e+01 0.000000e+00
      vertex   2.820208e+01 1.238357e+01 0.000000e+00
      vertex   2.823612e+01 1.263125e+01 0.000000e+00
    endloop
  endfacet
  facet normal 0.000000e+00 0.000000e+00 -1.000000e+00
    outer loop
      vertex   2.823612e+01 1.263125e+01 0.000000e+00
      vertex   2.820208e+01 1.238357e+01 0.000000e+00
      vertex   2.735303e+01 1.247086e+01 0.000000e+00
    endloop
  endfacet
  facet normal -0.000000e+00 0.000000e+00 -1.000000e+00
    outer loop
      vertex   2.823612e+01 1.263125e+01 0.000000e+00
      vertex   2.735303e+01 1.247086e+01 0.000000e+00
      vertex   2.737009e+01 1.272028e+01 0.000000e+00
    endloop
  endfacet
  facet normal 0.000000e+00 0.000000e+00 -1.000000e+00
    outer loop
      vertex   2.737009e+01 1.272028e+01 0.000000e+00
      vertex   2.735303e+01 1.247086e+01 0.000000e+00
      vertex   2.650000e+01 1.250000e+01 0.000000e+00
    endloop
  endfacet
  facet normal -0.000000e+00 0.000000e+00 -1.000000e+00
    outer loop
      vertex   2.737009e+01 1.272028e+01 0.000000e+00
      vertex   2.650000e+01 1.250000e+01 0.000000e+00
      vertex   2.650000e+01 1.275000e+01 0.000000e+00
    endloop
  endfacet
  facet normal 0.000000e+00 -0.000000e+00 -1.000000e+00
    outer loop
      vertex   2.650000e+01 1.275000e+01 0.000000e+00
      vertex   2.650000e+01 1.250000e+01 0.000000e+00
      vertex   2.562991e+01 1.272028e+01 0.000000e+00
    endloop
  endfacet
  facet normal 0.000000e+00 0.000000e+00 -1.000000e+00
    outer loop
      vertex   2.562991e+01 1.272028e+01 0.000000e+00
      vertex   2.650000e+01 1.250000e+01 0.000000e+00
      vertex   2.564697e+01 1.247086e+01 0.000000e+00
    endloop
  endfacet
  facet normal 0.000000e+00 -0.000000e+00 -1.000000e+00
    outer loop
      vertex   2.562991e+01 1.272028e+01 0.000000e+00
      vertex   2.564697e+01 1.247086e+01 0.000000e+00
      vertex   2.476388e+01 1.263125e+01 0.000000e+00
    endloop
  endfacet
  facet normal 0.000000e+00 0.000000e+00 -1.000000e+00
    outer loop
      vertex   2.476388e+01 1.263125e+01 0.000000e+00
      vertex   2.564697e+01 1.247086e+01 0.000000e+00
      vertex   2.479792e+01 1.238357e+01 0.000000e+00
    endloop
  endfacet
  facet normal 0.000000e+00 -0.000000e+00 -1.000000e+00
    outer loop
      vertex   2.476388e+01 1.263125e+01 0.000000e+00
      vertex   2.479792e+01 1.238357e+01 0.000000e+00
      vertex   2.390594e+01 1.248332e+01 0.000000e+00
    endloop
  endfacet
  facet normal 0.000000e+00 0.000000e+00 -1.000000e+00
    outer loop
      vertex   2.390594e+01 1.248332e+01 0.000000e+00
      vertex   2.479792e+01 1.238357e+01 0.000000e+00
      vertex   2.395680e+01 1.223855e+01 0.000000e+00
    endloop
  endfacet
  facet normal 0.000000e+00 -0.000000e+00 -1.000000e+00
    outer loop
      vertex   2.390594e+01 1.248332e+01 0.000000e+00
      vertex   2.395680e+01 1.223855e+01 0.000000e+00
      vertex   2.306009e+01 1.227720e+01 0.000000e+00
    endloop
  endfacet
  facet normal 0.000000e+00 0.000000e+00 -1.000000e+00
    outer loop
      vertex   2.306009e+01 1.227720e+01 0.000000e+00
      vertex   2.395680e+01 1.223855e+01 0.000000e+00
      vertex   2.312754e+01 1.203647e+01 0.000000e+00
    endloop
  endfacet
  facet normal 0.000000e+00 -0.000000e+00 -1.000000e+00
    outer loop
      vertex   2.306009e+01 1.227720e+01 0.000000e+00
      vertex   2.312754e+01 1.203647e+01 0.000000e+00
      vertex   2.223028e+01 1.201383e+01 0.000000e+00
    endloop
  endfacet
  facet normal 0.000000e+00 0.000000e+00 -1.000000e+00
    outer loop
      vertex   2.223028e+01 1.201383e+01 0.000000e+00
      vertex   2.312754e+01 1.203647e+01 0.000000e+00
      vertex   2.231400e+01 1.177826e+01 0.000000e+00
    endloop
  endfacet
  facet normal 0.000000e+00 -0.000000e+00 -1.000000e+00
    outer loop
      vertex   2.223028e+01 1.201383e+01 0.000000e+00
      vertex   2.231400e+01 1.177826e+01 0.000000e+00
      vertex   2.142039e+01 1.169444e+01 0.000000e+00
    endloop
  endfacet
  facet normal 0.000000e+00 0.000000e+00 -1.000000e+00
    outer loop
      vertex   2.142039e+01 1.169444e+01 0.000000e+00
      vertex   2.231400e+01 1.177826e+01 0.000000e+00
      vertex   2.151999e+01 1.146514e+01 0.000000e+00
    endloop
  endfacet
  facet normal 0.000000e+00 -0.000000e+00 -1.000000e+00
    outer loop
      vertex   2.142039e+01 1.169444e+01 0.000000e+00
      vertex   2.151999e+01 1.146514e+01 0.000000e+00
      vertex   2.063417e+01 1.132054e+01 0.000000e+00
    endloop
  endfacet
  facet normal 0.000000e+00 0.000000e+00 -1.000000e+00
    outer loop
      vertex   2.063417e+01 1.132054e+01 0.000000e+00
      vertex   2.151999e+01 1.146514e+01 0.000000e+00
      vertex   2.074919e+01 1.109857e+01 0.000000e+00
    endloop
  endfacet
  facet normal 0.000000e+00 -0.000000e+00 -1.000000e+00
    outer loop
      vertex   2.063417e+01 1.132054e+01 0.000000e+00
      vertex   2.074919e+01 1.109857e+01 0.000000e+00
      vertex   1.987530e+01 1.089385e+01 0.000000e+00
    endloop
  endfacet
  facet normal 0.000000e+00 0.000000e+00 -1.000000e+00
    outer loop
      vertex   1.987530e+01 1.089385e+01 0.000000e+00
      vertex   2.074919e+01 1.109857e+01 0.000000e+00
      vertex   2.000520e+01 1.068024e+01 0.000000e+00
    endloop
  endfacet
  facet normal 0.000000e+00 -0.000000e+00 -1.000000e+00
    outer loop
      vertex   1.987530e+01 1.089385e+01 0.000000e+00
      vertex   2.000520e+01 1.068024e+01 0.000000e+00
      vertex   1.914733e+01 1.041637e+01 0.000000e+00
    endloop
  endfacet
  facet normal 0.000000e+00 0.000000e+00 -1.000000e+00
    outer loop
      vertex   1.914733e+01 1.041637e+01 0.000000e+00
      vertex   2.000520e+01 1.068024e+01 0.000000e+00
      vertex   1.929150e+01 1.021212e+01 0.000000e+00
    endloop
  endfacet
  facet normal 0.000000e+00 -0.000000e+00 -1.000000e+00
    outer loop
      vertex   1.914733e+01 1.041637e+01 0.000000e+00
      vertex   1.929150e+01 1.021212e+01 0.000000e+00
      vertex   1.845363e+01 9.890319e+00 0.000000e+00
    endloop
  endfacet
  facet normal 0.000000e+00 0.000000e+00 -1.000000e+00
    outer loop
      vertex   1.845363e+01 9.890319e+00 0.000000e+00
      vertex   1.929150e+01 1.021212e+01 0.000000e+00
      vertex   1.861140e+01 9.696391e+00 0.000000e+00
    endloop
  endfacet
  facet normal 0.000000e+00 -0.000000e+00 -1.000000e+00
    outer loop
      vertex   1.845363e+01 9.890319e+00 0.000000e+00
      vertex   1.861140e+01 9.696391e+00 0.000000e+00
      vertex   1.779745e+01 9.318159e+00 0.000000e+00
    endloop
  endfacet
  facet normal 0.000000e+00 0.000000e+00 -1.000000e+00
    outer loop
      vertex   1.779745e+01 9.318159e+00 0.000000e+00
      vertex   1.861140e+01 9.696391e+00 0.000000e+00
      vertex   1.796809e+01 9.135450e+00 0.000000e+00
    endloop
  endfacet
  facet normal 0.000000e+00 -0.000000e+00 -1.000000e+00
    outer loop
      vertex   1.779745e+01 9.318159e+00 0.000000e+00
      vertex   1.796809e+01 9.135450e+00 0.000000e+00
      vertex   1.718184e+01 8.702553e+00 0.000000e+00
    endloop
  endfacet
  facet normal 0.000000e+00 0.000000e+00 -1.000000e+00
    outer loop
      vertex   1.718184e+01 8.702553e+00 0.000000e+00
      vertex   1.796809e+01 9.135450e+00 0.000000e+00
      vertex   1.736455e+01 8.531914e+00 0.000000e+00
    endloop
  endfacet
  facet normal 0.000000e+00 -0.000000e+00 -1.000000e+00
    outer loop
      vertex   1.718184e+01 8.702553e+00 0.000000e+00
      vertex   1.736455e+01 8.531914e+00 0.000000e+00
      vertex   1.660968e+01 8.046371e+00 0.000000e+00
    endloop
  endfacet
  facet normal 0.000000e+00 0.000000e+00 -1.000000e+00
    outer loop
      vertex   1.660968e+01 8.046371e+00 0.000000e+00
      vertex   1.736455e+01 8.531914e+00 0.000000e+00
      vertex   1.680361e+01 7.888599e+00 0.000000e+00
    endloop
  endfacet
  facet normal 0.000000e+00 -0.000000e+00 -1.000000e+00
    outer loop
      vertex   1.660968e+01 8.046371e+00 0.000000e+00
      vertex   1.680361e+01 7.888599e+00 0.000000e+00
      vertex   1.608363e+01 7.352674e+00 0.000000e+00
    endloop
  endfacet
  facet normal 0.000000e+00 0.000000e+00 -1.000000e+00
    outer loop
      vertex   1.608363e+01 7.352674e+00 0.000000e+00
      vertex   1.680361e+01 7.888599e+00 0.000000e+00
      vertex   1.628788e+01 7.208504e+00 0.000000e+00
    endloop
  endfacet
  facet normal 0.000000e+00 -0.000000e+00 -1.000000e+00
    outer loop
      vertex   1.608363e+01 7.352674e+00 0.000000e+00
      vertex   1.628788e+01 7.208504e+00 0.000000e+00
      vertex   1.560615e+01 6.624695e+00 0.000000e+00
    endloop
  endfacet
  facet normal 0.000000e+00 0.000000e+00 -1.000000e+00
    outer loop
      vertex   1.560615e+01 6.624695e+00 0.000000e+00
      vertex   1.628788e+01 7.208504e+00 0.000000e+00
      vertex   1.581976e+01 6.494799e+00 0.000000e+00
    endloop
  endfacet
  facet normal 0.000000e+00 -0.000000e+00 -1.000000e+00
    outer loop
      vertex   1.560615e+01 6.624695e+00 0.000000e+00
      vertex   1.581976e+01 6.494799e+00 0.000000e+00
      vertex   1.517946e+01 5.865829e+00 0.000000e+00
    endloop
  endfacet
  facet normal 0.000000e+00 0.000000e+00 -1.000000e+00
    outer loop
      vertex   1.517946e+01 5.865829e+00 0.000000e+00
      vertex   1.581976e+01 6.494799e+00 0.000000e+00
      vertex   1.540143e+01 5.750813e+00 0.000000e+00
    endloop
  endfacet
  facet normal 0.000000e+00 -0.000000e+00 -1.000000e+00
    outer loop
      vertex   1.517946e+01 5.865829e+00 0.000000e+00
      vertex   1.540143e+01 5.750813e+00 0.000000e+00
      vertex   1.480556e+01 5.079614e+00 0.000000e+00
    endloop
  endfacet
  facet normal 0.000000e+00 0.000000e+00 -1.000000e+00
    outer loop
      vertex   1.480556e+01 5.079614e+00 0.000000e+00
      vertex   1.540143e+01 5.750813e+00 0.000000e+00
      vertex   1.503486e+01 4.980014e+00 0.000000e+00
    endloop
  endfacet
  facet normal 0.000000e+00 -0.000000e+00 -1.000000e+00
    outer loop
      vertex   1.480556e+01 5.079614e+00 0.000000e+00
      vertex   1.503486e+01 4.980014e+00 0.000000e+00
      vertex   1.448617e+01 4.269715e+00 0.000000e+00
    endloop
  endfacet
  facet normal 0.000000e+00 0.000000e+00 -1.000000e+00
    outer loop
      vertex   1.448617e+01 4.269715e+00 0.000000e+00
      vertex   1.503486e+01 4.980014e+00 0.000000e+00
      vertex   1.472174e+01 4.185995e+00 0.000000e+00
    endloop
  endfacet
  facet normal 0.000000e+00 -0.000000e+00 -1.000000e+00
    outer loop
      vertex   1.448617e+01 4.269715e+00 0.000000e+00
      vertex   1.472174e+01 4.185995e+00 0.000000e+00
      vertex   1.422280e+01 3.439909e+00 0.000000e+00
    endloop
  endfacet
  facet normal 0.000000e+00 0.000000e+00 -1.000000e+00
    outer loop
      vertex   1.422280e+01 3.439909e+00 0.000000e+00
      vertex   1.472174e+01 4.185995e+00 0.000000e+00
      vertex   1.446353e+01 3.372460e+00 0.000000e+00
    endloop
  endfacet
  facet normal 0.000000e+00 -0.000000e+00 -1.000000e+00
    outer loop
      vertex   1.422280e+01 3.439909e+00 0.000000e+00
      vertex   1.446353e+01 3.372460e+00 0.000000e+00
      vertex   1.401668e+01 2.594064e+00 0.000000e+00
    endloop
  endfacet
  facet normal 0.000000e+00 0.000000e+00 -1.000000e+00
    outer loop
      vertex   1.401668e+01 2.594064e+00 0.000000e+00
      vertex   1.446353e+01 3.372460e+00 0.000000e+00
      vertex   1.426145e+01 2.543200e+00 0.000000e+00
    endloop
  endfacet
  facet normal 0.000000e+00 -0.000000e+00 -1.000000e+00
    outer loop
      vertex   1.401668e+01 2.594064e+00 0.000000e+00
      vertex   1.426145e+01 2.543200e+00 0.000000e+00
      vertex   1.386875e+01 1.736125e+00 0.000000e+00
    endloop
  endfacet
  facet normal 0.000000e+00 0.000000e+00 -1.000000e+00
    outer loop
      vertex   1.386875e+01 1.736125e+00 0.000000e+00
      vertex   1.426145e+01 2.543200e+00 0.000000e+00
      vertex   1.411643e+01 1.702083e+00 0.000000e+00
    endloop
  endfacet
  facet normal 0.000000e+00 -0.000000e+00 -1.000000e+00
    outer loop
      vertex   1.386875e+01 1.736125e+00 0.000000e+00
      vertex   1.411643e+01 1.702083e+00 0.000000e+00
      vertex   1.377972e+01 8.700908e-01 0.000000e+00
    endloop
  endfacet
  facet normal 0.000000e+00 0.000000e+00 -1.000000e+00
    outer loop
      vertex   1.377972e+01 8.700908e-01 0.000000e+00
      vertex   1.411643e+01 1.702083e+00 0.000000e+00
      vertex   1.402914e+01 8.530302e-01 0.000000e+00
    endloop
  endfacet
  facet normal 0.000000e+00 -0.000000e+00 -1.000000e+00
    outer loop
      vertex   1.377972e+01 8.700908e-01 0.000000e+00
      vertex   1.402914e+01 8.530302e-01 0.000000e+00
      vertex   1.375000e+01 1.561425e-15 0.000000e+00
    endloop
  endfacet
  facet normal 9.994170e-01 3.414111e-02 0.000000e+00
    outer loop
      vertex   -3.922028e+01 -8.700908e-01 0.000000e+00
      vertex   -3.922028e+01 -8.700908e-01 -3.000000e+00
      vertex   -3.925000e+01 1.561425e-15 0.000000e+00
    endloop
  endfacet
  facet normal 9.994170e-01 3.414111e-02 0.000000e+00
    outer loop
      vertex   -3.925000e+01 1.561425e-15 0.000000e+00
      vertex   -3.922028e+01 -8.700908e-01 -3.000000e+00
      vertex   -3.925000e+01 1.561425e-15 -3.000000e+00
    endloop
  endfacet
  facet normal 9.994170e-01 -3.414111e-02 0.000000e+00
    outer loop
      vertex   -3.925000e+01 1.561425e-15 0.000000e+00
      vertex   -3.925000e+01 1.561425e-15 -3.000000e+00
      vertex   -3.922028e+01 8.700908e-01 0.000000e+00
    endloop
  endfacet
  facet normal 9.994170e-01 -3.414111e-02 0.000000e+00
    outer loop
      vertex   -3.922028e+01 8.700908e-01 0.000000e+00
      vertex   -3.925000e+01 1.561425e-15 -3.000000e+00
      vertex   -3.922028e+01 8.700908e-01 -3.000000e+00
    endloop
  endfacet
  facet normal 9.947573e-01 -1.022641e-01 0.000000e+00
    outer loop
      vertex   -3.922028e+01 8.700908e-01 0.000000e+00
      vertex   -3.922028e+01 8.700908e-01 -3.000000e+00
      vertex   -3.913125e+01 1.736125e+00 0.000000e+00
    endloop
  endfacet
  facet normal 9.947573e-01 -1.022641e-01 0.000000e+00
    outer loop
      vertex   -3.913125e+01 1.736125e+00 0.000000e+00
      vertex   -3.922028e+01 8.700908e-01 -3.000000e+00
      vertex   -3.913125e+01 1.736125e+00 -3.000000e+00
    endloop
  endfacet
  facet normal 9.854595e-01 -1.699104e-01 0.000000e+00
    outer loop
      vertex   -3.913125e+01 1.736125e+00 0.000000e+00
      vertex   -3.913125e+01 1.736125e+00 -3.000000e+00
      vertex   -3.898332e+01 2.594064e+00 0.000000e+00
    endloop
  endfacet
  facet normal 9.854595e-01 -1.699104e-01 0.000000e+00
    outer loop
      vertex   -3.898332e+01 2.594064e+00 0.000000e+00
      vertex   -3.913125e+01 1.736125e+00 -3.000000e+00
      vertex   -3.898332e+01 2.594064e+00 -3.000000e+00
    endloop
  endfacet
  facet normal 9.715671e-01 -2.367644e-01 0.000000e+00
    outer loop
      vertex   -3.898332e+01 2.594064e+00 0.000000e+00
      vertex   -3.898332e+01 2.594064e+00 -3.000000e+00
      vertex   -3.877720e+01 3.439909e+00 0.000000e+00
    endloop
  endfacet
  facet normal 9.715671e-01 -2.367644e-01 0.000000e+00
    outer loop
      vertex   -3.877720e+01 3.439909e+00 0.000000e+00
      vertex   -3.898332e+01 2.594064e+00 -3.000000e+00
      vertex   -3.877720e+01 3.439909e+00 -3.000000e+00
    endloop
  endfacet
  facet normal 9.531448e-01 -3.025146e-01 0.000000e+00
    outer loop
      vertex   -3.877720e+01 3.439909e+00 0.000000e+00
      vertex   -3.877720e+01 3.439909e+00 -3.000000e+00
      vertex   -3.851383e+01 4.269715e+00 0.000000e+00
    endloop
  endfacet
  facet normal 9.531448e-01 -3.025146e-01 0.000000e+00
    outer loop
      vertex   -3.851383e+01 4.269715e+00 0.000000e+00
      vertex   -3.877720e+01 3.439909e+00 -3.000000e+00
      vertex   -3.851383e+01 4.269715e+00 -3.000000e+00
    endloop
  endfacet
  facet normal 9.302784e-01 -3.668542e-01 0.000000e+00
    outer loop
      vertex   -3.851383e+01 4.269715e+00 0.000000e+00
      vertex   -3.851383e+01 4.269715e+00 -3.000000e+00
      vertex   -3.819444e+01 5.079614e+00 0.000000e+00
    endloop
  endfacet
  facet normal 9.302784e-01 -3.668542e-01 0.000000e+00
    outer loop
      vertex   -3.819444e+01 5.079614e+00 0.000000e+00
      vertex   -3.851383e+01 4.269715e+00 -3.000000e+00
      vertex   -3.819444e+01 5.079614e+00 -3.000000e+00
    endloop
  endfacet
  facet normal 9.030747e-01 -4.294834e-01 0.000000e+00
    outer loop
      vertex   -3.819444e+01 5.079614e+00 0.000000e+00
      vertex   -3.819444e+01 5.079614e+00 -3.000000e+00
      vertex   -3.782054e+01 5.865829e+00 0.000000e+00
    endloop
  endfacet
  facet normal 9.030747e-01 -4.294834e-01 0.000000e+00
    outer loop
      vertex   -3.782054e+01 5.865829e+00 0.000000e+00
      vertex   -3.819444e+01 5.079614e+00 -3.000000e+00
      vertex   -3.782054e+01 5.865829e+00 -3.000000e+00
    endloop
  endfacet
  facet normal 8.716605e-01 -4.901102e-01 0.000000e+00
    outer loop
      vertex   -3.782054e+01 5.865829e+00 0.000000e+00
      vertex   -3.782054e+01 5.865829e+00 -3.000000e+00
      vertex   -3.739385e+01 6.624695e+00 0.000000e+00
    endloop
  endfacet
  facet normal 8.716605e-01 -4.901102e-01 0.000000e+00
    outer loop
      vertex   -3.739385e+01 6.624695e+00 0.000000e+00
      vertex   -3.782054e+01 5.865829e+00 -3.000000e+00
      vertex   -3.739385e+01 6.624695e+00 -3.000000e+00
    endloop
  endfacet
  facet normal 8.361821e-01 -5.484519e-01 0.000000e+00
    outer loop
      vertex   -3.739385e+01 6.624695e+00 0.000000e+00
      vertex   -3.739385e+01 6.624695e+00 -3.000000e+00
      vertex   -3.691637e+01 7.352674e+00 0.000000e+00
    endloop
  endfacet
  facet normal 8.361821e-01 -5.484519e-01 0.000000e+00
    outer loop
      vertex   -3.691637e+01 7.352674e+00 0.000000e+00
      vertex   -3.739385e+01 6.624695e+00 -3.000000e+00
      vertex   -3.691637e+01 7.352674e+00 -3.000000e+00
    endloop
  endfacet
  facet normal 7.968051e-01 -6.042364e-01 0.000000e+00
    outer loop
      vertex   -3.691637e+01 7.352674e+00 0.000000e+00
      vertex   -3.691637e+01 7.352674e+00 -3.000000e+00
      vertex   -3.639032e+01 8.046371e+00 0.000000e+00
    endloop
  endfacet
  facet normal 7.968051e-01 -6.042364e-01 0.000000e+00
    outer loop
      vertex   -3.639032e+01 8.046371e+00 0.000000e+00
      vertex   -3.691637e+01 7.352674e+00 -3.000000e+00
      vertex   -3.639032e+01 8.046371e+00 -3.000000e+00
    endloop
  endfacet
  facet normal 7.537130e-01 -6.572037e-01 0.000000e+00
    outer loop
      vertex   -3.639032e+01 8.046371e+00 0.000000e+00
      vertex   -3.639032e+01 8.046371e+00 -3.000000e+00
      vertex   -3.581816e+01 8.702553e+00 0.000000e+00
    endloop
  endfacet
  facet normal 7.537130e-01 -6.572037e-01 0.000000e+00
    outer loop
      vertex   -3.581816e+01 8.702553e+00 0.000000e+00
      vertex   -3.639032e+01 8.046371e+00 -3.000000e+00
      vertex   -3.581816e+01 8.702553e+00 -3.000000e+00
    endloop
  endfacet
  facet normal 7.071068e-01 -7.071068e-01 0.000000e+00
    outer loop
      vertex   -3.581816e+01 8.702553e+00 0.000000e+00
      vertex   -3.581816e+01 8.702553e+00 -3.000000e+00
      vertex   -3.520255e+01 9.318159e+00 0.000000e+00
    endloop
  endfacet
  facet normal 7.071068e-01 -7.071068e-01 0.000000e+00
    outer loop
      vertex   -3.520255e+01 9.318159e+00 0.000000e+00
      vertex   -3.581816e+01 8.702553e+00 -3.000000e+00
      vertex   -3.520255e+01 9.318159e+00 -3.000000e+00
    endloop
  endfacet
  facet normal 6.572037e-01 -7.537130e-01 0.000000e+00
    outer loop
      vertex   -3.520255e+01 9.318159e+00 0.000000e+00
      vertex   -3.520255e+01 9.318159e+00 -3.000000e+00
      vertex   -3.454637e+01 9.890319e+00 0.000000e+00
    endloop
  endfacet
  facet normal 6.572037e-01 -7.537130e-01 0.000000e+00
    outer loop
      vertex   -3.454637e+01 9.890319e+00 0.000000e+00
      vertex   -3.520255e+01 9.318159e+00 -3.000000e+00
      vertex   -3.454637e+01 9.890319e+00 -3.000000e+00
    endloop
  endfacet
  facet normal 6.042364e-01 -7.968051e-01 0.000000e+00
    outer loop
      vertex   -3.454637e+01 9.890319e+00 0.000000e+00
      vertex   -3.454637e+01 9.890319e+00 -3.000000e+00
      vertex   -3.385267e+01 1.041637e+01 0.000000e+00
    endloop
  endfacet
  facet normal 6.042364e-01 -7.968051e-01 0.000000e+00
    outer loop
      vertex   -3.385267e+01 1.041637e+01 0.000000e+00
      vertex   -3.454637e+01 9.890319e+00 -3.000000e+00
      vertex   -3.385267e+01 1.041637e+01 -3.000000e+00
    endloop
  endfacet
  facet normal 5.484519e-01 -8.361821e-01 0.000000e+00
    outer loop
      vertex   -3.385267e+01 1.041637e+01 0.000000e+00
      vertex   -3.385267e+01 1.041637e+01 -3.000000e+00
      vertex   -3.312470e+01 1.089385e+01 0.000000e+00
    endloop
  endfacet
  facet normal 5.484519e-01 -8.361821e-01 0.000000e+00
    outer loop
      vertex   -3.312470e+01 1.089385e+01 0.000000e+00
      vertex   -3.385267e+01 1.041637e+01 -3.000000e+00
      vertex   -3.312470e+01 1.089385e+01 -3.000000e+00
    endloop
  endfacet
  facet normal 4.901102e-01 -8.716605e-01 0.000000e+00
    outer loop
      vertex   -3.312470e+01 1.089385e+01 0.000000e+00
      vertex   -3.312470e+01 1.089385e+01 -3.000000e+00
      vertex   -3.236583e+01 1.132054e+01 0.000000e+00
    endloop
  endfacet
  facet normal 4.901102e-01 -8.716605e-01 0.000000e+00
    outer loop
      vertex   -3.236583e+01 1.132054e+01 0.000000e+00
      vertex   -3.312470e+01 1.089385e+01 -3.000000e+00
      vertex   -3.236583e+01 1.132054e+01 -3.000000e+00
    endloop
  endfacet
  facet normal 4.294834e-01 -9.030747e-01 0.000000e+00
    outer loop
      vertex   -3.236583e+01 1.132054e+01 0.000000e+00
      vertex   -3.236583e+01 1.132054e+01 -3.000000e+00
      vertex   -3.157961e+01 1.169444e+01 0.000000e+00
    endloop
  endfacet
  facet normal 4.294834e-01 -9.030747e-01 0.000000e+00
    outer loop
      vertex   -3.157961e+01 1.169444e+01 0.000000e+00
      vertex   -3.236583e+01 1.132054e+01 -3.000000e+00
      vertex   -3.157961e+01 1.169444e+01 -3.000000e+00
    endloop
  endfacet
  facet normal 3.668542e-01 -9.302784e-01 0.000000e+00
    outer loop
      vertex   -3.157961e+01 1.169444e+01 0.000000e+00
      vertex   -3.157961e+01 1.169444e+01 -3.000000e+00
      vertex   -3.076972e+01 1.201383e+01 0.000000e+00
    endloop
  endfacet
  facet normal 3.668542e-01 -9.302784e-01 0.000000e+00
    outer loop
      vertex   -3.076972e+01 1.201383e+01 0.000000e+00
      vertex   -3.157961e+01 1.169444e+01 -3.000000e+00
      vertex   -3.076972e+01 1.201383e+01 -3.000000e+00
    endloop
  endfacet
  facet normal 3.025146e-01 -9.531448e-01 0.000000e+00
    outer loop
      vertex   -3.076972e+01 1.201383e+01 0.000000e+00
      vertex   -3.076972e+01 1.201383e+01 -3.000000e+00
      vertex   -2.993991e+01 1.227720e+01 0.000000e+00
    endloop
  endfacet
  facet normal 3.025146e-01 -9.531448e-01 0.000000e+00
    outer loop
      vertex   -2.993991e+01 1.227720e+01 0.000000e+00
      vertex   -3.076972e+01 1.201383e+01 -3.000000e+00
      vertex   -2.993991e+01 1.227720e+01 -3.000000e+00
    endloop
  endfacet
  facet normal 2.367644e-01 -9.715671e-01 0.000000e+00
    outer loop
      vertex   -2.993991e+01 1.227720e+01 0.000000e+00
      vertex   -2.993991e+01 1.227720e+01 -3.000000e+00
      vertex   -2.909406e+01 1.248332e+01 0.000000e+00
    endloop
  endfacet
  facet normal 2.367644e-01 -9.715671e-01 0.000000e+00
    outer loop
      vertex   -2.909406e+01 1.248332e+01 0.000000e+00
      vertex   -2.993991e+01 1.227720e+01 -3.000000e+00
      vertex   -2.909406e+01 1.248332e+01 -3.000000e+00
    endloop
  endfacet
  facet normal 1.699104e-01 -9.854595e-01 0.000000e+00
    outer loop
      vertex   -2.909406e+01 1.248332e+01 0.000000e+00
      vertex   -2.909406e+01 1.248332e+01 -3.000000e+00
      vertex   -2.823612e+01 1.263125e+01 0.000000e+00
    endloop
  endfacet
  facet normal 1.699104e-01 -9.854595e-01 0.000000e+00
    outer loop
      vertex   -2.823612e+01 1.263125e+01 0.000000e+00
      vertex   -2.909406e+01 1.248332e+01 -3.000000e+00
      vertex   -2.823612e+01 1.263125e+01 -3.000000e+00
    endloop
  endfacet
  facet normal 1.022641e-01 -9.947573e-01 0.000000e+00
    outer loop
      vertex   -2.823612e+01 1.263125e+01 0.000000e+00
      vertex   -2.823612e+01 1.263125e+01 -3.000000e+00
      vertex   -2.737009e+01 1.272028e+01 0.000000e+00
    endloop
  endfacet
  facet normal 1.022641e-01 -9.947573e-01 0.000000e+00
    outer loop
      vertex   -2.737009e+01 1.272028e+01 0.000000e+00
      vertex   -2.823612e+01 1.263125e+01 -3.000000e+00
      vertex   -2.737009e+01 1.272028e+01 -3.000000e+00
    endloop
  endfacet
  facet normal 3.414111e-02 -9.994170e-01 0.000000e+00
    outer loop
      vertex   -2.737009e+01 1.272028e+01 0.000000e+00
      vertex   -2.737009e+01 1.272028e+01 -3.000000e+00
      vertex   -2.650000e+01 1.275000e+01 0.000000e+00
    endloop
  endfacet
  facet normal 3.414111e-02 -9.994170e-01 0.000000e+00
    outer loop
      vertex   -2.650000e+01 1.275000e+01 0.000000e+00
      vertex   -2.737009e+01 1.272028e+01 -3.000000e+00
      vertex   -2.650000e+01 1.275000e+01 -3.000000e+00
    endloop
  endfacet
  facet normal -3.414111e-02 -9.994170e-01 -0.000000e+00
    outer loop
      vertex   -2.650000e+01 1.275000e+01 0.000000e+00
      vertex   -2.650000e+01 1.275000e+01 -3.000000e+00
      vertex   -2.562991e+01 1.272028e+01 0.000000e+00
    endloop
  endfacet
  facet normal -3.414111e-02 -9.994170e-01 -0.000000e+00
    outer loop
      vertex   -2.562991e+01 1.272028e+01 0.000000e+00
      vertex   -2.650000e+01 1.275000e+01 -3.000000e+00
      vertex   -2.562991e+01 1.272028e+01 -3.000000e+00
    endloop
  endfacet
  facet normal -1.022641e-01 -9.947573e-01 -0.000000e+00
    outer loop
      vertex   -2.562991e+01 1.272028e+01 0.000000e+00
      vertex   -2.562991e+01 1.272028e+01 -3.000000e+00
      vertex   -2.476388e+01 1.263125e+01 0.000000e+00
    endloop
  endfacet
  facet normal -1.022641e-01 -9.947573e-01 -0.000000e+00
    outer loop
      vertex   -2.476388e+01 1.263125e+01 0.000000e+00
      vertex   -2.562991e+01 1.272028e+01 -3.000000e+00
      vertex   -2.476388e+01 1.263125e+01 -3.000000e+00
    endloop
  endfacet
  facet normal -1.699104e-01 -9.854595e-01 -0.000000e+00
    outer loop
      vertex   -2.476388e+01 1.263125e+01 0.000000e+00
      vertex   -2.476388e+01 1.263125e+01 -3.000000e+00
      vertex   -2.390594e+01 1.248332e+01 0.000000e+00
    endloop
  endfacet
  facet normal -1.699104e-01 -9.854595e-01 -0.000000e+00
    outer loop
      vertex   -2.390594e+01 1.248332e+01 0.000000e+00
      vertex   -2.476388e+01 1.263125e+01 -3.000000e+00
      vertex   -2.390594e+01 1.248332e+01 -3.000000e+00
    endloop
  endfacet
  facet normal -2.367644e-01 -9.715671e-01 -0.000000e+00
    outer loop
      vertex   -2.390594e+01 1.248332e+01 0.000000e+00
      vertex   -2.390594e+01 1.248332e+01 -3.000000e+00
      vertex   -2.306009e+01 1.227720e+01 0.000000e+00
    endloop
  endfacet
  facet normal -2.367644e-01 -9.715671e-01 -0.000000e+00
    outer loop
      vertex   -2.306009e+01 1.227720e+01 0.000000e+00
      vertex   -2.390594e+01 1.248332e+01 -3.000000e+00
      vertex   -2.306009e+01 1.227720e+01 -3.000000e+00
    endloop
  endfacet
  facet normal -3.025146e-01 -9.531448e-01 -0.000000e+00
    outer loop
      vertex   -2.306009e+01 1.227720e+01 0.000000e+00
      vertex   -2.306009e+01 1.227720e+01 -3.000000e+00
      vertex   -2.223028e+01 1.201383e+01 0.000000e+00
    endloop
  endfacet
  facet normal -3.025146e-01 -9.531448e-01 -0.000000e+00
    outer loop
      vertex   -2.223028e+01 1.201383e+01 0.000000e+00
      vertex   -2.306009e+01 1.227720e+01 -3.000000e+00
      vertex   -2.223028e+01 1.201383e+01 -3.000000e+00
    endloop
  endfacet
  facet normal -3.668542e-01 -9.302784e-01 -0.000000e+00
    outer loop
      vertex   -2.223028e+01 1.201383e+01 0.000000e+00
      vertex   -2.223028e+01 1.201383e+01 -3.000000e+00
      vertex   -2.142039e+01 1.169444e+01 0.000000e+00
    endloop
  endfacet
  facet normal -3.668542e-01 -9.302784e-01 -0.000000e+00
    outer loop
      vertex   -2.142039e+01 1.169444e+01 0.000000e+00
      vertex   -2.223028e+01 1.201383e+01 -3.000000e+00
      vertex   -2.142039e+01 1.169444e+01 -3.000000e+00
    endloop
  endfacet
  facet normal -4.294834e-01 -9.030747e-01 -0.000000e+00
    outer loop
      vertex   -2.142039e+01 1.169444e+01 0.000000e+00
      vertex   -2.142039e+01 1.169444e+01 -3.000000e+00
      vertex   -2.063417e+01 1.132054e+01 0.000000e+00
    endloop
  endfacet
  facet normal -4.294834e-01 -9.030747e-01 -0.000000e+00
    outer loop
      vertex   -2.063417e+01 1.132054e+01 0.000000e+00
      vertex   -2.142039e+01 1.169444e+01 -3.000000e+00
      vertex   -2.063417e+01 1.132054e+01 -3.000000e+00
    endloop
  endfacet
  facet normal -4.901102e-01 -8.716605e-01 -0.000000e+00
    outer loop
      vertex   -2.063417e+01 1.132054e+01 0.000000e+00
      vertex   -2.063417e+01 1.132054e+01 -3.000000e+00
      vertex   -1.987530e+01 1.089385e+01 0.000000e+00
    endloop
  endfacet
  facet normal -4.901102e-01 -8.716605e-01 -0.000000e+00
    outer loop
      vertex   -1.987530e+01 1.089385e+01 0.000000e+00
      vertex   -2.063417e+01 1.132054e+01 -3.000000e+00
      vertex   -1.987530e+01 1.089385e+01 -3.000000e+00
    endloop
  endfacet
  facet normal -5.484519e-01 -8.361821e-01 -0.000000e+00
    outer loop
      vertex   -1.987530e+01 1.089385e+01 0.000000e+00
      vertex   -1.987530e+01 1.089385e+01 -3.000000e+00
      vertex   -1.914733e+01 1.041637e+01 0.000000e+00
    endloop
  endfacet
  facet normal -5.484519e-01 -8.361821e-01 -0.000000e+00
    outer loop
      vertex   -1.914733e+01 1.041637e+01 0.000000e+00
      vertex   -1.987530e+01 1.089385e+01 -3.000000e+00
      vertex   -1.914733e+01 1.041637e+01 -3.000000e+00
    endloop
  endfacet
  facet normal -6.042364e-01 -7.968051e-01 -0.000000e+00
    outer loop
      vertex   -1.914733e+01 1.041637e+01 0.000000e+00
      vertex   -1.914733e+01 1.041637e+01 -3.000000e+00
      vertex   -1.845363e+01 9.890319e+00 0.000000e+00
    endloop
  endfacet
  facet normal -6.042364e-01 -7.968051e-01 -0.000000e+00
    outer loop
      vertex   -1.845363e+01 9.890319e+00 0.000000e+00
      vertex   -1.914733e+01 1.041637e+01 -3.000000e+00
      vertex   -1.845363e+01 9.890319e+00 -3.000000e+00
    endloop
  endfacet
  facet normal -6.572037e-01 -7.537130e-01 -0.000000e+00
    outer loop
      vertex   -1.845363e+01 9.890319e+00 0.000000e+00
      vertex   -1.845363e+01 9.890319e+00 -3.000000e+00
      vertex   -1.779745e+01 9.318159e+00 0.000000e+00
    endloop
  endfacet
  facet normal -6.572037e-01 -7.537130e-01 -0.000000e+00
    outer loop
      vertex   -1.779745e+01 9.318159e+00 0.000000e+00
      vertex   -1.845363e+01 9.890319e+00 -3.000000e+00
      vertex   -1.779745e+01 9.318159e+00 -3.000000e+00
    endloop
  endfacet
  facet normal -7.071068e-01 -7.071068e-01 -0.000000e+00
    outer loop
      vertex   -1.779745e+01 9.318159e+00 0.000000e+00
      vertex   -1.779745e+01 9.318159e+00 -3.000000e+00
      vertex   -1.718184e+01 8.702553e+00 0.000000e+00
    endloop
  endfacet
  facet normal -7.071068e-01 -7.071068e-01 -0.000000e+00
    outer loop
      vertex   -1.718184e+01 8.702553e+00 0.000000e+00
      vertex   -1.779745e+01 9.318159e+00 -3.000000e+00
      vertex   -1.718184e+01 8.702553e+00 -3.000000e+00
    endloop
  endfacet
  facet normal -7.537130e-01 -6.572037e-01 -0.000000e+00
    outer loop
      vertex   -1.718184e+01 8.702553e+00 0.000000e+00
      vertex   -1.718184e+01 8.702553e+00 -3.000000e+00
      vertex   -1.660968e+01 8.046371e+00 0.000000e+00
    endloop
  endfacet
  facet normal -7.537130e-01 -6.572037e-01 -0.000000e+00
    outer loop
      vertex   -1.660968e+01 8.046371e+00 0.000000e+00
      vertex   -1.718184e+01 8.702553e+00 -3.000000e+00
      vertex   -1.660968e+01 8.046371e+00 -3.000000e+00
    endloop
  endfacet
  facet normal -7.968051e-01 -6.042364e-01 -0.000000e+00
    outer loop
      vertex   -1.660968e+01 8.046371e+00 0.000000e+00
      vertex   -1.660968e+01 8.046371e+00 -3.000000e+00
      vertex   -1.608363e+01 7.352674e+00 0.000000e+00
    endloop
  endfacet
  facet normal -7.968051e-01 -6.042364e-01 -0.000000e+00
    outer loop
      vertex   -1.608363e+01 7.352674e+00 0.000000e+00
      vertex   -1.660968e+01 8.046371e+00 -3.000000e+00
      vertex   -1.608363e+01 7.352674e+00 -3.000000e+00
    endloop
  endfacet
  facet normal -8.361821e-01 -5.484519e-01 -0.000000e+00
    outer loop
      vertex   -1.608363e+01 7.352674e+00 0.000000e+00
      vertex   -1.608363e+01 7.352674e+00 -3.000000e+00
      vertex   -1.560615e+01 6.624695e+00 0.000000e+00
    endloop
  endfacet
  facet normal -8.361821e-01 -5.484519e-01 -0.000000e+00
    outer loop
      vertex   -1.560615e+01 6.624695e+00 0.000000e+00
      vertex   -1.608363e+01 7.352674e+00 -3.000000e+00
      vertex   -1.560615e+01 6.624695e+00 -3.000000e+00
    endloop
  endfacet
  facet normal -8.716605e-01 -4.901102e-01 -0.000000e+00
    outer loop
      vertex   -1.560615e+01 6.624695e+00 0.000000e+00
      vertex   -1.560615e+01 6.624695e+00 -3.000000e+00
      vertex   -1.517946e+01 5.865829e+00 0.000000e+00
    endloop
  endfacet
  facet normal -8.716605e-01 -4.901102e-01 -0.000000e+00
    outer loop
      vertex   -1.517946e+01 5.865829e+00 0.000000e+00
      vertex   -1.560615e+01 6.624695e+00 -3.000000e+00
      vertex   -1.517946e+01 5.865829e+00 -3.000000e+00
    endloop
  endfacet
  facet normal -9.030747e-01 -4.294834e-01 -0.000000e+00
    outer loop
      vertex   -1.517946e+01 5.865829e+00 0.000000e+00
      vertex   -1.517946e+01 5.865829e+00 -3.000000e+00
      vertex   -1.480556e+01 5.079614e+00 0.000000e+00
    endloop
  endfacet
  facet normal -9.030747e-01 -4.294834e-01 -0.000000e+00
    outer loop
      vertex   -1.480556e+01 5.079614e+00 0.000000e+00
      vertex   -1.517946e+01 5.865829e+00 -3.000000e+00
      vertex   -1.480556e+01 5.079614e+00 -3.000000e+00
    endloop
  endfacet
  facet normal -9.302784e-01 -3.668542e-01 -0.000000e+00
    outer loop
      vertex   -1.480556e+01 5.079614e+00 0.000000e+00
      vertex   -1.480556e+01 5.079614e+00 -3.000000e+00
      vertex   -1.448617e+01 4.269715e+00 0.000000e+00
    endloop
  endfacet
  facet normal -9.302784e-01 -3.668542e-01 -0.000000e+00
    outer loop
      vertex   -1.448617e+01 4.269715e+00 0.000000e+00
      vertex   -1.480556e+01 5.079614e+00 -3.000000e+00
      vertex   -1.448617e+01 4.269715e+00 -3.000000e+00
    endloop
  endfacet
  facet normal -9.531448e-01 -3.025146e-01 -0.000000e+00
    outer loop
      vertex   -1.448617e+01 4.269715e+00 0.000000e+00
      vertex   -1.448617e+01 4.269715e+00 -3.000000e+00
      vertex   -1.422280e+01 3.439909e+00 0.000000e+00
    endloop
  endfacet
  facet normal -9.531448e-01 -3.025146e-01 -0.000000e+00
    outer loop
      vertex   -1.422280e+01 3.439909e+00 0.000000e+00
      vertex   -1.448617e+01 4.269715e+00 -3.000000e+00
      vertex   -1.422280e+01 3.439909e+00 -3.000000e+00
    endloop
  endfacet
  facet normal -9.715671e-01 -2.367644e-01 -0.000000e+00
    outer loop
      vertex   -1.422280e+01 3.439909e+00 0.000000e+00
      vertex   -1.422280e+01 3.439909e+00 -3.000000e+00
      vertex   -1.401668e+01 2.594064e+00 0.000000e+00
    endloop
  endfacet
  facet normal -9.715671e-01 -2.367644e-01 -0.000000e+00
    outer loop
      vertex   -1.401668e+01 2.594064e+00 0.000000e+00
      vertex   -1.422280e+01 3.439909e+00 -3.000000e+00
      vertex   -1.401668e+01 2.594064e+00 -3.000000e+00
    endloop
  endfacet
  facet normal -9.854595e-01 -1.699104e-01 -0.000000e+00
    outer loop
      vertex   -1.401668e+01 2.594064e+00 0.000000e+00
      vertex   -1.401668e+01 2.594064e+00 -3.000000e+00
      vertex   -1.386875e+01 1.736125e+00 0.000000e+00
    endloop
  endfacet
  facet normal -9.854595e-01 -1.699104e-01 -0.000000e+00
    outer loop
      vertex   -1.386875e+01 1.736125e+00 0.000000e+00
      vertex   -1.401668e+01 2.594064e+00 -3.000000e+00
      vertex   -1.386875e+01 1.736125e+00 -3.000000e+00
    endloop
  endfacet
  facet normal -9.947573e-01 -1.022641e-01 -0.000000e+00
    outer loop
      vertex   -1.386875e+01 1.736125e+00 0.000000e+00
      vertex   -1.386875e+01 1.736125e+00 -3.000000e+00
      vertex   -1.377972e+01 8.700908e-01 0.000000e+00
    endloop
  endfacet
  facet normal -9.947573e-01 -1.022641e-01 -0.000000e+00
    outer loop
      vertex   -1.377972e+01 8.700908e-01 0.000000e+00
      vertex   -1.386875e+01 1.736125e+00 -3.000000e+00
      vertex   -1.377972e+01 8.700908e-01 -3.000000e+00
    endloop
  endfacet
  facet normal -9.994170e-01 -3.414111e-02 -0.000000e+00
    outer loop
      vertex   -1.377972e+01 8.700908e-01 0.000000e+00
      vertex   -1.377972e+01 8.700908e-01 -3.000000e+00
      vertex   -1.375000e+01 0.000000e+00 0.000000e+00
    endloop
  endfacet
  facet normal -9.994170e-01 -3.414111e-02 -0.000000e+00
    outer loop
      vertex   -1.375000e+01 0.000000e+00 0.000000e+00
      vertex   -1.377972e+01 8.700908e-01 -3.000000e+00
      vertex   -1.375000e+01 0.000000e+00 -3.000000e+00
    endloop
  endfacet
  facet normal -9.994170e-01 3.414111e-02 0.000000e+00
    outer loop
      vertex   -1.375000e+01 0.000000e+00 0.000000e+00
      vertex   -1.375000e+01 0.000000e+00 -3.000000e+00
      vertex   -1.377972e+01 -8.700908e-01 0.000000e+00
    endloop
  endfacet
  facet normal -9.994170e-01 3.414111e-02 0.000000e+00
    outer loop
      vertex   -1.377972e+01 -8.700908e-01 0.000000e+00
      vertex   -1.375000e+01 0.000000e+00 -3.000000e+00
      vertex   -1.377972e+01 -8.700908e-01 -3.000000e+00
    endloop
  endfacet
  facet normal -9.947573e-01 1.022641e-01 0.000000e+00
    outer loop
      vertex   -1.377972e+01 -8.700908e-01 0.000000e+00
      vertex   -1.377972e+01 -8.700908e-01 -3.000000e+00
      vertex   -1.386875e+01 -1.736125e+00 0.000000e+00
    endloop
  endfacet
  facet normal -9.947573e-01 1.022641e-01 0.000000e+00
    outer loop
      vertex   -1.386875e+01 -1.736125e+00 0.000000e+00
      vertex   -1.377972e+01 -8.700908e-01 -3.000000e+00
      vertex   -1.386875e+01 -1.736125e+00 -3.000000e+00
    endloop
  endfacet
  facet normal -9.854595e-01 1.699104e-01 0.000000e+00
    outer loop
      vertex   -1.386875e+01 -1.736125e+00 0.000000e+00
      vertex   -1.386875e+01 -1.736125e+00 -3.000000e+00
      vertex   -1.401668e+01 -2.594064e+00 0.000000e+00
    endloop
  endfacet
  facet normal -9.854595e-01 1.699104e-01 0.000000e+00
    outer loop
      vertex   -1.401668e+01 -2.594064e+00 0.000000e+00
      vertex   -1.386875e+01 -1.736125e+00 -3.000000e+00
      vertex   -1.401668e+01 -2.594064e+00 -3.000000e+00
    endloop
  endfacet
  facet normal -9.715671e-01 2.367644e-01 0.000000e+00
    outer loop
      vertex   -1.401668e+01 -2.594064e+00 0.000000e+00
      vertex   -1.401668e+01 -2.594064e+00 -3.000000e+00
      vertex   -1.422280e+01 -3.439909e+00 0.000000e+00
    endloop
  endfacet
  facet normal -9.715671e-01 2.367644e-01 0.000000e+00
    outer loop
      vertex   -1.422280e+01 -3.439909e+00 0.000000e+00
      vertex   -1.401668e+01 -2.594064e+00 -3.000000e+00
      vertex   -1.422280e+01 -3.439909e+00 -3.000000e+00
    endloop
  endfacet
  facet normal -9.531448e-01 3.025146e-01 0.000000e+00
    outer loop
      vertex   -1.422280e+01 -3.439909e+00 0.000000e+00
      vertex   -1.422280e+01 -3.439909e+00 -3.000000e+00
      vertex   -1.448617e+01 -4.269715e+00 0.000000e+00
    endloop
  endfacet
  facet normal -9.531448e-01 3.025146e-01 0.000000e+00
    outer loop
      vertex   -1.448617e+01 -4.269715e+00 0.000000e+00
      vertex   -1.422280e+01 -3.439909e+00 -3.000000e+00
      vertex   -1.448617e+01 -4.269715e+00 -3.000000e+00
    endloop
  endfacet
  facet normal -9.302784e-01 3.668542e-01 0.000000e+00
    outer loop
      vertex   -1.448617e+01 -4.269715e+00 0.000000e+00
      vertex   -1.448617e+01 -4.269715e+00 -3.000000e+00
      vertex   -1.480556e+01 -5.079614e+00 0.000000e+00
    endloop
  endfacet
  facet normal -9.302784e-01 3.668542e-01 0.000000e+00
    outer loop
      vertex   -1.480556e+01 -5.079614e+00 0.000000e+00
      vertex   -1.448617e+01 -4.269715e+00 -3.000000e+00
      vertex   -1.480556e+01 -5.079614e+00 -3.000000e+00
    endloop
  endfacet
  facet normal -9.030747e-01 4.294834e-01 0.000000e+00
    outer loop
      vertex   -1.480556e+01 -5.079614e+00 0.000000e+00
      vertex   -1.480556e+01 -5.079614e+00 -3.000000e+00
      vertex   -1.517946e+01 -5.865829e+00 0.000000e+00
    endloop
  endfacet
  facet normal -9.030747e-01 4.294834e-01 0.000000e+00
    outer loop
      vertex   -1.517946e+01 -5.865829e+00 0.000000e+00
      vertex   -1.480556e+01 -5.079614e+00 -3.000000e+00
      vertex   -1.517946e+01 -5.865829e+00 -3.000000e+00
    endloop
  endfacet
  facet normal -8.716605e-01 4.901102e-01 0.000000e+00
    outer loop
      vertex   -1.517946e+01 -5.865829e+00 0.000000e+00
      vertex   -1.517946e+01 -5.865829e+00 -3.000000e+00
      vertex   -1.560615e+01 -6.624695e+00 0.000000e+00
    endloop
  endfacet
  facet normal -8.716605e-01 4.901102e-01 0.000000e+00
    outer loop
      vertex   -1.560615e+01 -6.624695e+00 0.000000e+00
      vertex   -1.517946e+01 -5.865829e+00 -3.000000e+00
      vertex   -1.560615e+01 -6.624695e+00 -3.000000e+00
    endloop
  endfacet
  facet normal -8.361821e-01 5.484519e-01 0.000000e+00
    outer loop
      vertex   -1.560615e+01 -6.624695e+00 0.000000e+00
      vertex   -1.560615e+01 -6.624695e+00 -3.000000e+00
      vertex   -1.608363e+01 -7.352674e+00 0.000000e+00
    endloop
  endfacet
  facet normal -8.361821e-01 5.484519e-01 0.000000e+00
    outer loop
      vertex   -1.608363e+01 -7.352674e+00 0.000000e+00
      vertex   -1.560615e+01 -6.624695e+00 -3.000000e+00
      vertex   -1.608363e+01 -7.352674e+00 -3.000000e+00
    endloop
  endfacet
  facet normal -7.968051e-01 6.042364e-01 0.000000e+00
    outer loop
      vertex   -1.608363e+01 -7.352674e+00 0.000000e+00
      vertex   -1.608363e+01 -7.352674e+00 -3.000000e+00
      vertex   -1.660968e+01 -8.046371e+00 0.000000e+00
    endloop
  endfacet
  facet normal -7.968051e-01 6.042364e-01 0.000000e+00
    outer loop
      vertex   -1.660968e+01 -8.046371e+00 0.000000e+00
      vertex   -1.608363e+01 -7.352674e+00 -3.000000e+00
      vertex   -1.660968e+01 -8.046371e+00 -3.000000e+00
    endloop
  endfacet
  facet normal -7.537130e-01 6.572037e-01 0.000000e+00
    outer loop
      vertex   -1.660968e+01 -8.046371e+00 0.000000e+00
      vertex   -1.660968e+01 -8.046371e+00 -3.000000e+00
      vertex   -1.718184e+01 -8.702553e+00 0.000000e+00
    endloop
  endfacet
  facet normal -7.537130e-01 6.572037e-01 0.000000e+00
    outer loop
      vertex   -1.718184e+01 -8.702553e+00 0.000000e+00
      vertex   -1.660968e+01 -8.046371e+00 -3.000000e+00
      vertex   -1.718184e+01 -8.702553e+00 -3.000000e+00
    endloop
  endfacet
  facet normal -7.071068e-01 7.071068e-01 0.000000e+00
    outer loop
      vertex   -1.718184e+01 -8.702553e+00 0.000000e+00
      vertex   -1.718184e+01 -8.702553e+00 -3.000000e+00
      vertex   -1.779745e+01 -9.318159e+00 0.000000e+00
    endloop
  endfacet
  facet normal -7.071068e-01 7.071068e-01 0.000000e+00
    outer loop
      vertex   -1.779745e+01 -9.318159e+00 0.000000e+00
      vertex   -1.718184e+01 -8.702553e+00 -3.000000e+00
      vertex   -1.779745e+01 -9.318159e+00 -3.000000e+00
    endloop
  endfacet
  facet normal -6.572037e-01 7.537130e-01 0.000000e+00
    outer loop
      vertex   -1.779745e+01 -9.318159e+00 0.000000e+00
      vertex   -1.779745e+01 -9.318159e+00 -3.000000e+00
      vertex   -1.845363e+01 -9.890319e+00 0.000000e+00
    endloop
  endfacet
  facet normal -6.572037e-01 7.537130e-01 0.000000e+00
    outer loop
      vertex   -1.845363e+01 -9.890319e+00 0.000000e+00
      vertex   -1.779745e+01 -9.318159e+00 -3.000000e+00
      vertex   -1.845363e+01 -9.890319e+00 -3.000000e+00
    endloop
  endfacet
  facet normal -6.042364e-01 7.968051e-01 0.000000e+00
    outer loop
      vertex   -1.845363e+01 -9.890319e+00 0.000000e+00
      vertex   -1.845363e+01 -9.890319e+00 -3.000000e+00
      vertex   -1.914733e+01 -1.041637e+01 0.000000e+00
    endloop
  endfacet
  facet normal -6.042364e-01 7.968051e-01 0.000000e+00
    outer loop
      vertex   -1.914733e+01 -1.041637e+01 0.000000e+00
      vertex   -1.845363e+01 -9.890319e+00 -3.000000e+00
      vertex   -1.914733e+01 -1.041637e+01 -3.000000e+00
    endloop
  endfacet
  facet normal -5.484519e-01 8.361821e-01 0.000000e+00
    outer loop
      vertex   -1.914733e+01 -1.041637e+01 0.000000e+00
      vertex   -1.914733e+01 -1.041637e+01 -3.000000e+00
      vertex   -1.987530e+01 -1.089385e+01 0.000000e+00
    endloop
  endfacet
  facet normal -5.484519e-01 8.361821e-01 0.000000e+00
    outer loop
      vertex   -1.987530e+01 -1.089385e+01 0.000000e+00
      vertex   -1.914733e+01 -1.041637e+01 -3.000000e+00
      vertex   -1.987530e+01 -1.089385e+01 -3.000000e+00
    endloop
  endfacet
  facet normal -4.901102e-01 8.716605e-01 0.000000e+00
    outer loop
      vertex   -1.987530e+01 -1.089385e+01 0.000000e+00
      vertex   -1.987530e+01 -1.089385e+01 -3.000000e+00
      vertex   -2.063417e+01 -1.132054e+01 0.000000e+00
    endloop
  endfacet
  facet normal -4.901102e-01 8.716605e-01 0.000000e+00
    outer loop
      vertex   -2.063417e+01 -1.132054e+01 0.000000e+00
      vertex   -1.987530e+01 -1.089385e+01 -3.000000e+00
      vertex   -2.063417e+01 -1.132054e+01 -3.000000e+00
    endloop
  endfacet
  facet normal -4.294834e-01 9.030747e-01 0.000000e+00
    outer loop
      vertex   -2.063417e+01 -1.132054e+01 0.000000e+00
      vertex   -2.063417e+01 -1.132054e+01 -3.000000e+00
      vertex   -2.142039e+01 -1.169444e+01 0.000000e+00
    endloop
  endfacet
  facet normal -4.294834e-01 9.030747e-01 0.000000e+00
    outer loop
      vertex   -2.142039e+01 -1.169444e+01 0.000000e+00
      vertex   -2.063417e+01 -1.132054e+01 -3.000000e+00
      vertex   -2.142039e+01 -1.169444e+01 -3.000000e+00
    endloop
  endfacet
  facet normal -3.668542e-01 9.302784e-01 0.000000e+00
    outer loop
      vertex   -2.142039e+01 -1.169444e+01 0.000000e+00
      vertex   -2.142039e+01 -1.169444e+01 -3.000000e+00
      vertex   -2.223028e+01 -1.201383e+01 0.000000e+00
    endloop
  endfacet
  facet normal -3.668542e-01 9.302784e-01 0.000000e+00
    outer loop
      vertex   -2.223028e+01 -1.201383e+01 0.000000e+00
      vertex   -2.142039e+01 -1.169444e+01 -3.000000e+00
      vertex   -2.223028e+01 -1.201383e+01 -3.000000e+00
    endloop
  endfacet
  facet normal -3.025146e-01 9.531448e-01 0.000000e+00
    outer loop
      vertex   -2.223028e+01 -1.201383e+01 0.000000e+00
      vertex   -2.223028e+01 -1.201383e+01 -3.000000e+00
      vertex   -2.306009e+01 -1.227720e+01 0.000000e+00
    endloop
  endfacet
  facet normal -3.025146e-01 9.531448e-01 0.000000e+00
    outer loop
      vertex   -2.306009e+01 -1.227720e+01 0.000000e+00
      vertex   -2.223028e+01 -1.201383e+01 -3.000000e+00
      vertex   -2.306009e+01 -1.227720e+01 -3.000000e+00
    endloop
  endfacet
  facet normal -2.367644e-01 9.715671e-01 0.000000e+00
    outer loop
      vertex   -2.306009e+01 -1.227720e+01 0.000000e+00
      vertex   -2.306009e+01 -1.227720e+01 -3.000000e+00
      vertex   -2.390594e+01 -1.248332e+01 0.000000e+00
    endloop
  endfacet
  facet normal -2.367644e-01 9.715671e-01 0.000000e+00
    outer loop
      vertex   -2.390594e+01 -1.248332e+01 0.000000e+00
      vertex   -2.306009e+01 -1.227720e+01 -3.000000e+00
      vertex   -2.390594e+01 -1.248332e+01 -3.000000e+00
    endloop
  endfacet
  facet normal -1.699104e-01 9.854595e-01 0.000000e+00
    outer loop
      vertex   -2.390594e+01 -1.248332e+01 0.000000e+00
      vertex   -2.390594e+01 -1.248332e+01 -3.000000e+00
      vertex   -2.476388e+01 -1.263125e+01 0.000000e+00
    endloop
  endfacet
  facet normal -1.699104e-01 9.854595e-01 0.000000e+00
    outer loop
      vertex   -2.476388e+01 -1.263125e+01 0.000000e+00
      vertex   -2.390594e+01 -1.248332e+01 -3.000000e+00
      vertex   -2.476388e+01 -1.263125e+01 -3.000000e+00
    endloop
  endfacet
  facet normal -1.022641e-01 9.947573e-01 0.000000e+00
    outer loop
      vertex   -2.476388e+01 -1.263125e+01 0.000000e+00
      vertex   -2.476388e+01 -1.263125e+01 -3.000000e+00
      vertex   -2.562991e+01 -1.272028e+01 0.000000e+00
    endloop
  endfacet
  facet normal -1.022641e-01 9.947573e-01 0.000000e+00
    outer loop
      vertex   -2.562991e+01 -1.272028e+01 0.000000e+00
      vertex   -2.476388e+01 -1.263125e+01 -3.000000e+00
      vertex   -2.562991e+01 -1.272028e+01 -3.000000e+00
    endloop
  endfacet
  facet normal -3.414111e-02 9.994170e-01 0.000000e+00
    outer loop
      vertex   -2.562991e+01 -1.272028e+01 0.000000e+00
      vertex   -2.562991e+01 -1.272028e+01 -3.000000e+00
      vertex   -2.650000e+01 -1.275000e+01 0.000000e+00
    endloop
  endfacet
  facet normal -3.414111e-02 9.994170e-01 0.000000e+00
    outer loop
      vertex   -2.650000e+01 -1.275000e+01 0.000000e+00
      vertex   -2.562991e+01 -1.272028e+01 -3.000000e+00
      vertex   -2.650000e+01 -1.275000e+01 -3.000000e+00
    endloop
  endfacet
  facet normal 3.414111e-02 9.994170e-01 0.000000e+00
    outer loop
      vertex   -2.650000e+01 -1.275000e+01 0.000000e+00
      vertex   -2.650000e+01 -1.275000e+01 -3.000000e+00
      vertex   -2.737009e+01 -1.272028e+01 0.000000e+00
    endloop
  endfacet
  facet normal 3.414111e-02 9.994170e-01 0.000000e+00
    outer loop
      vertex   -2.737009e+01 -1.272028e+01 0.000000e+00
      vertex   -2.650000e+01 -1.275000e+01 -3.000000e+00
      vertex   -2.737009e+01 -1.272028e+01 -3.000000e+00
    endloop
  endfacet
  facet normal 1.022641e-01 9.947573e-01 0.000000e+00
    outer loop
      vertex   -2.737009e+01 -1.272028e+01 0.000000e+00
      vertex   -2.737009e+01 -1.272028e+01 -3.000000e+00
      vertex   -2.823612e+01 -1.263125e+01 0.000000e+00
    endloop
  endfacet
  facet normal 1.022641e-01 9.947573e-01 0.000000e+00
    outer loop
      vertex   -2.823612e+01 -1.263125e+01 0.000000e+00
      vertex   -2.737009e+01 -1.272028e+01 -3.000000e+00
      vertex   -2.823612e+01 -1.263125e+01 -3.000000e+00
    endloop
  endfacet
  facet normal 1.699104e-01 9.854595e-01 0.000000e+00
    outer loop
      vertex   -2.823612e+01 -1.263125e+01 0.000000e+00
      vertex   -2.823612e+01 -1.263125e+01 -3.000000e+00
      vertex   -2.909406e+01 -1.248332e+01 0.000000e+00
    endloop
  endfacet
  facet normal 1.699104e-01 9.854595e-01 0.000000e+00
    outer loop
      vertex   -2.909406e+01 -1.248332e+01 0.000000e+00
      vertex   -2.823612e+01 -1.263125e+01 -3.000000e+00
      vertex   -2.909406e+01 -1.248332e+01 -3.000000e+00
    endloop
  endfacet
  facet normal 2.367644e-01 9.715671e-01 0.000000e+00
    outer loop
      vertex   -2.909406e+01 -1.248332e+01 0.000000e+00
      vertex   -2.909406e+01 -1.248332e+01 -3.000000e+00
      vertex   -2.993991e+01 -1.227720e+01 0.000000e+00
    endloop
  endfacet
  facet normal 2.367644e-01 9.715671e-01 0.000000e+00
    outer loop
      vertex   -2.993991e+01 -1.227720e+01 0.000000e+00
      vertex   -2.909406e+01 -1.248332e+01 -3.000000e+00
      vertex   -2.993991e+01 -1.227720e+01 -3.000000e+00
    endloop
  endfacet
  facet normal 3.025146e-01 9.531448e-01 0.000000e+00
    outer loop
      vertex   -2.993991e+01 -1.227720e+01 0.000000e+00
      vertex   -2.993991e+01 -1.227720e+01 -3.000000e+00
      vertex   -3.076972e+01 -1.201383e+01 0.000000e+00
    endloop
  endfacet
  facet normal 3.025146e-01 9.531448e-01 0.000000e+00
    outer loop
      vertex   -3.076972e+01 -1.201383e+01 0.000000e+00
      vertex   -2.993991e+01 -1.227720e+01 -3.000000e+00
      vertex   -3.076972e+01 -1.201383e+01 -3.000000e+00
    endloop
  endfacet
  facet normal 3.668542e-01 9.302784e-01 0.000000e+00
    outer loop
      vertex   -3.076972e+01 -1.201383e+01 0.000000e+00
      vertex   -3.076972e+01 -1.201383e+01 -3.000000e+00
      vertex   -3.157961e+01 -1.169444e+01 0.000000e+00
    endloop
  endfacet
  facet normal 3.668542e-01 9.302784e-01 0.000000e+00
    outer loop
      vertex   -3.157961e+01 -1.169444e+01 0.000000e+00
      vertex   -3.076972e+01 -1.201383e+01 -3.000000e+00
      vertex   -3.157961e+01 -1.169444e+01 -3.000000e+00
    endloop
  endfacet
  facet normal 4.294834e-01 9.030747e-01 0.000000e+00
    outer loop
      vertex   -3.157961e+01 -1.169444e+01 0.000000e+00
      vertex   -3.157961e+01 -1.169444e+01 -3.000000e+00
      vertex   -3.236583e+01 -1.132054e+01 0.000000e+00
    endloop
  endfacet
  facet normal 4.294834e-01 9.030747e-01 0.000000e+00
    outer loop
      vertex   -3.236583e+01 -1.132054e+01 0.000000e+00
      vertex   -3.157961e+01 -1.169444e+01 -3.000000e+00
      vertex   -3.236583e+01 -1.132054e+01 -3.000000e+00
    endloop
  endfacet
  facet normal 4.901102e-01 8.716605e-01 0.000000e+00
    outer loop
      vertex   -3.236583e+01 -1.132054e+01 0.000000e+00
      vertex   -3.236583e+01 -1.132054e+01 -3.000000e+00
      vertex   -3.312470e+01 -1.089385e+01 0.000000e+00
    endloop
  endfacet
  facet normal 4.901102e-01 8.716605e-01 0.000000e+00
    outer loop
      vertex   -3.312470e+01 -1.089385e+01 0.000000e+00
      vertex   -3.236583e+01 -1.132054e+01 -3.000000e+00
      vertex   -3.312470e+01 -1.089385e+01 -3.000000e+00
    endloop
  endfacet
  facet normal 5.484519e-01 8.361821e-01 0.000000e+00
    outer loop
      vertex   -3.312470e+01 -1.089385e+01 0.000000e+00
      vertex   -3.312470e+01 -1.089385e+01 -3.000000e+00
      vertex   -3.385267e+01 -1.041637e+01 0.000000e+00
    endloop
  endfacet
  facet normal 5.484519e-01 8.361821e-01 0.000000e+00
    outer loop
      vertex   -3.385267e+01 -1.041637e+01 0.000000e+00
      vertex   -3.312470e+01 -1.089385e+01 -3.000000e+00
      vertex   -3.385267e+01 -1.041637e+01 -3.000000e+00
    endloop
  endfacet
  facet normal 6.042364e-01 7.968051e-01 0.000000e+00
    outer loop
      vertex   -3.385267e+01 -1.041637e+01 0.000000e+00
      vertex   -3.385267e+01 -1.041637e+01 -3.000000e+00
      vertex   -3.454637e+01 -9.890319e+00 0.000000e+00
    endloop
  endfacet
  facet normal 6.042364e-01 7.968051e-01 0.000000e+00
    outer loop
      vertex   -3.454637e+01 -9.890319e+00 0.000000e+00
      vertex   -3.385267e+01 -1.041637e+01 -3.000000e+00
      vertex   -3.454637e+01 -9.890319e+00 -3.000000e+00
    endloop
  endfacet
  facet normal 6.572037e-01 7.537130e-01 0.000000e+00
    outer loop
      vertex   -3.454637e+01 -9.890319e+00 0.000000e+00
      vertex   -3.454637e+01 -9.890319e+00 -3.000000e+00
      vertex   -3.520255e+01 -9.318159e+00 0.000000e+00
    endloop
  endfacet
  facet normal 6.572037e-01 7.537130e-01 0.000000e+00
    outer loop
      vertex   -3.520255e+01 -9.318159e+00 0.000000e+00
      vertex   -3.454637e+01 -9.890319e+00 -3.000000e+00
      vertex   -3.520255e+01 -9.318159e+00 -3.000000e+00
    endloop
  endfacet
  facet normal 7.071068e-01 7.071068e-01 0.000000e+00
    outer loop
      vertex   -3.520255e+01 -9.318159e+00 0.000000e+00
      vertex   -3.520255e+01 -9.318159e+00 -3.000000e+00
      vertex   -3.581816e+01 -8.702553e+00 0.000000e+00
    endloop
  endfacet
  facet normal 7.071068e-01 7.071068e-01 0.000000e+00
    outer loop
      vertex   -3.581816e+01 -8.702553e+00 0.000000e+00
      vertex   -3.520255e+01 -9.318159e+00 -3.000000e+00
      vertex   -3.581816e+01 -8.702553e+00 -3.000000e+00
    endloop
  endfacet
  facet normal 7.537130e-01 6.572037e-01 0.000000e+00
    outer loop
      vertex   -3.581816e+01 -8.702553e+00 0.000000e+00
      vertex   -3.581816e+01 -8.702553e+00 -3.000000e+00
      vertex   -3.639032e+01 -8.046371e+00 0.000000e+00
    endloop
  endfacet
  facet normal 7.537130e-01 6.572037e-01 0.000000e+00
    outer loop
      vertex   -3.639032e+01 -8.046371e+00 0.000000e+00
      vertex   -3.581816e+01 -8.702553e+00 -3.000000e+00
      vertex   -3.639032e+01 -8.046371e+00 -3.000000e+00
    endloop
  endfacet
  facet normal 7.968051e-01 6.042364e-01 0.000000e+00
    outer loop
      vertex   -3.639032e+01 -8.046371e+00 0.000000e+00
      vertex   -3.639032e+01 -8.046371e+00 -3.000000e+00
      vertex   -3.691637e+01 -7.352674e+00 0.000000e+00
    endloop
  endfacet
  facet normal 7.968051e-01 6.042364e-01 0.000000e+00
    outer loop
      vertex   -3.691637e+01 -7.352674e+00 0.000000e+00
      vertex   -3.639032e+01 -8.046371e+00 -3.000000e+00
      vertex   -3.691637e+01 -7.352674e+00 -3.000000e+00
    endloop
  endfacet
  facet normal 8.361821e-01 5.484519e-01 0.000000e+00
    outer loop
      vertex   -3.691637e+01 -7.352674e+00 0.000000e+00
      vertex   -3.691637e+01 -7.352674e+00 -3.000000e+00
      vertex   -3.739385e+01 -6.624695e+00 0.000000e+00
    endloop
  endfacet
  facet normal 8.361821e-01 5.484519e-01 0.000000e+00
    outer loop
      vertex   -3.739385e+01 -6.624695e+00 0.000000e+00
      vertex   -3.691637e+01 -7.352674e+00 -3.000000e+00
      vertex   -3.739385e+01 -6.624695e+00 -3.000000e+00
    endloop
  endfacet
  facet normal 8.716605e-01 4.901102e-01 0.000000e+00
    outer loop
      vertex   -3.739385e+01 -6.624695e+00 0.000000e+00
      vertex   -3.739385e+01 -6.624695e+00 -3.000000e+00
      vertex   -3.782054e+01 -5.865829e+00 0.000000e+00
    endloop
  endfacet
  facet normal 8.716605e-01 4.901102e-01 0.000000e+00
    outer loop
      vertex   -3.782054e+01 -5.865829e+00 0.000000e+00
      vertex   -3.739385e+01 -6.624695e+00 -3.000000e+00
      vertex   -3.782054e+01 -5.865829e+00 -3.000000e+00
    endloop
  endfacet
  facet normal 9.030747e-01 4.294834e-01 0.000000e+00
    outer loop
      vertex   -3.782054e+01 -5.865829e+00 0.000000e+00
      vertex   -3.782054e+01 -5.865829e+00 -3.000000e+00
      vertex   -3.819444e+01 -5.079614e+00 0.000000e+00
    endloop
  endfacet
  facet normal 9.030747e-01 4.294834e-01 0.000000e+00
    outer loop
      vertex   -3.819444e+01 -5.079614e+00 0.000000e+00
      vertex   -3.782054e+01 -5.865829e+00 -3.000000e+00
      vertex   -3.819444e+01 -5.079614e+00 -3.000000e+00
    endloop
  endfacet
  facet normal 9.302784e-01 3.668542e-01 0.000000e+00
    outer loop
      vertex   -3.819444e+01 -5.079614e+00 0.000000e+00
      vertex   -3.819444e+01 -5.079614e+00 -3.000000e+00
      vertex   -3.851383e+01 -4.269715e+00 0.000000e+00
    endloop
  endfacet
  facet normal 9.302784e-01 3.668542e-01 0.000000e+00
    outer loop
      vertex   -3.851383e+01 -4.269715e+00 0.000000e+00
      vertex   -3.819444e+01 -5.079614e+00 -3.000000e+00
      vertex   -3.851383e+01 -4.269715e+00 -3.000000e+00
    endloop
  endfacet
  facet normal 9.531448e-01 3.025146e-01 0.000000e+00
    outer loop
      vertex   -3.851383e+01 -4.269715e+00 0.000000e+00
      vertex   -3.851383e+01 -4.269715e+00 -3.000000e+00
      vertex   -3.877720e+01 -3.439909e+00 0.000000e+00
    endloop
  endfacet
  facet normal 9.531448e-01 3.025146e-01 0.000000e+00
    outer loop
      vertex   -3.877720e+01 -3.439909e+00 0.000000e+00
      vertex   -3.851383e+01 -4.269715e+00 -3.000000e+00
      vertex   -3.877720e+01 -3.439909e+00 -3.000000e+00
    endloop
  endfacet
  facet normal 9.715671e-01 2.367644e-01 0.000000e+00
    outer loop
      vertex   -3.877720e+01 -3.439909e+00 0.000000e+00
      vertex   -3.877720e+01 -3.439909e+00 -3.000000e+00
      vertex   -3.898332e+01 -2.594064e+00 0.000000e+00
    endloop
  endfacet
  facet normal 9.715671e-01 2.367644e-01 0.000000e+00
    outer loop
      vertex   -3.898332e+01 -2.594064e+00 0.000000e+00
      vertex   -3.877720e+01 -3.439909e+00 -3.000000e+00
      vertex   -3.898332e+01 -2.594064e+00 -3.000000e+00
    endloop
  endfacet
  facet normal 9.854595e-01 1.699104e-01 0.000000e+00
    outer loop
      vertex   -3.898332e+01 -2.594064e+00 0.000000e+00
      vertex   -3.898332e+01 -2.594064e+00 -3.000000e+00
      vertex   -3.913125e+01 -1.736125e+00 0.000000e+00
    endloop
  endfacet
  facet normal 9.854595e-01 1.699104e-01 0.000000e+00
    outer loop
      vertex   -3.913125e+01 -1.736125e+00 0.000000e+00
      vertex   -3.898332e+01 -2.594064e+00 -3.000000e+00
      vertex   -3.913125e+01 -1.736125e+00 -3.000000e+00
    endloop
  endfacet
  facet normal 9.947573e-01 1.022641e-01 0.000000e+00
    outer loop
      vertex   -3.913125e+01 -1.736125e+00 0.000000e+00
      vertex   -3.913125e+01 -1.736125e+00 -3.000000e+00
      vertex   -3.922028e+01 -8.700908e-01 0.000000e+00
    endloop
  endfacet
  facet normal 9.947573e-01 1.022641e-01 0.000000e+00
    outer loop
      vertex   -3.922028e+01 -8.700908e-01 0.000000e+00
      vertex   -3.913125e+01 -1.736125e+00 -3.000000e+00
      vertex   -3.922028e+01 -8.700908e-01 -3.000000e+00
    endloop
  endfacet
  facet normal 0.000000e+00 0.000000e+00 -1.000000e+00
    outer loop
      vertex   -3.897086e+01 8.530302e-01 0.000000e+00
      vertex   -3.900000e+01 1.530808e-15 0.000000e+00
      vertex   -3.925000e+01 1.561425e-15 0.000000e+00
    endloop
  endfacet
  facet normal 0.000000e+00 0.000000e+00 -1.000000e+00
    outer loop
      vertex   -3.925000e+01 1.561425e-15 0.000000e+00
      vertex   -3.900000e+01 1.530808e-15 0.000000e+00
      vertex   -3.897086e+01 -8.530302e-01 0.000000e+00
    endloop
  endfacet
  facet normal 0.000000e+00 0.000000e+00 -1.000000e+00
    outer loop
      vertex   -3.925000e+01 1.561425e-15 0.000000e+00
      vertex   -3.897086e+01 -8.530302e-01 0.000000e+00
      vertex   -3.922028e+01 -8.700908e-01 0.000000e+00
    endloop
  endfacet
  facet normal 0.000000e+00 0.000000e+00 -1.000000e+00
    outer loop
      vertex   -3.922028e+01 -8.700908e-01 0.000000e+00
      vertex   -3.897086e+01 -8.530302e-01 0.000000e+00
      vertex   -3.888357e+01 -1.702083e+00 0.000000e+00
    endloop
  endfacet
  facet normal 0.000000e+00 0.000000e+00 -1.000000e+00
    outer loop
      vertex   -3.922028e+01 -8.700908e-01 0.000000e+00
      vertex   -3.888357e+01 -1.702083e+00 0.000000e+00
      vertex   -3.913125e+01 -1.736125e+00 0.000000e+00
    endloop
  endfacet
  facet normal 0.000000e+00 0.000000e+00 -1.000000e+00
    outer loop
      vertex   -3.913125e+01 -1.736125e+00 0.000000e+00
      vertex   -3.888357e+01 -1.702083e+00 0.000000e+00
      vertex   -3.873855e+01 -2.543200e+00 0.000000e+00
    endloop
  endfacet
  facet normal 0.000000e+00 0.000000e+00 -1.000000e+00
    outer loop
      vertex   -3.913125e+01 -1.736125e+00 0.000000e+00
      vertex   -3.873855e+01 -2.543200e+00 0.000000e+00
      vertex   -3.898332e+01 -2.594064e+00 0.000000e+00
    endloop
  endfacet
  facet normal 0.000000e+00 0.000000e+00 -1.000000e+00
    outer loop
      vertex   -3.898332e+01 -2.594064e+00 0.000000e+00
      vertex   -3.873855e+01 -2.543200e+00 0.000000e+00
      vertex   -3.853647e+01 -3.372460e+00 0.000000e+00
    endloop
  endfacet
  facet normal 0.000000e+00 0.000000e+00 -1.000000e+00
    outer loop
      vertex   -3.898332e+01 -2.594064e+00 0.000000e+00
      vertex   -3.853647e+01 -3.372460e+00 0.000000e+00
      vertex   -3.877720e+01 -3.439909e+00 0.000000e+00
    endloop
  endfacet
  facet normal 0.000000e+00 0.000000e+00 -1.000000e+00
    outer loop
      vertex   -3.877720e+01 -3.439909e+00 0.000000e+00
      vertex   -3.853647e+01 -3.372460e+00 0.000000e+00
      vertex   -3.827826e+01 -4.185995e+00 0.000000e+00
    endloop
  endfacet
  facet normal 0.000000e+00 0.000000e+00 -1.000000e+00
    outer loop
      vertex   -3.877720e+01 -3.439909e+00 0.000000e+00
      vertex   -3.827826e+01 -4.185995e+00 0.000000e+00
      vertex   -3.851383e+01 -4.269715e+00 0.000000e+00
    endloop
  endfacet
  facet normal 0.000000e+00 0.000000e+00 -1.000000e+00
    outer loop
      vertex   -3.851383e+01 -4.269715e+00 0.000000e+00
      vertex   -3.827826e+01 -4.185995e+00 0.000000e+00
      vertex   -3.796514e+01 -4.980014e+00 0.000000e+00
    endloop
  endfacet
  facet normal 0.000000e+00 0.000000e+00 -1.000000e+00
    outer loop
      vertex   -3.851383e+01 -4.269715e+00 0.000000e+00
      vertex   -3.796514e+01 -4.980014e+00 0.000000e+00
      vertex   -3.819444e+01 -5.079614e+00 0.000000e+00
    endloop
  endfacet
  facet normal 0.000000e+00 0.000000e+00 -1.000000e+00
    outer loop
      vertex   -3.819444e+01 -5.079614e+00 0.000000e+00
      vertex   -3.796514e+01 -4.980014e+00 0.000000e+00
      vertex   -3.759857e+01 -5.750813e+00 0.000000e+00
    endloop
  endfacet
  facet normal 0.000000e+00 0.000000e+00 -1.000000e+00
    outer loop
      vertex   -3.819444e+01 -5.079614e+00 0.000000e+00
      vertex   -3.759857e+01 -5.750813e+00 0.000000e+00
      vertex   -3.782054e+01 -5.865829e+00 0.000000e+00
    endloop
  endfacet
  facet normal 0.000000e+00 0.000000e+00 -1.000000e+00
    outer loop
      vertex   -3.782054e+01 -5.865829e+00 0.000000e+00
      vertex   -3.759857e+01 -5.750813e+00 0.000000e+00
      vertex   -3.718024e+01 -6.494799e+00 0.000000e+00
    endloop
  endfacet
  facet normal 0.000000e+00 0.000000e+00 -1.000000e+00
    outer loop
      vertex   -3.782054e+01 -5.865829e+00 0.000000e+00
      vertex   -3.718024e+01 -6.494799e+00 0.000000e+00
      vertex   -3.739385e+01 -6.624695e+00 0.000000e+00
    endloop
  endfacet
  facet normal 0.000000e+00 0.000000e+00 -1.000000e+00
    outer loop
      vertex   -3.739385e+01 -6.624695e+00 0.000000e+00
      vertex   -3.718024e+01 -6.494799e+00 0.000000e+00
      vertex   -3.671212e+01 -7.208504e+00 0.000000e+00
    endloop
  endfacet
  facet normal 0.000000e+00 0.000000e+00 -1.000000e+00
    outer loop
      vertex   -3.739385e+01 -6.624695e+00 0.000000e+00
      vertex   -3.671212e+01 -7.208504e+00 0.000000e+00
      vertex   -3.691637e+01 -7.352674e+00 0.000000e+00
    endloop
  endfacet
  facet normal 0.000000e+00 0.000000e+00 -1.000000e+00
    outer loop
      vertex   -3.691637e+01 -7.352674e+00 0.000000e+00
      vertex   -3.671212e+01 -7.208504e+00 0.000000e+00
      vertex   -3.619639e+01 -7.888599e+00 0.000000e+00
    endloop
  endfacet
  facet normal 0.000000e+00 0.000000e+00 -1.000000e+00
    outer loop
      vertex   -3.691637e+01 -7.352674e+00 0.000000e+00
      vertex   -3.619639e+01 -7.888599e+00 0.000000e+00
      vertex   -3.639032e+01 -8.046371e+00 0.000000e+00
    endloop
  endfacet
  facet normal 0.000000e+00 0.000000e+00 -1.000000e+00
    outer loop
      vertex   -3.639032e+01 -8.046371e+00 0.000000e+00
      vertex   -3.619639e+01 -7.888599e+00 0.000000e+00
      vertex   -3.563545e+01 -8.531914e+00 0.000000e+00
    endloop
  endfacet
  facet normal 0.000000e+00 0.000000e+00 -1.000000e+00
    outer loop
      vertex   -3.639032e+01 -8.046371e+00 0.000000e+00
      vertex   -3.563545e+01 -8.531914e+00 0.000000e+00
      vertex   -3.581816e+01 -8.702553e+00 0.000000e+00
    endloop
  endfacet
  facet normal 0.000000e+00 0.000000e+00 -1.000000e+00
    outer loop
      vertex   -3.581816e+01 -8.702553e+00 0.000000e+00
      vertex   -3.563545e+01 -8.531914e+00 0.000000e+00
      vertex   -3.503191e+01 -9.135450e+00 0.000000e+00
    endloop
  endfacet
  facet normal 0.000000e+00 0.000000e+00 -1.000000e+00
    outer loop
      vertex   -3.581816e+01 -8.702553e+00 0.000000e+00
      vertex   -3.503191e+01 -9.135450e+00 0.000000e+00
      vertex   -3.520255e+01 -9.318159e+00 0.000000e+00
    endloop
  endfacet
  facet normal 0.000000e+00 0.000000e+00 -1.000000e+00
    outer loop
      vertex   -3.520255e+01 -9.318159e+00 0.000000e+00
      vertex   -3.503191e+01 -9.135450e+00 0.000000e+00
      vertex   -3.438860e+01 -9.696391e+00 0.000000e+00
    endloop
  endfacet
  facet normal 0.000000e+00 0.000000e+00 -1.000000e+00
    outer loop
      vertex   -3.520255e+01 -9.318159e+00 0.000000e+00
      vertex   -3.438860e+01 -9.696391e+00 0.000000e+00
      vertex   -3.454637e+01 -9.890319e+00 0.000000e+00
    endloop
  endfacet
  facet normal 0.000000e+00 0.000000e+00 -1.000000e+00
    outer loop
      vertex   -3.454637e+01 -9.890319e+00 0.000000e+00
      vertex   -3.438860e+01 -9.696391e+00 0.000000e+00
      vertex   -3.370850e+01 -1.021212e+01 0.000000e+00
    endloop
  endfacet
  facet normal 0.000000e+00 0.000000e+00 -1.000000e+00
    outer loop
      vertex   -3.454637e+01 -9.890319e+00 0.000000e+00
      vertex   -3.370850e+01 -1.021212e+01 0.000000e+00
      vertex   -3.385267e+01 -1.041637e+01 0.000000e+00
    endloop
  endfacet
  facet normal 0.000000e+00 0.000000e+00 -1.000000e+00
    outer loop
      vertex   -3.385267e+01 -1.041637e+01 0.000000e+00
      vertex   -3.370850e+01 -1.021212e+01 0.000000e+00
      vertex   -3.299480e+01 -1.068024e+01 0.000000e+00
    endloop
  endfacet
  facet normal 0.000000e+00 0.000000e+00 -1.000000e+00
    outer loop
      vertex   -3.385267e+01 -1.041637e+01 0.000000e+00
      vertex   -3.299480e+01 -1.068024e+01 0.000000e+00
      vertex   -3.312470e+01 -1.089385e+01 0.000000e+00
    endloop
  endfacet
  facet normal 0.000000e+00 0.000000e+00 -1.000000e+00
    outer loop
      vertex   -3.312470e+01 -1.089385e+01 0.000000e+00
      vertex   -3.299480e+01 -1.068024e+01 0.000000e+00
      vertex   -3.225081e+01 -1.109857e+01 0.000000e+00
    endloop
  endfacet
  facet normal 0.000000e+00 0.000000e+00 -1.000000e+00
    outer loop
      vertex   -3.312470e+01 -1.089385e+01 0.000000e+00
      vertex   -3.225081e+01 -1.109857e+01 0.000000e+00
      vertex   -3.236583e+01 -1.132054e+01 0.000000e+00
    endloop
  endfacet
  facet normal 0.000000e+00 0.000000e+00 -1.000000e+00
    outer loop
      vertex   -3.236583e+01 -1.132054e+01 0.000000e+00
      vertex   -3.225081e+01 -1.109857e+01 0.000000e+00
      vertex   -3.148001e+01 -1.146514e+01 0.000000e+00
    endloop
  endfacet
  facet normal 0.000000e+00 0.000000e+00 -1.000000e+00
    outer loop
      vertex   -3.236583e+01 -1.132054e+01 0.000000e+00
      vertex   -3.148001e+01 -1.146514e+01 0.000000e+00
      vertex   -3.157961e+01 -1.169444e+01 0.000000e+00
    endloop
  endfacet
  facet normal 0.000000e+00 0.000000e+00 -1.000000e+00
    outer loop
      vertex   -3.157961e+01 -1.169444e+01 0.000000e+00
      vertex   -3.148001e+01 -1.146514e+01 0.000000e+00
      vertex   -3.068600e+01 -1.177826e+01 0.000000e+00
    endloop
  endfacet
  facet normal 0.000000e+00 0.000000e+00 -1.000000e+00
    outer loop
      vertex   -3.157961e+01 -1.169444e+01 0.000000e+00
      vertex   -3.068600e+01 -1.177826e+01 0.000000e+00
      vertex   -3.076972e+01 -1.201383e+01 0.000000e+00
    endloop
  endfacet
  facet normal 0.000000e+00 0.000000e+00 -1.000000e+00
    outer loop
      vertex   -3.076972e+01 -1.201383e+01 0.000000e+00
      vertex   -3.068600e+01 -1.177826e+01 0.000000e+00
      vertex   -2.987246e+01 -1.203647e+01 0.000000e+00
    endloop
  endfacet
  facet normal 0.000000e+00 0.000000e+00 -1.000000e+00
    outer loop
      vertex   -3.076972e+01 -1.201383e+01 0.000000e+00
      vertex   -2.987246e+01 -1.203647e+01 0.000000e+00
      vertex   -2.993991e+01 -1.227720e+01 0.000000e+00
    endloop
  endfacet
  facet normal 0.000000e+00 0.000000e+00 -1.000000e+00
    outer loop
      vertex   -2.993991e+01 -1.227720e+01 0.000000e+00
      vertex   -2.987246e+01 -1.203647e+01 0.000000e+00
      vertex   -2.904320e+01 -1.223855e+01 0.000000e+00
    endloop
  endfacet
  facet normal 0.000000e+00 0.000000e+00 -1.000000e+00
    outer loop
      vertex   -2.993991e+01 -1.227720e+01 0.000000e+00
      vertex   -2.904320e+01 -1.223855e+01 0.000000e+00
      vertex   -2.909406e+01 -1.248332e+01 0.000000e+00
    endloop
  endfacet
  facet normal 0.000000e+00 0.000000e+00 -1.000000e+00
    outer loop
      vertex   -2.909406e+01 -1.248332e+01 0.000000e+00
      vertex   -2.904320e+01 -1.223855e+01 0.000000e+00
      vertex   -2.820208e+01 -1.238357e+01 0.000000e+00
    endloop
  endfacet
  facet normal 0.000000e+00 0.000000e+00 -1.000000e+00
    outer loop
      vertex   -2.909406e+01 -1.248332e+01 0.000000e+00
      vertex   -2.820208e+01 -1.238357e+01 0.000000e+00
      vertex   -2.823612e+01 -1.263125e+01 0.000000e+00
    endloop
  endfacet
  facet normal 0.000000e+00 0.000000e+00 -1.000000e+00
    outer loop
      vertex   -2.823612e+01 -1.263125e+01 0.000000e+00
      vertex   -2.820208e+01 -1.238357e+01 0.000000e+00
      vertex   -2.735303e+01 -1.247086e+01 0.000000e+00
    endloop
  endfacet
  facet normal 0.000000e+00 0.000000e+00 -1.000000e+00
    outer loop
      vertex   -2.823612e+01 -1.263125e+01 0.000000e+00
      vertex   -2.735303e+01 -1.247086e+01 0.000000e+00
      vertex   -2.737009e+01 -1.272028e+01 0.000000e+00
    endloop
  endfacet
  facet normal 0.000000e+00 0.000000e+00 -1.000000e+00
    outer loop
      vertex   -2.737009e+01 -1.272028e+01 0.000000e+00
      vertex   -2.735303e+01 -1.247086e+01 0.000000e+00
      vertex   -2.650000e+01 -1.250000e+01 0.000000e+00
    endloop
  endfacet
  facet normal 0.000000e+00 0.000000e+00 -1.000000e+00
    outer loop
      vertex   -2.737009e+01 -1.272028e+01 0.000000e+00
      vertex   -2.650000e+01 -1.250000e+01 0.000000e+00
      vertex   -2.650000e+01 -1.275000e+01 0.000000e+00
    endloop
  endfacet
  facet normal 0.000000e+00 0.000000e+00 -1.000000e+00
    outer loop
      vertex   -2.650000e+01 -1.275000e+01 0.000000e+00
      vertex   -2.650000e+01 -1.250000e+01 0.000000e+00
      vertex   -2.562991e+01 -1.272028e+01 0.000000e+00
    endloop
  endfacet
  facet normal 0.000000e+00 0.000000e+00 -1.000000e+00
    outer loop
      vertex   -2.562991e+01 -1.272028e+01 0.000000e+00
      vertex   -2.650000e+01 -1.250000e+01 0.000000e+00
      vertex   -2.564697e+01 -1.247086e+01 0.000000e+00
    endloop
  endfacet
  facet normal 0.000000e+00 0.000000e+00 -1.000000e+00
    outer loop
      vertex   -2.562991e+01 -1.272028e+01 0.000000e+00
      vertex   -2.564697e+01 -1.247086e+01 0.000000e+00
      vertex   -2.476388e+01 -1.263125e+01 0.000000e+00
    endloop
  endfacet
  facet normal 0.000000e+00 0.000000e+00 -1.000000e+00
    outer loop
      vertex   -2.476388e+01 -1.263125e+01 0.000000e+00
      vertex   -2.564697e+01 -1.247086e+01 0.000000e+00
      vertex   -2.479792e+01 -1.238357e+01 0.000000e+00
    endloop
  endfacet
  facet normal 0.000000e+00 0.000000e+00 -1.000000e+00
    outer loop
      vertex   -2.476388e+01 -1.263125e+01 0.000000e+00
      vertex   -2.479792e+01 -1.238357e+01 0.000000e+00
      vertex   -2.390594e+01 -1.248332e+01 0.000000e+00
    endloop
  endfacet
  facet normal 0.000000e+00 0.000000e+00 -1.000000e+00
    outer loop
      vertex   -2.390594e+01 -1.248332e+01 0.000000e+00
      vertex   -2.479792e+01 -1.238357e+01 0.000000e+00
      vertex   -2.395680e+01 -1.223855e+01 0.000000e+00
    endloop
  endfacet
  facet normal 0.000000e+00 0.000000e+00 -1.000000e+00
    outer loop
      vertex   -2.390594e+01 -1.248332e+01 0.000000e+00
      vertex   -2.395680e+01 -1.223855e+01 0.000000e+00
      vertex   -2.306009e+01 -1.227720e+01 0.000000e+00
    endloop
  endfacet
  facet normal 0.000000e+00 0.000000e+00 -1.000000e+00
    outer loop
      vertex   -2.306009e+01 -1.227720e+01 0.000000e+00
      vertex   -2.395680e+01 -1.223855e+01 0.000000e+00
      vertex   -2.312754e+01 -1.203647e+01 0.000000e+00
    endloop
  endfacet
  facet normal 0.000000e+00 0.000000e+00 -1.000000e+00
    outer loop
      vertex   -2.306009e+01 -1.227720e+01 0.000000e+00
      vertex   -2.312754e+01 -1.203647e+01 0.000000e+00
      vertex   -2.223028e+01 -1.201383e+01 0.000000e+00
    endloop
  endfacet
  facet normal -0.000000e+00 0.000000e+00 -1.000000e+00
    outer loop
      vertex   -2.223028e+01 -1.201383e+01 0.000000e+00
      vertex   -2.312754e+01 -1.203647e+01 0.000000e+00
      vertex   -2.231400e+01 -1.177826e+01 0.000000e+00
    endloop
  endfacet
  facet normal 0.000000e+00 0.000000e+00 -1.000000e+00
    outer loop
      vertex   -2.223028e+01 -1.201383e+01 0.000000e+00
      vertex   -2.231400e+01 -1.177826e+01 0.000000e+00
      vertex   -2.142039e+01 -1.169444e+01 0.000000e+00
    endloop
  endfacet
  facet normal -0.000000e+00 0.000000e+00 -1.000000e+00
    outer loop
      vertex   -2.142039e+01 -1.169444e+01 0.000000e+00
      vertex   -2.231400e+01 -1.177826e+01 0.000000e+00
      vertex   -2.151999e+01 -1.146514e+01 0.000000e+00
    endloop
  endfacet
  facet normal 0.000000e+00 0.000000e+00 -1.000000e+00
    outer loop
      vertex   -2.142039e+01 -1.169444e+01 0.000000e+00
      vertex   -2.151999e+01 -1.146514e+01 0.000000e+00
      vertex   -2.063417e+01 -1.132054e+01 0.000000e+00
    endloop
  endfacet
  facet normal -0.000000e+00 0.000000e+00 -1.000000e+00
    outer loop
      vertex   -2.063417e+01 -1.132054e+01 0.000000e+00
      vertex   -2.151999e+01 -1.146514e+01 0.000000e+00
      vertex   -2.074919e+01 -1.109857e+01 0.000000e+00
    endloop
  endfacet
  facet normal 0.000000e+00 0.000000e+00 -1.000000e+00
    outer loop
      vertex   -2.063417e+01 -1.132054e+01 0.000000e+00
      vertex   -2.074919e+01 -1.109857e+01 0.000000e+00
      vertex   -1.987530e+01 -1.089385e+01 0.000000e+00
    endloop
  endfacet
  facet normal -0.000000e+00 0.000000e+00 -1.000000e+00
    outer loop
      vertex   -1.987530e+01 -1.089385e+01 0.000000e+00
      vertex   -2.074919e+01 -1.109857e+01 0.000000e+00
      vertex   -2.000520e+01 -1.068024e+01 0.000000e+00
    endloop
  endfacet
  facet normal 0.000000e+00 0.000000e+00 -1.000000e+00
    outer loop
      vertex   -1.987530e+01 -1.089385e+01 0.000000e+00
      vertex   -2.000520e+01 -1.068024e+01 0.000000e+00
      vertex   -1.914733e+01 -1.041637e+01 0.000000e+00
    endloop
  endfacet
  facet normal -0.000000e+00 0.000000e+00 -1.000000e+00
    outer loop
      vertex   -1.914733e+01 -1.041637e+01 0.000000e+00
      vertex   -2.000520e+01 -1.068024e+01 0.000000e+00
      vertex   -1.929150e+01 -1.021212e+01 0.000000e+00
    endloop
  endfacet
  facet normal 0.000000e+00 0.000000e+00 -1.000000e+00
    outer loop
      vertex   -1.914733e+01 -1.041637e+01 0.000000e+00
      vertex   -1.929150e+01 -1.021212e+01 0.000000e+00
      vertex   -1.845363e+01 -9.890319e+00 0.000000e+00
    endloop
  endfacet
  facet normal -0.000000e+00 0.000000e+00 -1.000000e+00
    outer loop
      vertex   -1.845363e+01 -9.890319e+00 0.000000e+00
      vertex   -1.929150e+01 -1.021212e+01 0.000000e+00
      vertex   -1.861140e+01 -9.696391e+00 0.000000e+00
    endloop
  endfacet
  facet normal 0.000000e+00 0.000000e+00 -1.000000e+00
    outer loop
      vertex   -1.845363e+01 -9.890319e+00 0.000000e+00
      vertex   -1.861140e+01 -9.696391e+00 0.000000e+00
      vertex   -1.779745e+01 -9.318159e+00 0.000000e+00
    endloop
  endfacet
  facet normal -0.000000e+00 0.000000e+00 -1.000000e+00
    outer loop
      vertex   -1.779745e+01 -9.318159e+00 0.000000e+00
      vertex   -1.861140e+01 -9.696391e+00 0.000000e+00
      vertex   -1.796809e+01 -9.135450e+00 0.000000e+00
    endloop
  endfacet
  facet normal 0.000000e+00 0.000000e+00 -1.000000e+00
    outer loop
      vertex   -1.779745e+01 -9.318159e+00 0.000000e+00
      vertex   -1.796809e+01 -9.135450e+00 0.000000e+00
      vertex   -1.718184e+01 -8.702553e+00 0.000000e+00
    endloop
  endfacet
  facet normal -0.000000e+00 0.000000e+00 -1.000000e+00
    outer loop
      vertex   -1.718184e+01 -8.702553e+00 0.000000e+00
      vertex   -1.796809e+01 -9.135450e+00 0.000000e+00
      vertex   -1.736455e+01 -8.531914e+00 0.000000e+00
    endloop
  endfacet
  facet normal 0.000000e+00 0.000000e+00 -1.000000e+00
    outer loop
      vertex   -1.718184e+01 -8.702553e+00 0.000000e+00
      vertex   -1.736455e+01 -8.531914e+00 0.000000e+00
      vertex   -1.660968e+01 -8.046371e+00 0.000000e+00
    endloop
  endfacet
  facet normal -0.000000e+00 0.000000e+00 -1.000000e+00
    outer loop
      vertex   -1.660968e+01 -8.046371e+00 0.000000e+00
      vertex   -1.736455e+01 -8.531914e+00 0.000000e+00
      vertex   -1.680361e+01 -7.888599e+00 0.000000e+00
    endloop
  endfacet
  facet normal 0.000000e+00 0.000000e+00 -1.000000e+00
    outer loop
      vertex   -1.660968e+01 -8.046371e+00 0.000000e+00
      vertex   -1.680361e+01 -7.888599e+00 0.000000e+00
      vertex   -1.608363e+01 -7.352674e+00 0.000000e+00
    endloop
  endfacet
  facet normal -0.000000e+00 0.000000e+00 -1.000000e+00
    outer loop
      vertex   -1.608363e+01 -7.352674e+00 0.000000e+00
      vertex   -1.680361e+01 -7.888599e+00 0.000000e+00
      vertex   -1.628788e+01 -7.208504e+00 0.000000e+00
    endloop
  endfacet
  facet normal 0.000000e+00 0.000000e+00 -1.000000e+00
    outer loop
      vertex   -1.608363e+01 -7.352674e+00 0.000000e+00
      vertex   -1.628788e+01 -7.208504e+00 0.000000e+00
      vertex   -1.560615e+01 -6.624695e+00 0.000000e+00
    endloop
  endfacet
  facet normal -0.000000e+00 0.000000e+00 -1.000000e+00
    outer loop
      vertex   -1.560615e+01 -6.624695e+00 0.000000e+00
      vertex   -1.628788e+01 -7.208504e+00 0.000000e+00
      vertex   -1.581976e+01 -6.494799e+00 0.000000e+00
    endloop
  endfacet
  facet normal 0.000000e+00 0.000000e+00 -1.000000e+00
    outer loop
      vertex   -1.560615e+01 -6.624695e+00 0.000000e+00
      vertex   -1.581976e+01 -6.494799e+00 0.000000e+00
      vertex   -1.517946e+01 -5.865829e+00 0.000000e+00
    endloop
  endfacet
  facet normal -0.000000e+00 0.000000e+00 -1.000000e+00
    outer loop
      vertex   -1.517946e+01 -5.865829e+00 0.000000e+00
      vertex   -1.581976e+01 -6.494799e+00 0.000000e+00
      vertex   -1.540143e+01 -5.750813e+00 0.000000e+00
    endloop
  endfacet
  facet normal 0.000000e+00 0.000000e+00 -1.000000e+00
    outer loop
      vertex   -1.517946e+01 -5.865829e+00 0.000000e+00
      vertex   -1.540143e+01 -5.750813e+00 0.000000e+00
      vertex   -1.480556e+01 -5.079614e+00 0.000000e+00
    endloop
  endfacet
  facet normal -0.000000e+00 0.000000e+00 -1.000000e+00
    outer loop
      vertex   -1.480556e+01 -5.079614e+00 0.000000e+00
      vertex   -1.540143e+01 -5.750813e+00 0.000000e+00
      vertex   -1.503486e+01 -4.980014e+00 0.000000e+00
    endloop
  endfacet
  facet normal 0.000000e+00 0.000000e+00 -1.000000e+00
    outer loop
      vertex   -1.480556e+01 -5.079614e+00 0.000000e+00
      vertex   -1.503486e+01 -4.980014e+00 0.000000e+00
      vertex   -1.448617e+01 -4.269715e+00 0.000000e+00
    endloop
  endfacet
  facet normal -0.000000e+00 0.000000e+00 -1.000000e+00
    outer loop
      vertex   -1.448617e+01 -4.269715e+00 0.000000e+00
      vertex   -1.503486e+01 -4.980014e+00 0.000000e+00
      vertex   -1.472174e+01 -4.185995e+00 0.000000e+00
    endloop
  endfacet
  facet normal 0.000000e+00 0.000000e+00 -1.000000e+00
    outer loop
      vertex   -1.448617e+01 -4.269715e+00 0.000000e+00
      vertex   -1.472174e+01 -4.185995e+00 0.000000e+00
      vertex   -1.422280e+01 -3.439909e+00 0.000000e+00
    endloop
  endfacet
  facet normal -0.000000e+00 0.000000e+00 -1.000000e+00
    outer loop
      vertex   -1.422280e+01 -3.439909e+00 0.000000e+00
      vertex   -1.472174e+01 -4.185995e+00 0.000000e+00
      vertex   -1.446353e+01 -3.372460e+00 0.000000e+00
    endloop
  endfacet
  facet normal 0.000000e+00 0.000000e+00 -1.000000e+00
    outer loop
      vertex   -1.422280e+01 -3.439909e+00 0.000000e+00
      vertex   -1.446353e+01 -3.372460e+00 0.000000e+00
      vertex   -1.401668e+01 -2.594064e+00 0.000000e+00
    endloop
  endfacet
  facet normal -0.000000e+00 0.000000e+00 -1.000000e+00
    outer loop
      vertex   -1.401668e+01 -2.594064e+00 0.000000e+00
      vertex   -1.446353e+01 -3.372460e+00 0.000000e+00
      vertex   -1.426145e+01 -2.543200e+00 0.000000e+00
    endloop
  endfacet
  facet normal 0.000000e+00 0.000000e+00 -1.000000e+00
    outer loop
      vertex   -1.401668e+01 -2.594064e+00 0.000000e+00
      vertex   -1.426145e+01 -2.543200e+00 0.000000e+00
      vertex   -1.386875e+01 -1.736125e+00 0.000000e+00
    endloop
  endfacet
  facet normal -0.000000e+00 0.000000e+00 -1.000000e+00
    outer loop
      vertex   -1.386875e+01 -1.736125e+00 0.000000e+00
      vertex   -1.426145e+01 -2.543200e+00 0.000000e+00
      vertex   -1.411643e+01 -1.702083e+00 0.000000e+00
    endloop
  endfacet
  facet normal 0.000000e+00 0.000000e+00 -1.000000e+00
    outer loop
      vertex   -1.386875e+01 -1.736125e+00 0.000000e+00
      vertex   -1.411643e+01 -1.702083e+00 0.000000e+00
      vertex   -1.377972e+01 -8.700908e-01 0.000000e+00
    endloop
  endfacet
  facet normal -0.000000e+00 0.000000e+00 -1.000000e+00
    outer loop
      vertex   -1.377972e+01 -8.700908e-01 0.000000e+00
      vertex   -1.411643e+01 -1.702083e+00 0.000000e+00
      vertex   -1.402914e+01 -8.530302e-01 0.000000e+00
    endloop
  endfacet
  facet normal 0.000000e+00 0.000000e+00 -1.000000e+00
    outer loop
      vertex   -1.377972e+01 -8.700908e-01 0.000000e+00
      vertex   -1.402914e+01 -8.530302e-01 0.000000e+00
      vertex   -1.375000e+01 0.000000e+00 0.000000e+00
    endloop
  endfacet
  facet normal -0.000000e+00 0.000000e+00 -1.000000e+00
    outer loop
      vertex   -1.375000e+01 0.000000e+00 0.000000e+00
      vertex   -1.402914e+01 -8.530302e-01 0.000000e+00
      vertex   -1.400000e+01 0.000000e+00 0.000000e+00
    endloop
  endfacet
  facet normal 0.000000e+00 0.000000e+00 -1.000000e+00
    outer loop
      vertex   -1.375000e+01 0.000000e+00 0.000000e+00
      vertex   -1.400000e+01 0.000000e+00 0.000000e+00
      vertex   -1.377972e+01 8.700908e-01 0.000000e+00
    endloop
  endfacet
  facet normal 0.000000e+00 0.000000e+00 -1.000000e+00
    outer loop
      vertex   -1.377972e+01 8.700908e-01 0.000000e+00
      vertex   -1.400000e+01 0.000000e+00 0.000000e+00
      vertex   -1.402914e+01 8.530302e-01 0.000000e+00
    endloop
  endfacet
  facet normal -0.000000e+00 0.000000e+00 -1.000000e+00
    outer loop
      vertex   -1.377972e+01 8.700908e-01 0.000000e+00
      vertex   -1.402914e+01 8.530302e-01 0.000000e+00
      vertex   -1.411643e+01 1.702083e+00 0.000000e+00
    endloop
  endfacet
  facet normal 0.000000e+00 0.000000e+00 -1.000000e+00
    outer loop
      vertex   -1.377972e+01 8.700908e-01 0.000000e+00
      vertex   -1.411643e+01 1.702083e+00 0.000000e+00
      vertex   -1.386875e+01 1.736125e+00 0.000000e+00
    endloop
  endfacet
  facet normal -0.000000e+00 0.000000e+00 -1.000000e+00
    outer loop
      vertex   -1.386875e+01 1.736125e+00 0.000000e+00
      vertex   -1.411643e+01 1.702083e+00 0.000000e+00
      vertex   -1.426145e+01 2.543200e+00 0.000000e+00
    endloop
  endfacet
  facet normal 0.000000e+00 0.000000e+00 -1.000000e+00
    outer loop
      vertex   -1.386875e+01 1.736125e+00 0.000000e+00
      vertex   -1.426145e+01 2.543200e+00 0.000000e+00
      vertex   -1.401668e+01 2.594064e+00 0.000000e+00
    endloop
  endfacet
  facet normal -0.000000e+00 0.000000e+00 -1.000000e+00
    outer loop
      vertex   -1.401668e+01 2.594064e+00 0.000000e+00
      vertex   -1.426145e+01 2.543200e+00 0.000000e+00
      vertex   -1.446353e+01 3.372460e+00 0.000000e+00
    endloop
  endfacet
  facet normal 0.000000e+00 0.000000e+00 -1.000000e+00
    outer loop
      vertex   -1.401668e+01 2.594064e+00 0.000000e+00
      vertex   -1.446353e+01 3.372460e+00 0.000000e+00
      vertex   -1.422280e+01 3.439909e+00 0.000000e+00
    endloop
  endfacet
  facet normal -0.000000e+00 0.000000e+00 -1.000000e+00
    outer loop
      vertex   -1.422280e+01 3.439909e+00 0.000000e+00
      vertex   -1.446353e+01 3.372460e+00 0.000000e+00
      vertex   -1.472174e+01 4.185995e+00 0.000000e+00
    endloop
  endfacet
  facet normal 0.000000e+00 0.000000e+00 -1.000000e+00
    outer loop
      vertex   -1.422280e+01 3.439909e+00 0.000000e+00
      vertex   -1.472174e+01 4.185995e+00 0.000000e+00
      vertex   -1.448617e+01 4.269715e+00 0.000000e+00
    endloop
  endfacet
  facet normal -0.000000e+00 0.000000e+00 -1.000000e+00
    outer loop
      vertex   -1.448617e+01 4.269715e+00 0.000000e+00
      vertex   -1.472174e+01 4.185995e+00 0.000000e+00
      vertex   -1.503486e+01 4.980014e+00 0.000000e+00
    endloop
  endfacet
  facet normal 0.000000e+00 0.000000e+00 -1.000000e+00
    outer loop
      vertex   -1.448617e+01 4.269715e+00 0.000000e+00
      vertex   -1.503486e+01 4.980014e+00 0.000000e+00
      vertex   -1.480556e+01 5.079614e+00 0.000000e+00
    endloop
  endfacet
  facet normal -0.000000e+00 0.000000e+00 -1.000000e+00
    outer loop
      vertex   -1.480556e+01 5.079614e+00 0.000000e+00
      vertex   -1.503486e+01 4.980014e+00 0.000000e+00
      vertex   -1.540143e+01 5.750813e+00 0.000000e+00
    endloop
  endfacet
  facet normal 0.000000e+00 0.000000e+00 -1.000000e+00
    outer loop
      vertex   -1.480556e+01 5.079614e+00 0.000000e+00
      vertex   -1.540143e+01 5.750813e+00 0.000000e+00
      vertex   -1.517946e+01 5.865829e+00 0.000000e+00
    endloop
  endfacet
  facet normal -0.000000e+00 0.000000e+00 -1.000000e+00
    outer loop
      vertex   -1.517946e+01 5.865829e+00 0.000000e+00
      vertex   -1.540143e+01 5.750813e+00 0.000000e+00
      vertex   -1.581976e+01 6.494799e+00 0.000000e+00
    endloop
  endfacet
  facet normal 0.000000e+00 0.000000e+00 -1.000000e+00
    outer loop
      vertex   -1.517946e+01 5.865829e+00 0.000000e+00
      vertex   -1.581976e+01 6.494799e+00 0.000000e+00
      vertex   -1.560615e+01 6.624695e+00 0.000000e+00
    endloop
  endfacet
  facet normal -0.000000e+00 0.000000e+00 -1.000000e+00
    outer loop
      vertex   -1.560615e+01 6.624695e+00 0.000000e+00
      vertex   -1.581976e+01 6.494799e+00 0.000000e+00
      vertex   -1.628788e+01 7.208504e+00 0.000000e+00
    endloop
  endfacet
  facet normal 0.000000e+00 0.000000e+00 -1.000000e+00
    outer loop
      vertex   -1.560615e+01 6.624695e+00 0.000000e+00
      vertex   -1.628788e+01 7.208504e+00 0.000000e+00
      vertex   -1.608363e+01 7.352674e+00 0.000000e+00
    endloop
  endfacet
  facet normal -0.000000e+00 0.000000e+00 -1.000000e+00
    outer loop
      vertex   -1.608363e+01 7.352674e+00 0.000000e+00
      vertex   -1.628788e+01 7.208504e+00 0.000000e+00
      vertex   -1.680361e+01 7.888599e+00 0.000000e+00
    endloop
  endfacet
  facet normal 0.000000e+00 0.000000e+00 -1.000000e+00
    outer loop
      vertex   -1.608363e+01 7.352674e+00 0.000000e+00
      vertex   -1.680361e+01 7.888599e+00 0.000000e+00
      vertex   -1.660968e+01 8.046371e+00 0.000000e+00
    endloop
  endfacet
  facet normal -0.000000e+00 0.000000e+00 -1.000000e+00
    outer loop
      vertex   -1.660968e+01 8.046371e+00 0.000000e+00
      vertex   -1.680361e+01 7.888599e+00 0.000000e+00
      vertex   -1.736455e+01 8.531914e+00 0.000000e+00
    endloop
  endfacet
  facet normal 0.000000e+00 0.000000e+00 -1.000000e+00
    outer loop
      vertex   -1.660968e+01 8.046371e+00 0.000000e+00
      vertex   -1.736455e+01 8.531914e+00 0.000000e+00
      vertex   -1.718184e+01 8.702553e+00 0.000000e+00
    endloop
  endfacet
  facet normal -0.000000e+00 0.000000e+00 -1.000000e+00
    outer loop
      vertex   -1.718184e+01 8.702553e+00 0.000000e+00
      vertex   -1.736455e+01 8.531914e+00 0.000000e+00
      vertex   -1.796809e+01 9.135450e+00 0.000000e+00
    endloop
  endfacet
  facet normal 0.000000e+00 0.000000e+00 -1.000000e+00
    outer loop
      vertex   -1.718184e+01 8.702553e+00 0.000000e+00
      vertex   -1.796809e+01 9.135450e+00 0.000000e+00
      vertex   -1.779745e+01 9.318159e+00 0.000000e+00
    endloop
  endfacet
  facet normal -0.000000e+00 0.000000e+00 -1.000000e+00
    outer loop
      vertex   -1.779745e+01 9.318159e+00 0.000000e+00
      vertex   -1.796809e+01 9.135450e+00 0.000000e+00
      vertex   -1.861140e+01 9.696391e+00 0.000000e+00
    endloop
  endfacet
  facet normal 0.000000e+00 0.000000e+00 -1.000000e+00
    outer loop
      vertex   -1.779745e+01 9.318159e+00 0.000000e+00
      vertex   -1.861140e+01 9.696391e+00 0.000000e+00
      vertex   -1.845363e+01 9.890319e+00 0.000000e+00
    endloop
  endfacet
  facet normal -0.000000e+00 0.000000e+00 -1.000000e+00
    outer loop
      vertex   -1.845363e+01 9.890319e+00 0.000000e+00
      vertex   -1.861140e+01 9.696391e+00 0.000000e+00
      vertex   -1.929150e+01 1.021212e+01 0.000000e+00
    endloop
  endfacet
  facet normal 0.000000e+00 0.000000e+00 -1.000000e+00
    outer loop
      vertex   -1.845363e+01 9.890319e+00 0.000000e+00
      vertex   -1.929150e+01 1.021212e+01 0.000000e+00
      vertex   -1.914733e+01 1.041637e+01 0.000000e+00
    endloop
  endfacet
  facet normal -0.000000e+00 0.000000e+00 -1.000000e+00
    outer loop
      vertex   -1.914733e+01 1.041637e+01 0.000000e+00
      vertex   -1.929150e+01 1.021212e+01 0.000000e+00
      vertex   -2.000520e+01 1.068024e+01 0.000000e+00
    endloop
  endfacet
  facet normal 0.000000e+00 0.000000e+00 -1.000000e+00
    outer loop
      vertex   -1.914733e+01 1.041637e+01 0.000000e+00
      vertex   -2.000520e+01 1.068024e+01 0.000000e+00
      vertex   -1.987530e+01 1.089385e+01 0.000000e+00
    endloop
  endfacet
  facet normal -0.000000e+00 0.000000e+00 -1.000000e+00
    outer loop
      vertex   -1.987530e+01 1.089385e+01 0.000000e+00
      vertex   -2.000520e+01 1.068024e+01 0.000000e+00
      vertex   -2.074919e+01 1.109857e+01 0.000000e+00
    endloop
  endfacet
  facet normal 0.000000e+00 0.000000e+00 -1.000000e+00
    outer loop
      vertex   -1.987530e+01 1.089385e+01 0.000000e+00
      vertex   -2.074919e+01 1.109857e+01 0.000000e+00
      vertex   -2.063417e+01 1.132054e+01 0.000000e+00
    endloop
  endfacet
  facet normal -0.000000e+00 0.000000e+00 -1.000000e+00
    outer loop
      vertex   -2.063417e+01 1.132054e+01 0.000000e+00
      vertex   -2.074919e+01 1.109857e+01 0.000000e+00
      vertex   -2.151999e+01 1.146514e+01 0.000000e+00
    endloop
  endfacet
  facet normal 0.000000e+00 0.000000e+00 -1.000000e+00
    outer loop
      vertex   -2.063417e+01 1.132054e+01 0.000000e+00
      vertex   -2.151999e+01 1.146514e+01 0.000000e+00
      vertex   -2.142039e+01 1.169444e+01 0.000000e+00
    endloop
  endfacet
  facet normal -0.000000e+00 0.000000e+00 -1.000000e+00
    outer loop
      vertex   -2.142039e+01 1.169444e+01 0.000000e+00
      vertex   -2.151999e+01 1.146514e+01 0.000000e+00
      vertex   -2.231400e+01 1.177826e+01 0.000000e+00
    endloop
  endfacet
  facet normal 0.000000e+00 0.000000e+00 -1.000000e+00
    outer loop
      vertex   -2.142039e+01 1.169444e+01 0.000000e+00
      vertex   -2.231400e+01 1.177826e+01 0.000000e+00
      vertex   -2.223028e+01 1.201383e+01 0.000000e+00
    endloop
  endfacet
  facet normal -0.000000e+00 0.000000e+00 -1.000000e+00
    outer loop
      vertex   -2.223028e+01 1.201383e+01 0.000000e+00
      vertex   -2.231400e+01 1.177826e+01 0.000000e+00
      vertex   -2.312754e+01 1.203647e+01 0.000000e+00
    endloop
  endfacet
  facet normal 0.000000e+00 0.000000e+00 -1.000000e+00
    outer loop
      vertex   -2.223028e+01 1.201383e+01 0.000000e+00
      vertex   -2.312754e+01 1.203647e+01 0.000000e+00
      vertex   -2.306009e+01 1.227720e+01 0.000000e+00
    endloop
  endfacet
  facet normal 0.000000e+00 0.000000e+00 -1.000000e+00
    outer loop
      vertex   -2.306009e+01 1.227720e+01 0.000000e+00
      vertex   -2.312754e+01 1.203647e+01 0.000000e+00
      vertex   -2.395680e+01 1.223855e+01 0.000000e+00
    endloop
  endfacet
  facet normal -0.000000e+00 0.000000e+00 -1.000000e+00
    outer loop
      vertex   -2.306009e+01 1.227720e+01 0.000000e+00
      vertex   -2.395680e+01 1.223855e+01 0.000000e+00
      vertex   -2.390594e+01 1.248332e+01 0.000000e+00
    endloop
  endfacet
  facet normal 0.000000e+00 0.000000e+00 -1.000000e+00
    outer loop
      vertex   -2.390594e+01 1.248332e+01 0.000000e+00
      vertex   -2.395680e+01 1.223855e+01 0.000000e+00
      vertex   -2.479792e+01 1.238357e+01 0.000000e+00
    endloop
  endfacet
  facet normal -0.000000e+00 0.000000e+00 -1.000000e+00
    outer loop
      vertex   -2.390594e+01 1.248332e+01 0.000000e+00
      vertex   -2.479792e+01 1.238357e+01 0.000000e+00
      vertex   -2.476388e+01 1.263125e+01 0.000000e+00
    endloop
  endfacet
  facet normal 0.000000e+00 0.000000e+00 -1.000000e+00
    outer loop
      vertex   -2.476388e+01 1.263125e+01 0.000000e+00
      vertex   -2.479792e+01 1.238357e+01 0.000000e+00
      vertex   -2.564697e+01 1.247086e+01 0.000000e+00
    endloop
  endfacet
  facet normal -0.000000e+00 0.000000e+00 -1.000000e+00
    outer loop
      vertex   -2.476388e+01 1.263125e+01 0.000000e+00
      vertex   -2.564697e+01 1.247086e+01 0.000000e+00
      vertex   -2.562991e+01 1.272028e+01 0.000000e+00
    endloop
  endfacet
  facet normal 0.000000e+00 0.000000e+00 -1.000000e+00
    outer loop
      vertex   -2.562991e+01 1.272028e+01 0.000000e+00
      vertex   -2.564697e+01 1.247086e+01 0.000000e+00
      vertex   -2.650000e+01 1.250000e+01 0.000000e+00
    endloop
  endfacet
  facet normal -0.000000e+00 0.000000e+00 -1.000000e+00
    outer loop
      vertex   -2.562991e+01 1.272028e+01 0.000000e+00
      vertex   -2.650000e+01 1.250000e+01 0.000000e+00
      vertex   -2.650000e+01 1.275000e+01 0.000000e+00
    endloop
  endfacet
  facet normal 0.000000e+00 -0.000000e+00 -1.000000e+00
    outer loop
      vertex   -2.650000e+01 1.275000e+01 0.000000e+00
      vertex   -2.650000e+01 1.250000e+01 0.000000e+00
      vertex   -2.737009e+01 1.272028e+01 0.000000e+00
    endloop
  endfacet
  facet normal 0.000000e+00 0.000000e+00 -1.000000e+00
    outer loop
      vertex   -2.737009e+01 1.272028e+01 0.000000e+00
      vertex   -2.650000e+01 1.250000e+01 0.000000e+00
      vertex   -2.735303e+01 1.247086e+01 0.000000e+00
    endloop
  endfacet
  facet normal 0.000000e+00 -0.000000e+00 -1.000000e+00
    outer loop
      vertex   -2.737009e+01 1.272028e+01 0.000000e+00
      vertex   -2.735303e+01 1.247086e+01 0.000000e+00
      vertex   -2.823612e+01 1.263125e+01 0.000000e+00
    endloop
  endfacet
  facet normal 0.000000e+00 0.000000e+00 -1.000000e+00
    outer loop
      vertex   -2.823612e+01 1.263125e+01 0.000000e+00
      vertex   -2.735303e+01 1.247086e+01 0.000000e+00
      vertex   -2.820208e+01 1.238357e+01 0.000000e+00
    endloop
  endfacet
  facet normal 0.000000e+00 -0.000000e+00 -1.000000e+00
    outer loop
      vertex   -2.823612e+01 1.263125e+01 0.000000e+00
      vertex   -2.820208e+01 1.238357e+01 0.000000e+00
      vertex   -2.909406e+01 1.248332e+01 0.000000e+00
    endloop
  endfacet
  facet normal 0.000000e+00 0.000000e+00 -1.000000e+00
    outer loop
      vertex   -2.909406e+01 1.248332e+01 0.000000e+00
      vertex   -2.820208e+01 1.238357e+01 0.000000e+00
      vertex   -2.904320e+01 1.223855e+01 0.000000e+00
    endloop
  endfacet
  facet normal 0.000000e+00 -0.000000e+00 -1.000000e+00
    outer loop
      vertex   -2.909406e+01 1.248332e+01 0.000000e+00
      vertex   -2.904320e+01 1.223855e+01 0.000000e+00
      vertex   -2.993991e+01 1.227720e+01 0.000000e+00
    endloop
  endfacet
  facet normal 0.000000e+00 0.000000e+00 -1.000000e+00
    outer loop
      vertex   -2.993991e+01 1.227720e+01 0.000000e+00
      vertex   -2.904320e+01 1.223855e+01 0.000000e+00
      vertex   -2.987246e+01 1.203647e+01 0.000000e+00
    endloop
  endfacet
  facet normal 0.000000e+00 -0.000000e+00 -1.000000e+00
    outer loop
      vertex   -2.993991e+01 1.227720e+01 0.000000e+00
      vertex   -2.987246e+01 1.203647e+01 0.000000e+00
      vertex   -3.076972e+01 1.201383e+01 0.000000e+00
    endloop
  endfacet
  facet normal 0.000000e+00 0.000000e+00 -1.000000e+00
    outer loop
      vertex   -3.076972e+01 1.201383e+01 0.000000e+00
      vertex   -2.987246e+01 1.203647e+01 0.000000e+00
      vertex   -3.068600e+01 1.177826e+01 0.000000e+00
    endloop
  endfacet
  facet normal 0.000000e+00 -0.000000e+00 -1.000000e+00
    outer loop
      vertex   -3.076972e+01 1.201383e+01 0.000000e+00
      vertex   -3.068600e+01 1.177826e+01 0.000000e+00
      vertex   -3.157961e+01 1.169444e+01 0.000000e+00
    endloop
  endfacet
  facet normal 0.000000e+00 0.000000e+00 -1.000000e+00
    outer loop
      vertex   -3.157961e+01 1.169444e+01 0.000000e+00
      vertex   -3.068600e+01 1.177826e+01 0.000000e+00
      vertex   -3.148001e+01 1.146514e+01 0.000000e+00
    endloop
  endfacet
  facet normal 0.000000e+00 -0.000000e+00 -1.000000e+00
    outer loop
      vertex   -3.157961e+01 1.169444e+01 0.000000e+00
      vertex   -3.148001e+01 1.146514e+01 0.000000e+00
      vertex   -3.236583e+01 1.132054e+01 0.000000e+00
    endloop
  endfacet
  facet normal 0.000000e+00 0.000000e+00 -1.000000e+00
    outer loop
      vertex   -3.236583e+01 1.132054e+01 0.000000e+00
      vertex   -3.148001e+01 1.146514e+01 0.000000e+00
      vertex   -3.225081e+01 1.109857e+01 0.000000e+00
    endloop
  endfacet
  facet normal 0.000000e+00 -0.000000e+00 -1.000000e+00
    outer loop
      vertex   -3.236583e+01 1.132054e+01 0.000000e+00
      vertex   -3.225081e+01 1.109857e+01 0.000000e+00
      vertex   -3.312470e+01 1.089385e+01 0.000000e+00
    endloop
  endfacet
  facet normal 0.000000e+00 0.000000e+00 -1.000000e+00
    outer loop
      vertex   -3.312470e+01 1.089385e+01 0.000000e+00
      vertex   -3.225081e+01 1.109857e+01 0.000000e+00
      vertex   -3.299480e+01 1.068024e+01 0.000000e+00
    endloop
  endfacet
  facet normal 0.000000e+00 -0.000000e+00 -1.000000e+00
    outer loop
      vertex   -3.312470e+01 1.089385e+01 0.000000e+00
      vertex   -3.299480e+01 1.068024e+01 0.000000e+00
      vertex   -3.385267e+01 1.041637e+01 0.000000e+00
    endloop
  endfacet
  facet normal 0.000000e+00 0.000000e+00 -1.000000e+00
    outer loop
      vertex   -3.385267e+01 1.041637e+01 0.000000e+00
      vertex   -3.299480e+01 1.068024e+01 0.000000e+00
      vertex   -3.370850e+01 1.021212e+01 0.000000e+00
    endloop
  endfacet
  facet normal 0.000000e+00 -0.000000e+00 -1.000000e+00
    outer loop
      vertex   -3.385267e+01 1.041637e+01 0.000000e+00
      vertex   -3.370850e+01 1.021212e+01 0.000000e+00
      vertex   -3.454637e+01 9.890319e+00 0.000000e+00
    endloop
  endfacet
  facet normal 0.000000e+00 0.000000e+00 -1.000000e+00
    outer loop
      vertex   -3.454637e+01 9.890319e+00 0.000000e+00
      vertex   -3.370850e+01 1.021212e+01 0.000000e+00
      vertex   -3.438860e+01 9.696391e+00 0.000000e+00
    endloop
  endfacet
  facet normal 0.000000e+00 -0.000000e+00 -1.000000e+00
    outer loop
      vertex   -3.454637e+01 9.890319e+00 0.000000e+00
      vertex   -3.438860e+01 9.696391e+00 0.000000e+00
      vertex   -3.520255e+01 9.318159e+00 0.000000e+00
    endloop
  endfacet
  facet normal 0.000000e+00 0.000000e+00 -1.000000e+00
    outer loop
      vertex   -3.520255e+01 9.318159e+00 0.000000e+00
      vertex   -3.438860e+01 9.696391e+00 0.000000e+00
      vertex   -3.503191e+01 9.135450e+00 0.000000e+00
    endloop
  endfacet
  facet normal 0.000000e+00 -0.000000e+00 -1.000000e+00
    outer loop
      vertex   -3.520255e+01 9.318159e+00 0.000000e+00
      vertex   -3.503191e+01 9.135450e+00 0.000000e+00
      vertex   -3.581816e+01 8.702553e+00 0.000000e+00
    endloop
  endfacet
  facet normal 0.000000e+00 0.000000e+00 -1.000000e+00
    outer loop
      vertex   -3.581816e+01 8.702553e+00 0.000000e+00
      vertex   -3.503191e+01 9.135450e+00 0.000000e+00
      vertex   -3.563545e+01 8.531914e+00 0.000000e+00
    endloop
  endfacet
  facet normal 0.000000e+00 -0.000000e+00 -1.000000e+00
    outer loop
      vertex   -3.581816e+01 8.702553e+00 0.000000e+00
      vertex   -3.563545e+01 8.531914e+00 0.000000e+00
      vertex   -3.639032e+01 8.046371e+00 0.000000e+00
    endloop
  endfacet
  facet normal 0.000000e+00 0.000000e+00 -1.000000e+00
    outer loop
      vertex   -3.639032e+01 8.046371e+00 0.000000e+00
      vertex   -3.563545e+01 8.531914e+00 0.000000e+00
      vertex   -3.619639e+01 7.888599e+00 0.000000e+00
    endloop
  endfacet
  facet normal 0.000000e+00 -0.000000e+00 -1.000000e+00
    outer loop
      vertex   -3.639032e+01 8.046371e+00 0.000000e+00
      vertex   -3.619639e+01 7.888599e+00 0.000000e+00
      vertex   -3.691637e+01 7.352674e+00 0.000000e+00
    endloop
  endfacet
  facet normal 0.000000e+00 0.000000e+00 -1.000000e+00
    outer loop
      vertex   -3.691637e+01 7.352674e+00 0.000000e+00
      vertex   -3.619639e+01 7.888599e+00 0.000000e+00
      vertex   -3.671212e+01 7.208504e+00 0.000000e+00
    endloop
  endfacet
  facet normal 0.000000e+00 -0.000000e+00 -1.000000e+00
    outer loop
      vertex   -3.691637e+01 7.352674e+00 0.000000e+00
      vertex   -3.671212e+01 7.208504e+00 0.000000e+00
      vertex   -3.739385e+01 6.624695e+00 0.000000e+00
    endloop
  endfacet
  facet normal 0.000000e+00 0.000000e+00 -1.000000e+00
    outer loop
      vertex   -3.739385e+01 6.624695e+00 0.000000e+00
      vertex   -3.671212e+01 7.208504e+00 0.000000e+00
      vertex   -3.718024e+01 6.494799e+00 0.000000e+00
    endloop
  endfacet
  facet normal 0.000000e+00 -0.000000e+00 -1.000000e+00
    outer loop
      vertex   -3.739385e+01 6.624695e+00 0.000000e+00
      vertex   -3.718024e+01 6.494799e+00 0.000000e+00
      vertex   -3.782054e+01 5.865829e+00 0.000000e+00
    endloop
  endfacet
  facet normal 0.000000e+00 0.000000e+00 -1.000000e+00
    outer loop
      vertex   -3.782054e+01 5.865829e+00 0.000000e+00
      vertex   -3.718024e+01 6.494799e+00 0.000000e+00
      vertex   -3.759857e+01 5.750813e+00 0.000000e+00
    endloop
  endfacet
  facet normal 0.000000e+00 -0.000000e+00 -1.000000e+00
    outer loop
      vertex   -3.782054e+01 5.865829e+00 0.000000e+00
      vertex   -3.759857e+01 5.750813e+00 0.000000e+00
      vertex   -3.819444e+01 5.079614e+00 0.000000e+00
    endloop
  endfacet
  facet normal 0.000000e+00 0.000000e+00 -1.000000e+00
    outer loop
      vertex   -3.819444e+01 5.079614e+00 0.000000e+00
      vertex   -3.759857e+01 5.750813e+00 0.000000e+00
      vertex   -3.796514e+01 4.980014e+00 0.000000e+00
    endloop
  endfacet
  facet normal 0.000000e+00 -0.000000e+00 -1.000000e+00
    outer loop
      vertex   -3.819444e+01 5.079614e+00 0.000000e+00
      vertex   -3.796514e+01 4.980014e+00 0.000000e+00
      vertex   -3.851383e+01 4.269715e+00 0.000000e+00
    endloop
  endfacet
  facet normal 0.000000e+00 0.000000e+00 -1.000000e+00
    outer loop
      vertex   -3.851383e+01 4.269715e+00 0.000000e+00
      vertex   -3.796514e+01 4.980014e+00 0.000000e+00
      vertex   -3.827826e+01 4.185995e+00 0.000000e+00
    endloop
  endfacet
  facet normal 0.000000e+00 -0.000000e+00 -1.000000e+00
    outer loop
      vertex   -3.851383e+01 4.269715e+00 0.000000e+00
      vertex   -3.827826e+01 4.185995e+00 0.000000e+00
      vertex   -3.877720e+01 3.439909e+00 0.000000e+00
    endloop
  endfacet
  facet normal 0.000000e+00 0.000000e+00 -1.000000e+00
    outer loop
      vertex   -3.877720e+01 3.439909e+00 0.000000e+00
      vertex   -3.827826e+01 4.185995e+00 0.000000e+00
      vertex   -3.853647e+01 3.372460e+00 0.000000e+00
    endloop
  endfacet
  facet normal 0.000000e+00 -0.000000e+00 -1.000000e+00
    outer loop
      vertex   -3.877720e+01 3.439909e+00 0.000000e+00
      vertex   -3.853647e+01 3.372460e+00 0.000000e+00
      vertex   -3.898332e+01 2.594064e+00 0.000000e+00
    endloop
  endfacet
  facet normal 0.000000e+00 0.000000e+00 -1.000000e+00
    outer loop
      vertex   -3.898332e+01 2.594064e+00 0.000000e+00
      vertex   -3.853647e+01 3.372460e+00 0.000000e+00
      vertex   -3.873855e+01 2.543200e+00 0.000000e+00
    endloop
  endfacet
  facet normal 0.000000e+00 -0.000000e+00 -1.000000e+00
    outer loop
      vertex   -3.898332e+01 2.594064e+00 0.000000e+00
      vertex   -3.873855e+01 2.543200e+00 0.000000e+00
      vertex   -3.913125e+01 1.736125e+00 0.000000e+00
    endloop
  endfacet
  facet normal 0.000000e+00 0.000000e+00 -1.000000e+00
    outer loop
      vertex   -3.913125e+01 1.736125e+00 0.000000e+00
      vertex   -3.873855e+01 2.543200e+00 0.000000e+00
      vertex   -3.888357e+01 1.702083e+00 0.000000e+00
    endloop
  endfacet
  facet normal 0.000000e+00 -0.000000e+00 -1.000000e+00
    outer loop
      vertex   -3.913125e+01 1.736125e+00 0.000000e+00
      vertex   -3.888357e+01 1.702083e+00 0.000000e+00
      vertex   -3.922028e+01 8.700908e-01 0.000000e+00
    endloop
  endfacet
  facet normal 0.000000e+00 0.000000e+00 -1.000000e+00
    outer loop
      vertex   -3.922028e+01 8.700908e-01 0.000000e+00
      vertex   -3.888357e+01 1.702083e+00 0.000000e+00
      vertex   -3.897086e+01 8.530302e-01 0.000000e+00
    endloop
  endfacet
  facet normal 0.000000e+00 -0.000000e+00 -1.000000e+00
    outer loop
      vertex   -3.922028e+01 8.700908e-01 0.000000e+00
      vertex   -3.897086e+01 8.530302e-01 0.000000e+00
      vertex   -3.925000e+01 1.561425e-15 0.000000e+00
    endloop
  endfacet
  facet normal 9.994170e-01 -3.414111e-02 0.000000e+00
    outer loop
      vertex   1.402914e+01 8.530302e-01 0.000000e+00
      vertex   1.402914e+01 8.530302e-01 3.000000e+00
      vertex   1.400000e+01 1.530808e-15 0.000000e+00
    endloop
  endfacet
  facet normal 9.994170e-01 -3.414111e-02 0.000000e+00
    outer loop
      vertex   1.400000e+01 1.530808e-15 0.000000e+00
      vertex   1.402914e+01 8.530302e-01 3.000000e+00
      vertex   1.400000e+01 1.530808e-15 3.000000e+00
    endloop
  endfacet
  facet normal 9.994170e-01 3.414111e-02 -0.000000e+00
    outer loop
      vertex   1.400000e+01 1.530808e-15 0.000000e+00
      vertex   1.400000e+01 1.530808e-15 3.000000e+00
      vertex   1.402914e+01 -8.530302e-01 0.000000e+00
    endloop
  endfacet
  facet normal 9.994170e-01 3.414111e-02 -0.000000e+00
    outer loop
      vertex   1.402914e+01 -8.530302e-01 0.000000e+00
      vertex   1.400000e+01 1.530808e-15 3.000000e+00
      vertex   1.402914e+01 -8.530302e-01 3.000000e+00
    endloop
  endfacet
  facet normal 9.947573e-01 1.022641e-01 -0.000000e+00
    outer loop
      vertex   1.402914e+01 -8.530302e-01 0.000000e+00
      vertex   1.402914e+01 -8.530302e-01 3.000000e+00
      vertex   1.411643e+01 -1.702083e+00 3.000000e+00
    endloop
  endfacet
  facet normal 9.947573e-01 -1.022641e-01 0.000000e+00
    outer loop
      vertex   1.402914e+01 8.530302e-01 0.000000e+00
      vertex   1.411643e+01 1.702083e+00 0.000000e+00
      vertex   1.402914e+01 8.530302e-01 3.000000e+00
    endloop
  endfacet
  facet normal 9.947573e-01 -1.022641e-01 0.000000e+00
    outer loop
      vertex   1.402914e+01 8.530302e-01 3.000000e+00
      vertex   1.411643e+01 1.702083e+00 0.000000e+00
      vertex   1.411643e+01 1.702083e+00 3.000000e+00
    endloop
  endfacet
  facet normal 9.854595e-01 -1.699104e-01 0.000000e+00
    outer loop
      vertex   1.411643e+01 1.702083e+00 3.000000e+00
      vertex   1.411643e+01 1.702083e+00 0.000000e+00
      vertex   1.426145e+01 2.543200e+00 0.000000e+00
    endloop
  endfacet
  facet normal 9.854595e-01 -1.699104e-01 0.000000e+00
    outer loop
      vertex   1.411643e+01 1.702083e+00 3.000000e+00
      vertex   1.426145e+01 2.543200e+00 0.000000e+00
      vertex   1.426145e+01 2.543200e+00 3.000000e+00
    endloop
  endfacet
  facet normal 9.715671e-01 -2.367644e-01 0.000000e+00
    outer loop
      vertex   1.426145e+01 2.543200e+00 3.000000e+00
      vertex   1.426145e+01 2.543200e+00 0.000000e+00
      vertex   1.446353e+01 3.372460e+00 0.000000e+00
    endloop
  endfacet
  facet normal 9.715671e-01 -2.367644e-01 0.000000e+00
    outer loop
      vertex   1.426145e+01 2.543200e+00 3.000000e+00
      vertex   1.446353e+01 3.372460e+00 0.000000e+00
      vertex   1.446353e+01 3.372460e+00 3.000000e+00
    endloop
  endfacet
  facet normal 9.531448e-01 -3.025146e-01 0.000000e+00
    outer loop
      vertex   1.446353e+01 3.372460e+00 3.000000e+00
      vertex   1.446353e+01 3.372460e+00 0.000000e+00
      vertex   1.472174e+01 4.185995e+00 0.000000e+00
    endloop
  endfacet
  facet normal 9.531448e-01 -3.025146e-01 0.000000e+00
    outer loop
      vertex   1.446353e+01 3.372460e+00 3.000000e+00
      vertex   1.472174e+01 4.185995e+00 0.000000e+00
      vertex   1.472174e+01 4.185995e+00 3.000000e+00
    endloop
  endfacet
  facet normal 9.302784e-01 -3.668542e-01 0.000000e+00
    outer loop
      vertex   1.472174e+01 4.185995e+00 3.000000e+00
      vertex   1.472174e+01 4.185995e+00 0.000000e+00
      vertex   1.503486e+01 4.980014e+00 0.000000e+00
    endloop
  endfacet
  facet normal 9.302784e-01 -3.668542e-01 0.000000e+00
    outer loop
      vertex   1.472174e+01 4.185995e+00 3.000000e+00
      vertex   1.503486e+01 4.980014e+00 0.000000e+00
      vertex   1.503486e+01 4.980014e+00 3.000000e+00
    endloop
  endfacet
  facet normal 9.030747e-01 -4.294834e-01 0.000000e+00
    outer loop
      vertex   1.503486e+01 4.980014e+00 3.000000e+00
      vertex   1.503486e+01 4.980014e+00 0.000000e+00
      vertex   1.540143e+01 5.750813e+00 0.000000e+00
    endloop
  endfacet
  facet normal 9.030747e-01 -4.294834e-01 0.000000e+00
    outer loop
      vertex   1.503486e+01 4.980014e+00 3.000000e+00
      vertex   1.540143e+01 5.750813e+00 0.000000e+00
      vertex   1.540143e+01 5.750813e+00 3.000000e+00
    endloop
  endfacet
  facet normal 8.716605e-01 -4.901102e-01 0.000000e+00
    outer loop
      vertex   1.540143e+01 5.750813e+00 3.000000e+00
      vertex   1.540143e+01 5.750813e+00 0.000000e+00
      vertex   1.581976e+01 6.494799e+00 0.000000e+00
    endloop
  endfacet
  facet normal 8.716605e-01 -4.901102e-01 0.000000e+00
    outer loop
      vertex   1.540143e+01 5.750813e+00 3.000000e+00
      vertex   1.581976e+01 6.494799e+00 0.000000e+00
      vertex   1.581976e+01 6.494799e+00 3.000000e+00
    endloop
  endfacet
  facet normal 8.361821e-01 -5.484519e-01 0.000000e+00
    outer loop
      vertex   1.581976e+01 6.494799e+00 3.000000e+00
      vertex   1.581976e+01 6.494799e+00 0.000000e+00
      vertex   1.628788e+01 7.208504e+00 0.000000e+00
    endloop
  endfacet
  facet normal 8.361821e-01 -5.484519e-01 0.000000e+00
    outer loop
      vertex   1.581976e+01 6.494799e+00 3.000000e+00
      vertex   1.628788e+01 7.208504e+00 0.000000e+00
      vertex   1.628788e+01 7.208504e+00 3.000000e+00
    endloop
  endfacet
  facet normal 7.968051e-01 -6.042364e-01 0.000000e+00
    outer loop
      vertex   1.628788e+01 7.208504e+00 3.000000e+00
      vertex   1.628788e+01 7.208504e+00 0.000000e+00
      vertex   1.680361e+01 7.888599e+00 0.000000e+00
    endloop
  endfacet
  facet normal 7.968051e-01 -6.042364e-01 0.000000e+00
    outer loop
      vertex   1.628788e+01 7.208504e+00 3.000000e+00
      vertex   1.680361e+01 7.888599e+00 0.000000e+00
      vertex   1.680361e+01 7.888599e+00 3.000000e+00
    endloop
  endfacet
  facet normal 7.537130e-01 -6.572037e-01 0.000000e+00
    outer loop
      vertex   1.680361e+01 7.888599e+00 3.000000e+00
      vertex   1.680361e+01 7.888599e+00 0.000000e+00
      vertex   1.736455e+01 8.531914e+00 0.000000e+00
    endloop
  endfacet
  facet normal 7.537130e-01 -6.572037e-01 0.000000e+00
    outer loop
      vertex   1.680361e+01 7.888599e+00 3.000000e+00
      vertex   1.736455e+01 8.531914e+00 0.000000e+00
      vertex   1.736455e+01 8.531914e+00 3.000000e+00
    endloop
  endfacet
  facet normal 7.071068e-01 -7.071068e-01 0.000000e+00
    outer loop
      vertex   1.736455e+01 8.531914e+00 3.000000e+00
      vertex   1.736455e+01 8.531914e+00 0.000000e+00
      vertex   1.796809e+01 9.135450e+00 0.000000e+00
    endloop
  endfacet
  facet normal 7.071068e-01 -7.071068e-01 0.000000e+00
    outer loop
      vertex   1.736455e+01 8.531914e+00 3.000000e+00
      vertex   1.796809e+01 9.135450e+00 0.000000e+00
      vertex   1.796809e+01 9.135450e+00 3.000000e+00
    endloop
  endfacet
  facet normal 6.572037e-01 -7.537130e-01 0.000000e+00
    outer loop
      vertex   1.796809e+01 9.135450e+00 3.000000e+00
      vertex   1.796809e+01 9.135450e+00 0.000000e+00
      vertex   1.861140e+01 9.696391e+00 0.000000e+00
    endloop
  endfacet
  facet normal 6.572037e-01 -7.537130e-01 0.000000e+00
    outer loop
      vertex   1.796809e+01 9.135450e+00 3.000000e+00
      vertex   1.861140e+01 9.696391e+00 0.000000e+00
      vertex   1.861140e+01 9.696391e+00 3.000000e+00
    endloop
  endfacet
  facet normal 6.042364e-01 -7.968051e-01 0.000000e+00
    outer loop
      vertex   1.861140e+01 9.696391e+00 3.000000e+00
      vertex   1.861140e+01 9.696391e+00 0.000000e+00
      vertex   1.929150e+01 1.021212e+01 0.000000e+00
    endloop
  endfacet
  facet normal 6.042364e-01 -7.968051e-01 0.000000e+00
    outer loop
      vertex   1.861140e+01 9.696391e+00 3.000000e+00
      vertex   1.929150e+01 1.021212e+01 0.000000e+00
      vertex   1.929150e+01 1.021212e+01 3.000000e+00
    endloop
  endfacet
  facet normal 5.484519e-01 -8.361821e-01 0.000000e+00
    outer loop
      vertex   1.929150e+01 1.021212e+01 3.000000e+00
      vertex   1.929150e+01 1.021212e+01 0.000000e+00
      vertex   2.000520e+01 1.068024e+01 0.000000e+00
    endloop
  endfacet
  facet normal 5.484519e-01 -8.361821e-01 0.000000e+00
    outer loop
      vertex   1.929150e+01 1.021212e+01 3.000000e+00
      vertex   2.000520e+01 1.068024e+01 0.000000e+00
      vertex   2.000520e+01 1.068024e+01 3.000000e+00
    endloop
  endfacet
  facet normal 4.901102e-01 -8.716605e-01 0.000000e+00
    outer loop
      vertex   2.000520e+01 1.068024e+01 3.000000e+00
      vertex   2.000520e+01 1.068024e+01 0.000000e+00
      vertex   2.074919e+01 1.109857e+01 0.000000e+00
    endloop
  endfacet
  facet normal 4.901102e-01 -8.716605e-01 0.000000e+00
    outer loop
      vertex   2.000520e+01 1.068024e+01 3.000000e+00
      vertex   2.074919e+01 1.109857e+01 0.000000e+00
      vertex   2.074919e+01 1.109857e+01 3.000000e+00
    endloop
  endfacet
  facet normal 4.294834e-01 -9.030747e-01 0.000000e+00
    outer loop
      vertex   2.074919e+01 1.109857e+01 3.000000e+00
      vertex   2.074919e+01 1.109857e+01 0.000000e+00
      vertex   2.151999e+01 1.146514e+01 0.000000e+00
    endloop
  endfacet
  facet normal 4.294834e-01 -9.030747e-01 0.000000e+00
    outer loop
      vertex   2.074919e+01 1.109857e+01 3.000000e+00
      vertex   2.151999e+01 1.146514e+01 0.000000e+00
      vertex   2.151999e+01 1.146514e+01 3.000000e+00
    endloop
  endfacet
  facet normal 3.668542e-01 -9.302784e-01 0.000000e+00
    outer loop
      vertex   2.151999e+01 1.146514e+01 3.000000e+00
      vertex   2.151999e+01 1.146514e+01 0.000000e+00
      vertex   2.231400e+01 1.177826e+01 0.000000e+00
    endloop
  endfacet
  facet normal 3.668542e-01 -9.302784e-01 0.000000e+00
    outer loop
      vertex   2.151999e+01 1.146514e+01 3.000000e+00
      vertex   2.231400e+01 1.177826e+01 0.000000e+00
      vertex   2.231400e+01 1.177826e+01 3.000000e+00
    endloop
  endfacet
  facet normal 3.025146e-01 -9.531448e-01 0.000000e+00
    outer loop
      vertex   2.231400e+01 1.177826e+01 3.000000e+00
      vertex   2.231400e+01 1.177826e+01 0.000000e+00
      vertex   2.312754e+01 1.203647e+01 0.000000e+00
    endloop
  endfacet
  facet normal 3.025146e-01 -9.531448e-01 0.000000e+00
    outer loop
      vertex   2.231400e+01 1.177826e+01 3.000000e+00
      vertex   2.312754e+01 1.203647e+01 0.000000e+00
      vertex   2.312754e+01 1.203647e+01 3.000000e+00
    endloop
  endfacet
  facet normal 2.367644e-01 -9.715671e-01 0.000000e+00
    outer loop
      vertex   2.312754e+01 1.203647e+01 3.000000e+00
      vertex   2.312754e+01 1.203647e+01 0.000000e+00
      vertex   2.395680e+01 1.223855e+01 0.000000e+00
    endloop
  endfacet
  facet normal 2.367644e-01 -9.715671e-01 0.000000e+00
    outer loop
      vertex   2.312754e+01 1.203647e+01 3.000000e+00
      vertex   2.395680e+01 1.223855e+01 0.000000e+00
      vertex   2.395680e+01 1.223855e+01 3.000000e+00
    endloop
  endfacet
  facet normal 1.699104e-01 -9.854595e-01 0.000000e+00
    outer loop
      vertex   2.395680e+01 1.223855e+01 3.000000e+00
      vertex   2.395680e+01 1.223855e+01 0.000000e+00
      vertex   2.479792e+01 1.238357e+01 0.000000e+00
    endloop
  endfacet
  facet normal 1.699104e-01 -9.854595e-01 0.000000e+00
    outer loop
      vertex   2.395680e+01 1.223855e+01 3.000000e+00
      vertex   2.479792e+01 1.238357e+01 0.000000e+00
      vertex   2.479792e+01 1.238357e+01 3.000000e+00
    endloop
  endfacet
  facet normal 1.022641e-01 -9.947573e-01 0.000000e+00
    outer loop
      vertex   2.479792e+01 1.238357e+01 3.000000e+00
      vertex   2.479792e+01 1.238357e+01 0.000000e+00
      vertex   2.564697e+01 1.247086e+01 0.000000e+00
    endloop
  endfacet
  facet normal 1.022641e-01 -9.947573e-01 0.000000e+00
    outer loop
      vertex   2.479792e+01 1.238357e+01 3.000000e+00
      vertex   2.564697e+01 1.247086e+01 0.000000e+00
      vertex   2.564697e+01 1.247086e+01 3.000000e+00
    endloop
  endfacet
  facet normal 3.414111e-02 -9.994170e-01 0.000000e+00
    outer loop
      vertex   2.564697e+01 1.247086e+01 3.000000e+00
      vertex   2.564697e+01 1.247086e+01 0.000000e+00
      vertex   2.650000e+01 1.250000e+01 0.000000e+00
    endloop
  endfacet
  facet normal 3.414111e-02 -9.994170e-01 0.000000e+00
    outer loop
      vertex   2.564697e+01 1.247086e+01 3.000000e+00
      vertex   2.650000e+01 1.250000e+01 0.000000e+00
      vertex   2.650000e+01 1.250000e+01 3.000000e+00
    endloop
  endfacet
  facet normal -3.414111e-02 -9.994170e-01 -0.000000e+00
    outer loop
      vertex   2.650000e+01 1.250000e+01 3.000000e+00
      vertex   2.650000e+01 1.250000e+01 0.000000e+00
      vertex   2.735303e+01 1.247086e+01 0.000000e+00
    endloop
  endfacet
  facet normal -3.414111e-02 -9.994170e-01 0.000000e+00
    outer loop
      vertex   2.650000e+01 1.250000e+01 3.000000e+00
      vertex   2.735303e+01 1.247086e+01 0.000000e+00
      vertex   2.735303e+01 1.247086e+01 3.000000e+00
    endloop
  endfacet
  facet normal -1.022641e-01 -9.947573e-01 -0.000000e+00
    outer loop
      vertex   2.735303e+01 1.247086e+01 3.000000e+00
      vertex   2.735303e+01 1.247086e+01 0.000000e+00
      vertex   2.820208e+01 1.238357e+01 0.000000e+00
    endloop
  endfacet
  facet normal -1.022641e-01 -9.947573e-01 0.000000e+00
    outer loop
      vertex   2.735303e+01 1.247086e+01 3.000000e+00
      vertex   2.820208e+01 1.238357e+01 0.000000e+00
      vertex   2.820208e+01 1.238357e+01 3.000000e+00
    endloop
  endfacet
  facet normal -1.699104e-01 -9.854595e-01 -0.000000e+00
    outer loop
      vertex   2.820208e+01 1.238357e+01 3.000000e+00
      vertex   2.820208e+01 1.238357e+01 0.000000e+00
      vertex   2.904320e+01 1.223855e+01 0.000000e+00
    endloop
  endfacet
  facet normal -1.699104e-01 -9.854595e-01 0.000000e+00
    outer loop
      vertex   2.820208e+01 1.238357e+01 3.000000e+00
      vertex   2.904320e+01 1.223855e+01 0.000000e+00
      vertex   2.904320e+01 1.223855e+01 3.000000e+00
    endloop
  endfacet
  facet normal -2.367644e-01 -9.715671e-01 -0.000000e+00
    outer loop
      vertex   2.904320e+01 1.223855e+01 3.000000e+00
      vertex   2.904320e+01 1.223855e+01 0.000000e+00
      vertex   2.987246e+01 1.203647e+01 0.000000e+00
    endloop
  endfacet
  facet normal -2.367644e-01 -9.715671e-01 0.000000e+00
    outer loop
      vertex   2.904320e+01 1.223855e+01 3.000000e+00
      vertex   2.987246e+01 1.203647e+01 0.000000e+00
      vertex   2.987246e+01 1.203647e+01 3.000000e+00
    endloop
  endfacet
  facet normal -3.025146e-01 -9.531448e-01 -0.000000e+00
    outer loop
      vertex   2.987246e+01 1.203647e+01 3.000000e+00
      vertex   2.987246e+01 1.203647e+01 0.000000e+00
      vertex   3.068600e+01 1.177826e+01 0.000000e+00
    endloop
  endfacet
  facet normal -3.025146e-01 -9.531448e-01 0.000000e+00
    outer loop
      vertex   2.987246e+01 1.203647e+01 3.000000e+00
      vertex   3.068600e+01 1.177826e+01 0.000000e+00
      vertex   3.068600e+01 1.177826e+01 3.000000e+00
    endloop
  endfacet
  facet normal -3.668542e-01 -9.302784e-01 -0.000000e+00
    outer loop
      vertex   3.068600e+01 1.177826e+01 3.000000e+00
      vertex   3.068600e+01 1.177826e+01 0.000000e+00
      vertex   3.148001e+01 1.146514e+01 0.000000e+00
    endloop
  endfacet
  facet normal -3.668542e-01 -9.302784e-01 0.000000e+00
    outer loop
      vertex   3.068600e+01 1.177826e+01 3.000000e+00
      vertex   3.148001e+01 1.146514e+01 0.000000e+00
      vertex   3.148001e+01 1.146514e+01 3.000000e+00
    endloop
  endfacet
  facet normal -4.294834e-01 -9.030747e-01 -0.000000e+00
    outer loop
      vertex   3.148001e+01 1.146514e+01 3.000000e+00
      vertex   3.148001e+01 1.146514e+01 0.000000e+00
      vertex   3.225081e+01 1.109857e+01 0.000000e+00
    endloop
  endfacet
  facet normal -4.294834e-01 -9.030747e-01 0.000000e+00
    outer loop
      vertex   3.148001e+01 1.146514e+01 3.000000e+00
      vertex   3.225081e+01 1.109857e+01 0.000000e+00
      vertex   3.225081e+01 1.109857e+01 3.000000e+00
    endloop
  endfacet
  facet normal -4.901102e-01 -8.716605e-01 -0.000000e+00
    outer loop
      vertex   3.225081e+01 1.109857e+01 3.000000e+00
      vertex   3.225081e+01 1.109857e+01 0.000000e+00
      vertex   3.299480e+01 1.068024e+01 0.000000e+00
    endloop
  endfacet
  facet normal -4.901102e-01 -8.716605e-01 0.000000e+00
    outer loop
      vertex   3.225081e+01 1.109857e+01 3.000000e+00
      vertex   3.299480e+01 1.068024e+01 0.000000e+00
      vertex   3.299480e+01 1.068024e+01 3.000000e+00
    endloop
  endfacet
  facet normal -5.484519e-01 -8.361821e-01 -0.000000e+00
    outer loop
      vertex   3.299480e+01 1.068024e+01 3.000000e+00
      vertex   3.299480e+01 1.068024e+01 0.000000e+00
      vertex   3.370850e+01 1.021212e+01 0.000000e+00
    endloop
  endfacet
  facet normal -5.484519e-01 -8.361821e-01 0.000000e+00
    outer loop
      vertex   3.299480e+01 1.068024e+01 3.000000e+00
      vertex   3.370850e+01 1.021212e+01 0.000000e+00
      vertex   3.370850e+01 1.021212e+01 3.000000e+00
    endloop
  endfacet
  facet normal -6.042364e-01 -7.968051e-01 -0.000000e+00
    outer loop
      vertex   3.370850e+01 1.021212e+01 3.000000e+00
      vertex   3.370850e+01 1.021212e+01 0.000000e+00
      vertex   3.438860e+01 9.696391e+00 0.000000e+00
    endloop
  endfacet
  facet normal -6.042364e-01 -7.968051e-01 0.000000e+00
    outer loop
      vertex   3.370850e+01 1.021212e+01 3.000000e+00
      vertex   3.438860e+01 9.696391e+00 0.000000e+00
      vertex   3.438860e+01 9.696391e+00 3.000000e+00
    endloop
  endfacet
  facet normal -6.572037e-01 -7.537130e-01 -0.000000e+00
    outer loop
      vertex   3.438860e+01 9.696391e+00 3.000000e+00
      vertex   3.438860e+01 9.696391e+00 0.000000e+00
      vertex   3.503191e+01 9.135450e+00 0.000000e+00
    endloop
  endfacet
  facet normal -6.572037e-01 -7.537130e-01 0.000000e+00
    outer loop
      vertex   3.438860e+01 9.696391e+00 3.000000e+00
      vertex   3.503191e+01 9.135450e+00 0.000000e+00
      vertex   3.503191e+01 9.135450e+00 3.000000e+00
    endloop
  endfacet
  facet normal -7.071068e-01 -7.071068e-01 -0.000000e+00
    outer loop
      vertex   3.503191e+01 9.135450e+00 3.000000e+00
      vertex   3.503191e+01 9.135450e+00 0.000000e+00
      vertex   3.563545e+01 8.531914e+00 0.000000e+00
    endloop
  endfacet
  facet normal -7.071068e-01 -7.071068e-01 0.000000e+00
    outer loop
      vertex   3.503191e+01 9.135450e+00 3.000000e+00
      vertex   3.563545e+01 8.531914e+00 0.000000e+00
      vertex   3.563545e+01 8.531914e+00 3.000000e+00
    endloop
  endfacet
  facet normal -7.537130e-01 -6.572037e-01 -0.000000e+00
    outer loop
      vertex   3.563545e+01 8.531914e+00 3.000000e+00
      vertex   3.563545e+01 8.531914e+00 0.000000e+00
      vertex   3.619639e+01 7.888599e+00 0.000000e+00
    endloop
  endfacet
  facet normal -7.537130e-01 -6.572037e-01 0.000000e+00
    outer loop
      vertex   3.563545e+01 8.531914e+00 3.000000e+00
      vertex   3.619639e+01 7.888599e+00 0.000000e+00
      vertex   3.619639e+01 7.888599e+00 3.000000e+00
    endloop
  endfacet
  facet normal -7.968051e-01 -6.042364e-01 -0.000000e+00
    outer loop
      vertex   3.619639e+01 7.888599e+00 3.000000e+00
      vertex   3.619639e+01 7.888599e+00 0.000000e+00
      vertex   3.671212e+01 7.208504e+00 0.000000e+00
    endloop
  endfacet
  facet normal -7.968051e-01 -6.042364e-01 0.000000e+00
    outer loop
      vertex   3.619639e+01 7.888599e+00 3.000000e+00
      vertex   3.671212e+01 7.208504e+00 0.000000e+00
      vertex   3.671212e+01 7.208504e+00 3.000000e+00
    endloop
  endfacet
  facet normal -8.361821e-01 -5.484519e-01 -0.000000e+00
    outer loop
      vertex   3.671212e+01 7.208504e+00 3.000000e+00
      vertex   3.671212e+01 7.208504e+00 0.000000e+00
      vertex   3.718024e+01 6.494799e+00 0.000000e+00
    endloop
  endfacet
  facet normal -8.361821e-01 -5.484519e-01 0.000000e+00
    outer loop
      vertex   3.671212e+01 7.208504e+00 3.000000e+00
      vertex   3.718024e+01 6.494799e+00 0.000000e+00
      vertex   3.718024e+01 6.494799e+00 3.000000e+00
    endloop
  endfacet
  facet normal -8.716605e-01 -4.901102e-01 -0.000000e+00
    outer loop
      vertex   3.718024e+01 6.494799e+00 3.000000e+00
      vertex   3.718024e+01 6.494799e+00 0.000000e+00
      vertex   3.759857e+01 5.750813e+00 0.000000e+00
    endloop
  endfacet
  facet normal -8.716605e-01 -4.901102e-01 0.000000e+00
    outer loop
      vertex   3.718024e+01 6.494799e+00 3.000000e+00
      vertex   3.759857e+01 5.750813e+00 0.000000e+00
      vertex   3.759857e+01 5.750813e+00 3.000000e+00
    endloop
  endfacet
  facet normal -9.030747e-01 -4.294834e-01 -0.000000e+00
    outer loop
      vertex   3.759857e+01 5.750813e+00 3.000000e+00
      vertex   3.759857e+01 5.750813e+00 0.000000e+00
      vertex   3.796514e+01 4.980014e+00 0.000000e+00
    endloop
  endfacet
  facet normal -9.030747e-01 -4.294834e-01 0.000000e+00
    outer loop
      vertex   3.759857e+01 5.750813e+00 3.000000e+00
      vertex   3.796514e+01 4.980014e+00 0.000000e+00
      vertex   3.796514e+01 4.980014e+00 3.000000e+00
    endloop
  endfacet
  facet normal -9.302784e-01 -3.668542e-01 -0.000000e+00
    outer loop
      vertex   3.796514e+01 4.980014e+00 3.000000e+00
      vertex   3.796514e+01 4.980014e+00 0.000000e+00
      vertex   3.827826e+01 4.185995e+00 0.000000e+00
    endloop
  endfacet
  facet normal -9.302784e-01 -3.668542e-01 0.000000e+00
    outer loop
      vertex   3.796514e+01 4.980014e+00 3.000000e+00
      vertex   3.827826e+01 4.185995e+00 0.000000e+00
      vertex   3.827826e+01 4.185995e+00 3.000000e+00
    endloop
  endfacet
  facet normal -9.531448e-01 -3.025146e-01 -0.000000e+00
    outer loop
      vertex   3.827826e+01 4.185995e+00 3.000000e+00
      vertex   3.827826e+01 4.185995e+00 0.000000e+00
      vertex   3.853647e+01 3.372460e+00 0.000000e+00
    endloop
  endfacet
  facet normal -9.531448e-01 -3.025146e-01 0.000000e+00
    outer loop
      vertex   3.827826e+01 4.185995e+00 3.000000e+00
      vertex   3.853647e+01 3.372460e+00 0.000000e+00
      vertex   3.853647e+01 3.372460e+00 3.000000e+00
    endloop
  endfacet
  facet normal -9.715671e-01 -2.367644e-01 -0.000000e+00
    outer loop
      vertex   3.853647e+01 3.372460e+00 3.000000e+00
      vertex   3.853647e+01 3.372460e+00 0.000000e+00
      vertex   3.873855e+01 2.543200e+00 0.000000e+00
    endloop
  endfacet
  facet normal -9.715671e-01 -2.367644e-01 0.000000e+00
    outer loop
      vertex   3.853647e+01 3.372460e+00 3.000000e+00
      vertex   3.873855e+01 2.543200e+00 0.000000e+00
      vertex   3.873855e+01 2.543200e+00 3.000000e+00
    endloop
  endfacet
  facet normal -9.854595e-01 -1.699104e-01 -0.000000e+00
    outer loop
      vertex   3.873855e+01 2.543200e+00 3.000000e+00
      vertex   3.873855e+01 2.543200e+00 0.000000e+00
      vertex   3.888357e+01 1.702083e+00 0.000000e+00
    endloop
  endfacet
  facet normal -9.854595e-01 -1.699104e-01 0.000000e+00
    outer loop
      vertex   3.873855e+01 2.543200e+00 3.000000e+00
      vertex   3.888357e+01 1.702083e+00 0.000000e+00
      vertex   3.888357e+01 1.702083e+00 3.000000e+00
    endloop
  endfacet
  facet normal -9.947573e-01 -1.022641e-01 -0.000000e+00
    outer loop
      vertex   3.888357e+01 1.702083e+00 3.000000e+00
      vertex   3.888357e+01 1.702083e+00 0.000000e+00
      vertex   3.897086e+01 8.530302e-01 0.000000e+00
    endloop
  endfacet
  facet normal -9.947573e-01 -1.022641e-01 0.000000e+00
    outer loop
      vertex   3.888357e+01 1.702083e+00 3.000000e+00
      vertex   3.897086e+01 8.530302e-01 0.000000e+00
      vertex   3.897086e+01 8.530302e-01 3.000000e+00
    endloop
  endfacet
  facet normal -9.994170e-01 -3.414111e-02 -0.000000e+00
    outer loop
      vertex   3.897086e+01 8.530302e-01 3.000000e+00
      vertex   3.897086e+01 8.530302e-01 0.000000e+00
      vertex   3.900000e+01 0.000000e+00 0.000000e+00
    endloop
  endfacet
  facet normal -9.994170e-01 -3.414111e-02 0.000000e+00
    outer loop
      vertex   3.897086e+01 8.530302e-01 3.000000e+00
      vertex   3.900000e+01 0.000000e+00 0.000000e+00
      vertex   3.900000e+01 0.000000e+00 3.000000e+00
    endloop
  endfacet
  facet normal -9.994170e-01 3.414111e-02 0.000000e+00
    outer loop
      vertex   3.900000e+01 0.000000e+00 3.000000e+00
      vertex   3.900000e+01 0.000000e+00 0.000000e+00
      vertex   3.897086e+01 -8.530302e-01 0.000000e+00
    endloop
  endfacet
  facet normal -9.994170e-01 3.414111e-02 0.000000e+00
    outer loop
      vertex   3.900000e+01 0.000000e+00 3.000000e+00
      vertex   3.897086e+01 -8.530302e-01 0.000000e+00
      vertex   3.897086e+01 -8.530302e-01 3.000000e+00
    endloop
  endfacet
  facet normal -9.947573e-01 1.022641e-01 0.000000e+00
    outer loop
      vertex   3.897086e+01 -8.530302e-01 3.000000e+00
      vertex   3.897086e+01 -8.530302e-01 0.000000e+00
      vertex   3.888357e+01 -1.702083e+00 0.000000e+00
    endloop
  endfacet
  facet normal -9.947573e-01 1.022641e-01 0.000000e+00
    outer loop
      vertex   3.897086e+01 -8.530302e-01 3.000000e+00
      vertex   3.888357e+01 -1.702083e+00 0.000000e+00
      vertex   3.888357e+01 -1.702083e+00 3.000000e+00
    endloop
  endfacet
  facet normal -9.854595e-01 1.699104e-01 0.000000e+00
    outer loop
      vertex   3.888357e+01 -1.702083e+00 3.000000e+00
      vertex   3.888357e+01 -1.702083e+00 0.000000e+00
      vertex   3.873855e+01 -2.543200e+00 0.000000e+00
    endloop
  endfacet
  facet normal -9.854595e-01 1.699104e-01 0.000000e+00
    outer loop
      vertex   3.888357e+01 -1.702083e+00 3.000000e+00
      vertex   3.873855e+01 -2.543200e+00 0.000000e+00
      vertex   3.873855e+01 -2.543200e+00 3.000000e+00
    endloop
  endfacet
  facet normal -9.715671e-01 2.367644e-01 0.000000e+00
    outer loop
      vertex   3.873855e+01 -2.543200e+00 3.000000e+00
      vertex   3.873855e+01 -2.543200e+00 0.000000e+00
      vertex   3.853647e+01 -3.372460e+00 0.000000e+00
    endloop
  endfacet
  facet normal -9.715671e-01 2.367644e-01 0.000000e+00
    outer loop
      vertex   3.873855e+01 -2.543200e+00 3.000000e+00
      vertex   3.853647e+01 -3.372460e+00 0.000000e+00
      vertex   3.853647e+01 -3.372460e+00 3.000000e+00
    endloop
  endfacet
  facet normal -9.531448e-01 3.025146e-01 0.000000e+00
    outer loop
      vertex   3.853647e+01 -3.372460e+00 3.000000e+00
      vertex   3.853647e+01 -3.372460e+00 0.000000e+00
      vertex   3.827826e+01 -4.185995e+00 0.000000e+00
    endloop
  endfacet
  facet normal -9.531448e-01 3.025146e-01 0.000000e+00
    outer loop
      vertex   3.853647e+01 -3.372460e+00 3.000000e+00
      vertex   3.827826e+01 -4.185995e+00 0.000000e+00
      vertex   3.827826e+01 -4.185995e+00 3.000000e+00
    endloop
  endfacet
  facet normal -9.302784e-01 3.668542e-01 0.000000e+00
    outer loop
      vertex   3.827826e+01 -4.185995e+00 3.000000e+00
      vertex   3.827826e+01 -4.185995e+00 0.000000e+00
      vertex   3.796514e+01 -4.980014e+00 0.000000e+00
    endloop
  endfacet
  facet normal -9.302784e-01 3.668542e-01 0.000000e+00
    outer loop
      vertex   3.827826e+01 -4.185995e+00 3.000000e+00
      vertex   3.796514e+01 -4.980014e+00 0.000000e+00
      vertex   3.796514e+01 -4.980014e+00 3.000000e+00
    endloop
  endfacet
  facet normal -9.030747e-01 4.294834e-01 0.000000e+00
    outer loop
      vertex   3.796514e+01 -4.980014e+00 3.000000e+00
      vertex   3.796514e+01 -4.980014e+00 0.000000e+00
      vertex   3.759857e+01 -5.750813e+00 0.000000e+00
    endloop
  endfacet
  facet normal -9.030747e-01 4.294834e-01 0.000000e+00
    outer loop
      vertex   3.796514e+01 -4.980014e+00 3.000000e+00
      vertex   3.759857e+01 -5.750813e+00 0.000000e+00
      vertex   3.759857e+01 -5.750813e+00 3.000000e+00
    endloop
  endfacet
  facet normal -8.716605e-01 4.901102e-01 0.000000e+00
    outer loop
      vertex   3.759857e+01 -5.750813e+00 3.000000e+00
      vertex   3.759857e+01 -5.750813e+00 0.000000e+00
      vertex   3.718024e+01 -6.494799e+00 0.000000e+00
    endloop
  endfacet
  facet normal -8.716605e-01 4.901102e-01 0.000000e+00
    outer loop
      vertex   3.759857e+01 -5.750813e+00 3.000000e+00
      vertex   3.718024e+01 -6.494799e+00 0.000000e+00
      vertex   3.718024e+01 -6.494799e+00 3.000000e+00
    endloop
  endfacet
  facet normal -8.361821e-01 5.484519e-01 0.000000e+00
    outer loop
      vertex   3.718024e+01 -6.494799e+00 3.000000e+00
      vertex   3.718024e+01 -6.494799e+00 0.000000e+00
      vertex   3.671212e+01 -7.208504e+00 0.000000e+00
    endloop
  endfacet
  facet normal -8.361821e-01 5.484519e-01 0.000000e+00
    outer loop
      vertex   3.718024e+01 -6.494799e+00 3.000000e+00
      vertex   3.671212e+01 -7.208504e+00 0.000000e+00
      vertex   3.671212e+01 -7.208504e+00 3.000000e+00
    endloop
  endfacet
  facet normal -7.968051e-01 6.042364e-01 0.000000e+00
    outer loop
      vertex   3.671212e+01 -7.208504e+00 3.000000e+00
      vertex   3.671212e+01 -7.208504e+00 0.000000e+00
      vertex   3.619639e+01 -7.888599e+00 0.000000e+00
    endloop
  endfacet
  facet normal -7.968051e-01 6.042364e-01 0.000000e+00
    outer loop
      vertex   3.671212e+01 -7.208504e+00 3.000000e+00
      vertex   3.619639e+01 -7.888599e+00 0.000000e+00
      vertex   3.619639e+01 -7.888599e+00 3.000000e+00
    endloop
  endfacet
  facet normal -7.537130e-01 6.572037e-01 0.000000e+00
    outer loop
      vertex   3.619639e+01 -7.888599e+00 3.000000e+00
      vertex   3.619639e+01 -7.888599e+00 0.000000e+00
      vertex   3.563545e+01 -8.531914e+00 0.000000e+00
    endloop
  endfacet
  facet normal -7.537130e-01 6.572037e-01 0.000000e+00
    outer loop
      vertex   3.619639e+01 -7.888599e+00 3.000000e+00
      vertex   3.563545e+01 -8.531914e+00 0.000000e+00
      vertex   3.563545e+01 -8.531914e+00 3.000000e+00
    endloop
  endfacet
  facet normal -7.071068e-01 7.071068e-01 0.000000e+00
    outer loop
      vertex   3.563545e+01 -8.531914e+00 3.000000e+00
      vertex   3.563545e+01 -8.531914e+00 0.000000e+00
      vertex   3.503191e+01 -9.135450e+00 0.000000e+00
    endloop
  endfacet
  facet normal -7.071068e-01 7.071068e-01 0.000000e+00
    outer loop
      vertex   3.563545e+01 -8.531914e+00 3.000000e+00
      vertex   3.503191e+01 -9.135450e+00 0.000000e+00
      vertex   3.503191e+01 -9.135450e+00 3.000000e+00
    endloop
  endfacet
  facet normal -6.572037e-01 7.537130e-01 0.000000e+00
    outer loop
      vertex   3.503191e+01 -9.135450e+00 3.000000e+00
      vertex   3.503191e+01 -9.135450e+00 0.000000e+00
      vertex   3.438860e+01 -9.696391e+00 0.000000e+00
    endloop
  endfacet
  facet normal -6.572037e-01 7.537130e-01 0.000000e+00
    outer loop
      vertex   3.503191e+01 -9.135450e+00 3.000000e+00
      vertex   3.438860e+01 -9.696391e+00 0.000000e+00
      vertex   3.438860e+01 -9.696391e+00 3.000000e+00
    endloop
  endfacet
  facet normal -6.042364e-01 7.968051e-01 0.000000e+00
    outer loop
      vertex   3.438860e+01 -9.696391e+00 3.000000e+00
      vertex   3.438860e+01 -9.696391e+00 0.000000e+00
      vertex   3.370850e+01 -1.021212e+01 0.000000e+00
    endloop
  endfacet
  facet normal -6.042364e-01 7.968051e-01 0.000000e+00
    outer loop
      vertex   3.438860e+01 -9.696391e+00 3.000000e+00
      vertex   3.370850e+01 -1.021212e+01 0.000000e+00
      vertex   3.370850e+01 -1.021212e+01 3.000000e+00
    endloop
  endfacet
  facet normal -5.484519e-01 8.361821e-01 0.000000e+00
    outer loop
      vertex   3.370850e+01 -1.021212e+01 3.000000e+00
      vertex   3.370850e+01 -1.021212e+01 0.000000e+00
      vertex   3.299480e+01 -1.068024e+01 0.000000e+00
    endloop
  endfacet
  facet normal -5.484519e-01 8.361821e-01 0.000000e+00
    outer loop
      vertex   3.370850e+01 -1.021212e+01 3.000000e+00
      vertex   3.299480e+01 -1.068024e+01 0.000000e+00
      vertex   3.299480e+01 -1.068024e+01 3.000000e+00
    endloop
  endfacet
  facet normal -4.901102e-01 8.716605e-01 0.000000e+00
    outer loop
      vertex   3.299480e+01 -1.068024e+01 3.000000e+00
      vertex   3.299480e+01 -1.068024e+01 0.000000e+00
      vertex   3.225081e+01 -1.109857e+01 0.000000e+00
    endloop
  endfacet
  facet normal -4.901102e-01 8.716605e-01 0.000000e+00
    outer loop
      vertex   3.299480e+01 -1.068024e+01 3.000000e+00
      vertex   3.225081e+01 -1.109857e+01 0.000000e+00
      vertex   3.225081e+01 -1.109857e+01 3.000000e+00
    endloop
  endfacet
  facet normal -4.294834e-01 9.030747e-01 0.000000e+00
    outer loop
      vertex   3.225081e+01 -1.109857e+01 3.000000e+00
      vertex   3.225081e+01 -1.109857e+01 0.000000e+00
      vertex   3.148001e+01 -1.146514e+01 0.000000e+00
    endloop
  endfacet
  facet normal -4.294834e-01 9.030747e-01 0.000000e+00
    outer loop
      vertex   3.225081e+01 -1.109857e+01 3.000000e+00
      vertex   3.148001e+01 -1.146514e+01 0.000000e+00
      vertex   3.148001e+01 -1.146514e+01 3.000000e+00
    endloop
  endfacet
  facet normal -3.668542e-01 9.302784e-01 0.000000e+00
    outer loop
      vertex   3.148001e+01 -1.146514e+01 3.000000e+00
      vertex   3.148001e+01 -1.146514e+01 0.000000e+00
      vertex   3.068600e+01 -1.177826e+01 0.000000e+00
    endloop
  endfacet
  facet normal -3.668542e-01 9.302784e-01 0.000000e+00
    outer loop
      vertex   3.148001e+01 -1.146514e+01 3.000000e+00
      vertex   3.068600e+01 -1.177826e+01 0.000000e+00
      vertex   3.068600e+01 -1.177826e+01 3.000000e+00
    endloop
  endfacet
  facet normal -3.025146e-01 9.531448e-01 0.000000e+00
    outer loop
      vertex   3.068600e+01 -1.177826e+01 3.000000e+00
      vertex   3.068600e+01 -1.177826e+01 0.000000e+00
      vertex   2.987246e+01 -1.203647e+01 0.000000e+00
    endloop
  endfacet
  facet normal -3.025146e-01 9.531448e-01 0.000000e+00
    outer loop
      vertex   3.068600e+01 -1.177826e+01 3.000000e+00
      vertex   2.987246e+01 -1.203647e+01 0.000000e+00
      vertex   2.987246e+01 -1.203647e+01 3.000000e+00
    endloop
  endfacet
  facet normal -2.367644e-01 9.715671e-01 0.000000e+00
    outer loop
      vertex   2.987246e+01 -1.203647e+01 3.000000e+00
      vertex   2.987246e+01 -1.203647e+01 0.000000e+00
      vertex   2.904320e+01 -1.223855e+01 0.000000e+00
    endloop
  endfacet
  facet normal -2.367644e-01 9.715671e-01 0.000000e+00
    outer loop
      vertex   2.987246e+01 -1.203647e+01 3.000000e+00
      vertex   2.904320e+01 -1.223855e+01 0.000000e+00
      vertex   2.904320e+01 -1.223855e+01 3.000000e+00
    endloop
  endfacet
  facet normal -1.699104e-01 9.854595e-01 0.000000e+00
    outer loop
      vertex   2.904320e+01 -1.223855e+01 3.000000e+00
      vertex   2.904320e+01 -1.223855e+01 0.000000e+00
      vertex   2.820208e+01 -1.238357e+01 0.000000e+00
    endloop
  endfacet
  facet normal -1.699104e-01 9.854595e-01 0.000000e+00
    outer loop
      vertex   2.904320e+01 -1.223855e+01 3.000000e+00
      vertex   2.820208e+01 -1.238357e+01 0.000000e+00
      vertex   2.820208e+01 -1.238357e+01 3.000000e+00
    endloop
  endfacet
  facet normal -1.022641e-01 9.947573e-01 0.000000e+00
    outer loop
      vertex   2.820208e+01 -1.238357e+01 3.000000e+00
      vertex   2.820208e+01 -1.238357e+01 0.000000e+00
      vertex   2.735303e+01 -1.247086e+01 0.000000e+00
    endloop
  endfacet
  facet normal -1.022641e-01 9.947573e-01 0.000000e+00
    outer loop
      vertex   2.820208e+01 -1.238357e+01 3.000000e+00
      vertex   2.735303e+01 -1.247086e+01 0.000000e+00
      vertex   2.735303e+01 -1.247086e+01 3.000000e+00
    endloop
  endfacet
  facet normal -3.414111e-02 9.994170e-01 0.000000e+00
    outer loop
      vertex   2.735303e+01 -1.247086e+01 3.000000e+00
      vertex   2.735303e+01 -1.247086e+01 0.000000e+00
      vertex   2.650000e+01 -1.250000e+01 0.000000e+00
    endloop
  endfacet
  facet normal -3.414111e-02 9.994170e-01 0.000000e+00
    outer loop
      vertex   2.735303e+01 -1.247086e+01 3.000000e+00
      vertex   2.650000e+01 -1.250000e+01 0.000000e+00
      vertex   2.650000e+01 -1.250000e+01 3.000000e+00
    endloop
  endfacet
  facet normal 3.414111e-02 9.994170e-01 0.000000e+00
    outer loop
      vertex   2.650000e+01 -1.250000e+01 3.000000e+00
      vertex   2.650000e+01 -1.250000e+01 0.000000e+00
      vertex   2.564697e+01 -1.247086e+01 0.000000e+00
    endloop
  endfacet
  facet normal 3.414111e-02 9.994170e-01 0.000000e+00
    outer loop
      vertex   2.650000e+01 -1.250000e+01 3.000000e+00
      vertex   2.564697e+01 -1.247086e+01 0.000000e+00
      vertex   2.564697e+01 -1.247086e+01 3.000000e+00
    endloop
  endfacet
  facet normal 1.022641e-01 9.947573e-01 0.000000e+00
    outer loop
      vertex   2.564697e+01 -1.247086e+01 3.000000e+00
      vertex   2.564697e+01 -1.247086e+01 0.000000e+00
      vertex   2.479792e+01 -1.238357e+01 0.000000e+00
    endloop
  endfacet
  facet normal 1.022641e-01 9.947573e-01 0.000000e+00
    outer loop
      vertex   2.564697e+01 -1.247086e+01 3.000000e+00
      vertex   2.479792e+01 -1.238357e+01 0.000000e+00
      vertex   2.479792e+01 -1.238357e+01 3.000000e+00
    endloop
  endfacet
  facet normal 1.699104e-01 9.854595e-01 0.000000e+00
    outer loop
      vertex   2.479792e+01 -1.238357e+01 3.000000e+00
      vertex   2.479792e+01 -1.238357e+01 0.000000e+00
      vertex   2.395680e+01 -1.223855e+01 0.000000e+00
    endloop
  endfacet
  facet normal 1.699104e-01 9.854595e-01 0.000000e+00
    outer loop
      vertex   2.479792e+01 -1.238357e+01 3.000000e+00
      vertex   2.395680e+01 -1.223855e+01 0.000000e+00
      vertex   2.395680e+01 -1.223855e+01 3.000000e+00
    endloop
  endfacet
  facet normal 2.367644e-01 9.715671e-01 0.000000e+00
    outer loop
      vertex   2.395680e+01 -1.223855e+01 3.000000e+00
      vertex   2.395680e+01 -1.223855e+01 0.000000e+00
      vertex   2.312754e+01 -1.203647e+01 0.000000e+00
    endloop
  endfacet
  facet normal 2.367644e-01 9.715671e-01 0.000000e+00
    outer loop
      vertex   2.395680e+01 -1.223855e+01 3.000000e+00
      vertex   2.312754e+01 -1.203647e+01 0.000000e+00
      vertex   2.312754e+01 -1.203647e+01 3.000000e+00
    endloop
  endfacet
  facet normal 3.025146e-01 9.531448e-01 0.000000e+00
    outer loop
      vertex   2.312754e+01 -1.203647e+01 3.000000e+00
      vertex   2.312754e+01 -1.203647e+01 0.000000e+00
      vertex   2.231400e+01 -1.177826e+01 0.000000e+00
    endloop
  endfacet
  facet normal 3.025146e-01 9.531448e-01 0.000000e+00
    outer loop
      vertex   2.312754e+01 -1.203647e+01 3.000000e+00
      vertex   2.231400e+01 -1.177826e+01 0.000000e+00
      vertex   2.231400e+01 -1.177826e+01 3.000000e+00
    endloop
  endfacet
  facet normal 3.668542e-01 9.302784e-01 0.000000e+00
    outer loop
      vertex   2.231400e+01 -1.177826e+01 3.000000e+00
      vertex   2.231400e+01 -1.177826e+01 0.000000e+00
      vertex   2.151999e+01 -1.146514e+01 0.000000e+00
    endloop
  endfacet
  facet normal 3.668542e-01 9.302784e-01 0.000000e+00
    outer loop
      vertex   2.231400e+01 -1.177826e+01 3.000000e+00
      vertex   2.151999e+01 -1.146514e+01 0.000000e+00
      vertex   2.151999e+01 -1.146514e+01 3.000000e+00
    endloop
  endfacet
  facet normal 4.294834e-01 9.030747e-01 0.000000e+00
    outer loop
      vertex   2.151999e+01 -1.146514e+01 3.000000e+00
      vertex   2.151999e+01 -1.146514e+01 0.000000e+00
      vertex   2.074919e+01 -1.109857e+01 0.000000e+00
    endloop
  endfacet
  facet normal 4.294834e-01 9.030747e-01 0.000000e+00
    outer loop
      vertex   2.151999e+01 -1.146514e+01 3.000000e+00
      vertex   2.074919e+01 -1.109857e+01 0.000000e+00
      vertex   2.074919e+01 -1.109857e+01 3.000000e+00
    endloop
  endfacet
  facet normal 4.901102e-01 8.716605e-01 0.000000e+00
    outer loop
      vertex   2.074919e+01 -1.109857e+01 3.000000e+00
      vertex   2.074919e+01 -1.109857e+01 0.000000e+00
      vertex   2.000520e+01 -1.068024e+01 0.000000e+00
    endloop
  endfacet
  facet normal 4.901102e-01 8.716605e-01 0.000000e+00
    outer loop
      vertex   2.074919e+01 -1.109857e+01 3.000000e+00
      vertex   2.000520e+01 -1.068024e+01 0.000000e+00
      vertex   2.000520e+01 -1.068024e+01 3.000000e+00
    endloop
  endfacet
  facet normal 5.484519e-01 8.361821e-01 0.000000e+00
    outer loop
      vertex   2.000520e+01 -1.068024e+01 3.000000e+00
      vertex   2.000520e+01 -1.068024e+01 0.000000e+00
      vertex   1.929150e+01 -1.021212e+01 0.000000e+00
    endloop
  endfacet
  facet normal 5.484519e-01 8.361821e-01 0.000000e+00
    outer loop
      vertex   2.000520e+01 -1.068024e+01 3.000000e+00
      vertex   1.929150e+01 -1.021212e+01 0.000000e+00
      vertex   1.929150e+01 -1.021212e+01 3.000000e+00
    endloop
  endfacet
  facet normal 6.042364e-01 7.968051e-01 0.000000e+00
    outer loop
      vertex   1.929150e+01 -1.021212e+01 3.000000e+00
      vertex   1.929150e+01 -1.021212e+01 0.000000e+00
      vertex   1.861140e+01 -9.696391e+00 0.000000e+00
    endloop
  endfacet
  facet normal 6.042364e-01 7.968051e-01 0.000000e+00
    outer loop
      vertex   1.929150e+01 -1.021212e+01 3.000000e+00
      vertex   1.861140e+01 -9.696391e+00 0.000000e+00
      vertex   1.861140e+01 -9.696391e+00 3.000000e+00
    endloop
  endfacet
  facet normal 6.572037e-01 7.537130e-01 0.000000e+00
    outer loop
      vertex   1.861140e+01 -9.696391e+00 3.000000e+00
      vertex   1.861140e+01 -9.696391e+00 0.000000e+00
      vertex   1.796809e+01 -9.135450e+00 0.000000e+00
    endloop
  endfacet
  facet normal 6.572037e-01 7.537130e-01 0.000000e+00
    outer loop
      vertex   1.861140e+01 -9.696391e+00 3.000000e+00
      vertex   1.796809e+01 -9.135450e+00 0.000000e+00
      vertex   1.796809e+01 -9.135450e+00 3.000000e+00
    endloop
  endfacet
  facet normal 7.071068e-01 7.071068e-01 0.000000e+00
    outer loop
      vertex   1.796809e+01 -9.135450e+00 3.000000e+00
      vertex   1.796809e+01 -9.135450e+00 0.000000e+00
      vertex   1.736455e+01 -8.531914e+00 0.000000e+00
    endloop
  endfacet
  facet normal 7.071068e-01 7.071068e-01 0.000000e+00
    outer loop
      vertex   1.796809e+01 -9.135450e+00 3.000000e+00
      vertex   1.736455e+01 -8.531914e+00 0.000000e+00
      vertex   1.736455e+01 -8.531914e+00 3.000000e+00
    endloop
  endfacet
  facet normal 7.537130e-01 6.572037e-01 0.000000e+00
    outer loop
      vertex   1.736455e+01 -8.531914e+00 3.000000e+00
      vertex   1.736455e+01 -8.531914e+00 0.000000e+00
      vertex   1.680361e+01 -7.888599e+00 0.000000e+00
    endloop
  endfacet
  facet normal 7.537130e-01 6.572037e-01 0.000000e+00
    outer loop
      vertex   1.736455e+01 -8.531914e+00 3.000000e+00
      vertex   1.680361e+01 -7.888599e+00 0.000000e+00
      vertex   1.680361e+01 -7.888599e+00 3.000000e+00
    endloop
  endfacet
  facet normal 7.968051e-01 6.042364e-01 0.000000e+00
    outer loop
      vertex   1.680361e+01 -7.888599e+00 3.000000e+00
      vertex   1.680361e+01 -7.888599e+00 0.000000e+00
      vertex   1.628788e+01 -7.208504e+00 0.000000e+00
    endloop
  endfacet
  facet normal 7.968051e-01 6.042364e-01 0.000000e+00
    outer loop
      vertex   1.680361e+01 -7.888599e+00 3.000000e+00
      vertex   1.628788e+01 -7.208504e+00 0.000000e+00
      vertex   1.628788e+01 -7.208504e+00 3.000000e+00
    endloop
  endfacet
  facet normal 8.361821e-01 5.484519e-01 0.000000e+00
    outer loop
      vertex   1.628788e+01 -7.208504e+00 3.000000e+00
      vertex   1.628788e+01 -7.208504e+00 0.000000e+00
      vertex   1.581976e+01 -6.494799e+00 0.000000e+00
    endloop
  endfacet
  facet normal 8.361821e-01 5.484519e-01 0.000000e+00
    outer loop
      vertex   1.628788e+01 -7.208504e+00 3.000000e+00
      vertex   1.581976e+01 -6.494799e+00 0.000000e+00
      vertex   1.581976e+01 -6.494799e+00 3.000000e+00
    endloop
  endfacet
  facet normal 8.716605e-01 4.901102e-01 0.000000e+00
    outer loop
      vertex   1.581976e+01 -6.494799e+00 3.000000e+00
      vertex   1.581976e+01 -6.494799e+00 0.000000e+00
      vertex   1.540143e+01 -5.750813e+00 0.000000e+00
    endloop
  endfacet
  facet normal 8.716605e-01 4.901102e-01 0.000000e+00
    outer loop
      vertex   1.581976e+01 -6.494799e+00 3.000000e+00
      vertex   1.540143e+01 -5.750813e+00 0.000000e+00
      vertex   1.540143e+01 -5.750813e+00 3.000000e+00
    endloop
  endfacet
  facet normal 9.030747e-01 4.294834e-01 0.000000e+00
    outer loop
      vertex   1.540143e+01 -5.750813e+00 3.000000e+00
      vertex   1.540143e+01 -5.750813e+00 0.000000e+00
      vertex   1.503486e+01 -4.980014e+00 0.000000e+00
    endloop
  endfacet
  facet normal 9.030747e-01 4.294834e-01 0.000000e+00
    outer loop
      vertex   1.540143e+01 -5.750813e+00 3.000000e+00
      vertex   1.503486e+01 -4.980014e+00 0.000000e+00
      vertex   1.503486e+01 -4.980014e+00 3.000000e+00
    endloop
  endfacet
  facet normal 9.302784e-01 3.668542e-01 0.000000e+00
    outer loop
      vertex   1.503486e+01 -4.980014e+00 3.000000e+00
      vertex   1.503486e+01 -4.980014e+00 0.000000e+00
      vertex   1.472174e+01 -4.185995e+00 0.000000e+00
    endloop
  endfacet
  facet normal 9.302784e-01 3.668542e-01 0.000000e+00
    outer loop
      vertex   1.503486e+01 -4.980014e+00 3.000000e+00
      vertex   1.472174e+01 -4.185995e+00 0.000000e+00
      vertex   1.472174e+01 -4.185995e+00 3.000000e+00
    endloop
  endfacet
  facet normal 9.531448e-01 3.025146e-01 0.000000e+00
    outer loop
      vertex   1.472174e+01 -4.185995e+00 3.000000e+00
      vertex   1.472174e+01 -4.185995e+00 0.000000e+00
      vertex   1.446353e+01 -3.372460e+00 0.000000e+00
    endloop
  endfacet
  facet normal 9.531448e-01 3.025146e-01 0.000000e+00
    outer loop
      vertex   1.472174e+01 -4.185995e+00 3.000000e+00
      vertex   1.446353e+01 -3.372460e+00 0.000000e+00
      vertex   1.446353e+01 -3.372460e+00 3.000000e+00
    endloop
  endfacet
  facet normal 9.715671e-01 2.367644e-01 0.000000e+00
    outer loop
      vertex   1.446353e+01 -3.372460e+00 3.000000e+00
      vertex   1.446353e+01 -3.372460e+00 0.000000e+00
      vertex   1.426145e+01 -2.543200e+00 0.000000e+00
    endloop
  endfacet
  facet normal 9.715671e-01 2.367644e-01 0.000000e+00
    outer loop
      vertex   1.446353e+01 -3.372460e+00 3.000000e+00
      vertex   1.426145e+01 -2.543200e+00 0.000000e+00
      vertex   1.426145e+01 -2.543200e+00 3.000000e+00
    endloop
  endfacet
  facet normal 9.854595e-01 1.699104e-01 0.000000e+00
    outer loop
      vertex   1.426145e+01 -2.543200e+00 3.000000e+00
      vertex   1.426145e+01 -2.543200e+00 0.000000e+00
      vertex   1.411643e+01 -1.702083e+00 0.000000e+00
    endloop
  endfacet
  facet normal 9.854595e-01 1.699104e-01 0.000000e+00
    outer loop
      vertex   1.426145e+01 -2.543200e+00 3.000000e+00
      vertex   1.411643e+01 -1.702083e+00 0.000000e+00
      vertex   1.411643e+01 -1.702083e+00 3.000000e+00
    endloop
  endfacet
  facet normal 9.947573e-01 1.022641e-01 0.000000e+00
    outer loop
      vertex   1.411643e+01 -1.702083e+00 3.000000e+00
      vertex   1.411643e+01 -1.702083e+00 0.000000e+00
      vertex   1.402914e+01 -8.530302e-01 0.000000e+00
    endloop
  endfacet
  facet normal 9.994170e-01 -3.414111e-02 0.000000e+00
    outer loop
      vertex   -3.897086e+01 8.530302e-01 0.000000e+00
      vertex   -3.897086e+01 8.530302e-01 3.000000e+00
      vertex   -3.900000e+01 1.530808e-15 0.000000e+00
    endloop
  endfacet
  facet normal 9.994170e-01 -3.414111e-02 0.000000e+00
    outer loop
      vertex   -3.900000e+01 1.530808e-15 0.000000e+00
      vertex   -3.897086e+01 8.530302e-01 3.000000e+00
      vertex   -3.900000e+01 1.530808e-15 3.000000e+00
    endloop
  endfacet
  facet normal 9.994170e-01 3.414111e-02 -0.000000e+00
    outer loop
      vertex   -3.900000e+01 1.530808e-15 0.000000e+00
      vertex   -3.900000e+01 1.530808e-15 3.000000e+00
      vertex   -3.897086e+01 -8.530302e-01 0.000000e+00
    endloop
  endfacet
  facet normal 9.994170e-01 3.414111e-02 -0.000000e+00
    outer loop
      vertex   -3.897086e+01 -8.530302e-01 0.000000e+00
      vertex   -3.900000e+01 1.530808e-15 3.000000e+00
      vertex   -3.897086e+01 -8.530302e-01 3.000000e+00
    endloop
  endfacet
  facet normal 9.947573e-01 1.022641e-01 -0.000000e+00
    outer loop
      vertex   -3.897086e+01 -8.530302e-01 0.000000e+00
      vertex   -3.897086e+01 -8.530302e-01 3.000000e+00
      vertex   -3.888357e+01 -1.702083e+00 3.000000e+00
    endloop
  endfacet
  facet normal 9.947573e-01 -1.022641e-01 0.000000e+00
    outer loop
      vertex   -3.897086e+01 8.530302e-01 0.000000e+00
      vertex   -3.888357e+01 1.702083e+00 0.000000e+00
      vertex   -3.897086e+01 8.530302e-01 3.000000e+00
    endloop
  endfacet
  facet normal 9.947573e-01 -1.022641e-01 0.000000e+00
    outer loop
      vertex   -3.897086e+01 8.530302e-01 3.000000e+00
      vertex   -3.888357e+01 1.702083e+00 0.000000e+00
      vertex   -3.888357e+01 1.702083e+00 3.000000e+00
    endloop
  endfacet
  facet normal 9.854595e-01 -1.699104e-01 0.000000e+00
    outer loop
      vertex   -3.888357e+01 1.702083e+00 3.000000e+00
      vertex   -3.888357e+01 1.702083e+00 0.000000e+00
      vertex   -3.873855e+01 2.543200e+00 0.000000e+00
    endloop
  endfacet
  facet normal 9.854595e-01 -1.699104e-01 0.000000e+00
    outer loop
      vertex   -3.888357e+01 1.702083e+00 3.000000e+00
      vertex   -3.873855e+01 2.543200e+00 0.000000e+00
      vertex   -3.873855e+01 2.543200e+00 3.000000e+00
    endloop
  endfacet
  facet normal 9.715671e-01 -2.367644e-01 0.000000e+00
    outer loop
      vertex   -3.873855e+01 2.543200e+00 3.000000e+00
      vertex   -3.873855e+01 2.543200e+00 0.000000e+00
      vertex   -3.853647e+01 3.372460e+00 0.000000e+00
    endloop
  endfacet
  facet normal 9.715671e-01 -2.367644e-01 0.000000e+00
    outer loop
      vertex   -3.873855e+01 2.543200e+00 3.000000e+00
      vertex   -3.853647e+01 3.372460e+00 0.000000e+00
      vertex   -3.853647e+01 3.372460e+00 3.000000e+00
    endloop
  endfacet
  facet normal 9.531448e-01 -3.025146e-01 0.000000e+00
    outer loop
      vertex   -3.853647e+01 3.372460e+00 3.000000e+00
      vertex   -3.853647e+01 3.372460e+00 0.000000e+00
      vertex   -3.827826e+01 4.185995e+00 0.000000e+00
    endloop
  endfacet
  facet normal 9.531448e-01 -3.025146e-01 0.000000e+00
    outer loop
      vertex   -3.853647e+01 3.372460e+00 3.000000e+00
      vertex   -3.827826e+01 4.185995e+00 0.000000e+00
      vertex   -3.827826e+01 4.185995e+00 3.000000e+00
    endloop
  endfacet
  facet normal 9.302784e-01 -3.668542e-01 0.000000e+00
    outer loop
      vertex   -3.827826e+01 4.185995e+00 3.000000e+00
      vertex   -3.827826e+01 4.185995e+00 0.000000e+00
      vertex   -3.796514e+01 4.980014e+00 0.000000e+00
    endloop
  endfacet
  facet normal 9.302784e-01 -3.668542e-01 0.000000e+00
    outer loop
      vertex   -3.827826e+01 4.185995e+00 3.000000e+00
      vertex   -3.796514e+01 4.980014e+00 0.000000e+00
      vertex   -3.796514e+01 4.980014e+00 3.000000e+00
    endloop
  endfacet
  facet normal 9.030747e-01 -4.294834e-01 0.000000e+00
    outer loop
      vertex   -3.796514e+01 4.980014e+00 3.000000e+00
      vertex   -3.796514e+01 4.980014e+00 0.000000e+00
      vertex   -3.759857e+01 5.750813e+00 0.000000e+00
    endloop
  endfacet
  facet normal 9.030747e-01 -4.294834e-01 0.000000e+00
    outer loop
      vertex   -3.796514e+01 4.980014e+00 3.000000e+00
      vertex   -3.759857e+01 5.750813e+00 0.000000e+00
      vertex   -3.759857e+01 5.750813e+00 3.000000e+00
    endloop
  endfacet
  facet normal 8.716605e-01 -4.901102e-01 0.000000e+00
    outer loop
      vertex   -3.759857e+01 5.750813e+00 3.000000e+00
      vertex   -3.759857e+01 5.750813e+00 0.000000e+00
      vertex   -3.718024e+01 6.494799e+00 0.000000e+00
    endloop
  endfacet
  facet normal 8.716605e-01 -4.901102e-01 0.000000e+00
    outer loop
      vertex   -3.759857e+01 5.750813e+00 3.000000e+00
      vertex   -3.718024e+01 6.494799e+00 0.000000e+00
      vertex   -3.718024e+01 6.494799e+00 3.000000e+00
    endloop
  endfacet
  facet normal 8.361821e-01 -5.484519e-01 0.000000e+00
    outer loop
      vertex   -3.718024e+01 6.494799e+00 3.000000e+00
      vertex   -3.718024e+01 6.494799e+00 0.000000e+00
      vertex   -3.671212e+01 7.208504e+00 0.000000e+00
    endloop
  endfacet
  facet normal 8.361821e-01 -5.484519e-01 0.000000e+00
    outer loop
      vertex   -3.718024e+01 6.494799e+00 3.000000e+00
      vertex   -3.671212e+01 7.208504e+00 0.000000e+00
      vertex   -3.671212e+01 7.208504e+00 3.000000e+00
    endloop
  endfacet
  facet normal 7.968051e-01 -6.042364e-01 0.000000e+00
    outer loop
      vertex   -3.671212e+01 7.208504e+00 3.000000e+00
      vertex   -3.671212e+01 7.208504e+00 0.000000e+00
      vertex   -3.619639e+01 7.888599e+00 0.000000e+00
    endloop
  endfacet
  facet normal 7.968051e-01 -6.042364e-01 0.000000e+00
    outer loop
      vertex   -3.671212e+01 7.208504e+00 3.000000e+00
      vertex   -3.619639e+01 7.888599e+00 0.000000e+00
      vertex   -3.619639e+01 7.888599e+00 3.000000e+00
    endloop
  endfacet
  facet normal 7.537130e-01 -6.572037e-01 0.000000e+00
    outer loop
      vertex   -3.619639e+01 7.888599e+00 3.000000e+00
      vertex   -3.619639e+01 7.888599e+00 0.000000e+00
      vertex   -3.563545e+01 8.531914e+00 0.000000e+00
    endloop
  endfacet
  facet normal 7.537130e-01 -6.572037e-01 0.000000e+00
    outer loop
      vertex   -3.619639e+01 7.888599e+00 3.000000e+00
      vertex   -3.563545e+01 8.531914e+00 0.000000e+00
      vertex   -3.563545e+01 8.531914e+00 3.000000e+00
    endloop
  endfacet
  facet normal 7.071068e-01 -7.071068e-01 0.000000e+00
    outer loop
      vertex   -3.563545e+01 8.531914e+00 3.000000e+00
      vertex   -3.563545e+01 8.531914e+00 0.000000e+00
      vertex   -3.503191e+01 9.135450e+00 0.000000e+00
    endloop
  endfacet
  facet normal 7.071068e-01 -7.071068e-01 0.000000e+00
    outer loop
      vertex   -3.563545e+01 8.531914e+00 3.000000e+00
      vertex   -3.503191e+01 9.135450e+00 0.000000e+00
      vertex   -3.503191e+01 9.135450e+00 3.000000e+00
    endloop
  endfacet
  facet normal 6.572037e-01 -7.537130e-01 0.000000e+00
    outer loop
      vertex   -3.503191e+01 9.135450e+00 3.000000e+00
      vertex   -3.503191e+01 9.135450e+00 0.000000e+00
      vertex   -3.438860e+01 9.696391e+00 0.000000e+00
    endloop
  endfacet
  facet normal 6.572037e-01 -7.537130e-01 0.000000e+00
    outer loop
      vertex   -3.503191e+01 9.135450e+00 3.000000e+00
      vertex   -3.438860e+01 9.696391e+00 0.000000e+00
      vertex   -3.438860e+01 9.696391e+00 3.000000e+00
    endloop
  endfacet
  facet normal 6.042364e-01 -7.968051e-01 0.000000e+00
    outer loop
      vertex   -3.438860e+01 9.696391e+00 3.000000e+00
      vertex   -3.438860e+01 9.696391e+00 0.000000e+00
      vertex   -3.370850e+01 1.021212e+01 0.000000e+00
    endloop
  endfacet
  facet normal 6.042364e-01 -7.968051e-01 0.000000e+00
    outer loop
      vertex   -3.438860e+01 9.696391e+00 3.000000e+00
      vertex   -3.370850e+01 1.021212e+01 0.000000e+00
      vertex   -3.370850e+01 1.021212e+01 3.000000e+00
    endloop
  endfacet
  facet normal 5.484519e-01 -8.361821e-01 0.000000e+00
    outer loop
      vertex   -3.370850e+01 1.021212e+01 3.000000e+00
      vertex   -3.370850e+01 1.021212e+01 0.000000e+00
      vertex   -3.299480e+01 1.068024e+01 0.000000e+00
    endloop
  endfacet
  facet normal 5.484519e-01 -8.361821e-01 0.000000e+00
    outer loop
      vertex   -3.370850e+01 1.021212e+01 3.000000e+00
      vertex   -3.299480e+01 1.068024e+01 0.000000e+00
      vertex   -3.299480e+01 1.068024e+01 3.000000e+00
    endloop
  endfacet
  facet normal 4.901102e-01 -8.716605e-01 0.000000e+00
    outer loop
      vertex   -3.299480e+01 1.068024e+01 3.000000e+00
      vertex   -3.299480e+01 1.068024e+01 0.000000e+00
      vertex   -3.225081e+01 1.109857e+01 0.000000e+00
    endloop
  endfacet
  facet normal 4.901102e-01 -8.716605e-01 0.000000e+00
    outer loop
      vertex   -3.299480e+01 1.068024e+01 3.000000e+00
      vertex   -3.225081e+01 1.109857e+01 0.000000e+00
      vertex   -3.225081e+01 1.109857e+01 3.000000e+00
    endloop
  endfacet
  facet normal 4.294834e-01 -9.030747e-01 0.000000e+00
    outer loop
      vertex   -3.225081e+01 1.109857e+01 3.000000e+00
      vertex   -3.225081e+01 1.109857e+01 0.000000e+00
      vertex   -3.148001e+01 1.146514e+01 0.000000e+00
    endloop
  endfacet
  facet normal 4.294834e-01 -9.030747e-01 0.000000e+00
    outer loop
      vertex   -3.225081e+01 1.109857e+01 3.000000e+00
      vertex   -3.148001e+01 1.146514e+01 0.000000e+00
      vertex   -3.148001e+01 1.146514e+01 3.000000e+00
    endloop
  endfacet
  facet normal 3.668542e-01 -9.302784e-01 0.000000e+00
    outer loop
      vertex   -3.148001e+01 1.146514e+01 3.000000e+00
      vertex   -3.148001e+01 1.146514e+01 0.000000e+00
      vertex   -3.068600e+01 1.177826e+01 0.000000e+00
    endloop
  endfacet
  facet normal 3.668542e-01 -9.302784e-01 0.000000e+00
    outer loop
      vertex   -3.148001e+01 1.146514e+01 3.000000e+00
      vertex   -3.068600e+01 1.177826e+01 0.000000e+00
      vertex   -3.068600e+01 1.177826e+01 3.000000e+00
    endloop
  endfacet
  facet normal 3.025146e-01 -9.531448e-01 0.000000e+00
    outer loop
      vertex   -3.068600e+01 1.177826e+01 3.000000e+00
      vertex   -3.068600e+01 1.177826e+01 0.000000e+00
      vertex   -2.987246e+01 1.203647e+01 0.000000e+00
    endloop
  endfacet
  facet normal 3.025146e-01 -9.531448e-01 0.000000e+00
    outer loop
      vertex   -3.068600e+01 1.177826e+01 3.000000e+00
      vertex   -2.987246e+01 1.203647e+01 0.000000e+00
      vertex   -2.987246e+01 1.203647e+01 3.000000e+00
    endloop
  endfacet
  facet normal 2.367644e-01 -9.715671e-01 0.000000e+00
    outer loop
      vertex   -2.987246e+01 1.203647e+01 3.000000e+00
      vertex   -2.987246e+01 1.203647e+01 0.000000e+00
      vertex   -2.904320e+01 1.223855e+01 0.000000e+00
    endloop
  endfacet
  facet normal 2.367644e-01 -9.715671e-01 0.000000e+00
    outer loop
      vertex   -2.987246e+01 1.203647e+01 3.000000e+00
      vertex   -2.904320e+01 1.223855e+01 0.000000e+00
      vertex   -2.904320e+01 1.223855e+01 3.000000e+00
    endloop
  endfacet
  facet normal 1.699104e-01 -9.854595e-01 0.000000e+00
    outer loop
      vertex   -2.904320e+01 1.223855e+01 3.000000e+00
      vertex   -2.904320e+01 1.223855e+01 0.000000e+00
      vertex   -2.820208e+01 1.238357e+01 0.000000e+00
    endloop
  endfacet
  facet normal 1.699104e-01 -9.854595e-01 0.000000e+00
    outer loop
      vertex   -2.904320e+01 1.223855e+01 3.000000e+00
      vertex   -2.820208e+01 1.238357e+01 0.000000e+00
      vertex   -2.820208e+01 1.238357e+01 3.000000e+00
    endloop
  endfacet
  facet normal 1.022641e-01 -9.947573e-01 0.000000e+00
    outer loop
      vertex   -2.820208e+01 1.238357e+01 3.000000e+00
      vertex   -2.820208e+01 1.238357e+01 0.000000e+00
      vertex   -2.735303e+01 1.247086e+01 0.000000e+00
    endloop
  endfacet
  facet normal 1.022641e-01 -9.947573e-01 0.000000e+00
    outer loop
      vertex   -2.820208e+01 1.238357e+01 3.000000e+00
      vertex   -2.735303e+01 1.247086e+01 0.000000e+00
      vertex   -2.735303e+01 1.247086e+01 3.000000e+00
    endloop
  endfacet
  facet normal 3.414111e-02 -9.994170e-01 0.000000e+00
    outer loop
      vertex   -2.735303e+01 1.247086e+01 3.000000e+00
      vertex   -2.735303e+01 1.247086e+01 0.000000e+00
      vertex   -2.650000e+01 1.250000e+01 0.000000e+00
    endloop
  endfacet
  facet normal 3.414111e-02 -9.994170e-01 0.000000e+00
    outer loop
      vertex   -2.735303e+01 1.247086e+01 3.000000e+00
      vertex   -2.650000e+01 1.250000e+01 0.000000e+00
      vertex   -2.650000e+01 1.250000e+01 3.000000e+00
    endloop
  endfacet
  facet normal -3.414111e-02 -9.994170e-01 -0.000000e+00
    outer loop
      vertex   -2.650000e+01 1.250000e+01 3.000000e+00
      vertex   -2.650000e+01 1.250000e+01 0.000000e+00
      vertex   -2.564697e+01 1.247086e+01 0.000000e+00
    endloop
  endfacet
  facet normal -3.414111e-02 -9.994170e-01 0.000000e+00
    outer loop
      vertex   -2.650000e+01 1.250000e+01 3.000000e+00
      vertex   -2.564697e+01 1.247086e+01 0.000000e+00
      vertex   -2.564697e+01 1.247086e+01 3.000000e+00
    endloop
  endfacet
  facet normal -1.022641e-01 -9.947573e-01 -0.000000e+00
    outer loop
      vertex   -2.564697e+01 1.247086e+01 3.000000e+00
      vertex   -2.564697e+01 1.247086e+01 0.000000e+00
      vertex   -2.479792e+01 1.238357e+01 0.000000e+00
    endloop
  endfacet
  facet normal -1.022641e-01 -9.947573e-01 0.000000e+00
    outer loop
      vertex   -2.564697e+01 1.247086e+01 3.000000e+00
      vertex   -2.479792e+01 1.238357e+01 0.000000e+00
      vertex   -2.479792e+01 1.238357e+01 3.000000e+00
    endloop
  endfacet
  facet normal -1.699104e-01 -9.854595e-01 -0.000000e+00
    outer loop
      vertex   -2.479792e+01 1.238357e+01 3.000000e+00
      vertex   -2.479792e+01 1.238357e+01 0.000000e+00
      vertex   -2.395680e+01 1.223855e+01 0.000000e+00
    endloop
  endfacet
  facet normal -1.699104e-01 -9.854595e-01 0.000000e+00
    outer loop
      vertex   -2.479792e+01 1.238357e+01 3.000000e+00
      vertex   -2.395680e+01 1.223855e+01 0.000000e+00
      vertex   -2.395680e+01 1.223855e+01 3.000000e+00
    endloop
  endfacet
  facet normal -2.367644e-01 -9.715671e-01 -0.000000e+00
    outer loop
      vertex   -2.395680e+01 1.223855e+01 3.000000e+00
      vertex   -2.395680e+01 1.223855e+01 0.000000e+00
      vertex   -2.312754e+01 1.203647e+01 0.000000e+00
    endloop
  endfacet
  facet normal -2.367644e-01 -9.715671e-01 0.000000e+00
    outer loop
      vertex   -2.395680e+01 1.223855e+01 3.000000e+00
      vertex   -2.312754e+01 1.203647e+01 0.000000e+00
      vertex   -2.312754e+01 1.203647e+01 3.000000e+00
    endloop
  endfacet
  facet normal -3.025146e-01 -9.531448e-01 -0.000000e+00
    outer loop
      vertex   -2.312754e+01 1.203647e+01 3.000000e+00
      vertex   -2.312754e+01 1.203647e+01 0.000000e+00
      vertex   -2.231400e+01 1.177826e+01 0.000000e+00
    endloop
  endfacet
  facet normal -3.025146e-01 -9.531448e-01 0.000000e+00
    outer loop
      vertex   -2.312754e+01 1.203647e+01 3.000000e+00
      vertex   -2.231400e+01 1.177826e+01 0.000000e+00
      vertex   -2.231400e+01 1.177826e+01 3.000000e+00
    endloop
  endfacet
  facet normal -3.668542e-01 -9.302784e-01 -0.000000e+00
    outer loop
      vertex   -2.231400e+01 1.177826e+01 3.000000e+00
      vertex   -2.231400e+01 1.177826e+01 0.000000e+00
      vertex   -2.151999e+01 1.146514e+01 0.000000e+00
    endloop
  endfacet
  facet normal -3.668542e-01 -9.302784e-01 0.000000e+00
    outer loop
      vertex   -2.231400e+01 1.177826e+01 3.000000e+00
      vertex   -2.151999e+01 1.146514e+01 0.000000e+00
      vertex   -2.151999e+01 1.146514e+01 3.000000e+00
    endloop
  endfacet
  facet normal -4.294834e-01 -9.030747e-01 -0.000000e+00
    outer loop
      vertex   -2.151999e+01 1.146514e+01 3.000000e+00
      vertex   -2.151999e+01 1.146514e+01 0.000000e+00
      vertex   -2.074919e+01 1.109857e+01 0.000000e+00
    endloop
  endfacet
  facet normal -4.294834e-01 -9.030747e-01 0.000000e+00
    outer loop
      vertex   -2.151999e+01 1.146514e+01 3.000000e+00
      vertex   -2.074919e+01 1.109857e+01 0.000000e+00
      vertex   -2.074919e+01 1.109857e+01 3.000000e+00
    endloop
  endfacet
  facet normal -4.901102e-01 -8.716605e-01 -0.000000e+00
    outer loop
      vertex   -2.074919e+01 1.109857e+01 3.000000e+00
      vertex   -2.074919e+01 1.109857e+01 0.000000e+00
      vertex   -2.000520e+01 1.068024e+01 0.000000e+00
    endloop
  endfacet
  facet normal -4.901102e-01 -8.716605e-01 0.000000e+00
    outer loop
      vertex   -2.074919e+01 1.109857e+01 3.000000e+00
      vertex   -2.000520e+01 1.068024e+01 0.000000e+00
      vertex   -2.000520e+01 1.068024e+01 3.000000e+00
    endloop
  endfacet
  facet normal -5.484519e-01 -8.361821e-01 -0.000000e+00
    outer loop
      vertex   -2.000520e+01 1.068024e+01 3.000000e+00
      vertex   -2.000520e+01 1.068024e+01 0.000000e+00
      vertex   -1.929150e+01 1.021212e+01 0.000000e+00
    endloop
  endfacet
  facet normal -5.484519e-01 -8.361821e-01 0.000000e+00
    outer loop
      vertex   -2.000520e+01 1.068024e+01 3.000000e+00
      vertex   -1.929150e+01 1.021212e+01 0.000000e+00
      vertex   -1.929150e+01 1.021212e+01 3.000000e+00
    endloop
  endfacet
  facet normal -6.042364e-01 -7.968051e-01 -0.000000e+00
    outer loop
      vertex   -1.929150e+01 1.021212e+01 3.000000e+00
      vertex   -1.929150e+01 1.021212e+01 0.000000e+00
      vertex   -1.861140e+01 9.696391e+00 0.000000e+00
    endloop
  endfacet
  facet normal -6.042364e-01 -7.968051e-01 0.000000e+00
    outer loop
      vertex   -1.929150e+01 1.021212e+01 3.000000e+00
      vertex   -1.861140e+01 9.696391e+00 0.000000e+00
      vertex   -1.861140e+01 9.696391e+00 3.000000e+00
    endloop
  endfacet
  facet normal -6.572037e-01 -7.537130e-01 -0.000000e+00
    outer loop
      vertex   -1.861140e+01 9.696391e+00 3.000000e+00
      vertex   -1.861140e+01 9.696391e+00 0.000000e+00
      vertex   -1.796809e+01 9.135450e+00 0.000000e+00
    endloop
  endfacet
  facet normal -6.572037e-01 -7.537130e-01 0.000000e+00
    outer loop
      vertex   -1.861140e+01 9.696391e+00 3.000000e+00
      vertex   -1.796809e+01 9.135450e+00 0.000000e+00
      vertex   -1.796809e+01 9.135450e+00 3.000000e+00
    endloop
  endfacet
  facet normal -7.071068e-01 -7.071068e-01 -0.000000e+00
    outer loop
      vertex   -1.796809e+01 9.135450e+00 3.000000e+00
      vertex   -1.796809e+01 9.135450e+00 0.000000e+00
      vertex   -1.736455e+01 8.531914e+00 0.000000e+00
    endloop
  endfacet
  facet normal -7.071068e-01 -7.071068e-01 0.000000e+00
    outer loop
      vertex   -1.796809e+01 9.135450e+00 3.000000e+00
      vertex   -1.736455e+01 8.531914e+00 0.000000e+00
      vertex   -1.736455e+01 8.531914e+00 3.000000e+00
    endloop
  endfacet
  facet normal -7.537130e-01 -6.572037e-01 -0.000000e+00
    outer loop
      vertex   -1.736455e+01 8.531914e+00 3.000000e+00
      vertex   -1.736455e+01 8.531914e+00 0.000000e+00
      vertex   -1.680361e+01 7.888599e+00 0.000000e+00
    endloop
  endfacet
  facet normal -7.537130e-01 -6.572037e-01 0.000000e+00
    outer loop
      vertex   -1.736455e+01 8.531914e+00 3.000000e+00
      vertex   -1.680361e+01 7.888599e+00 0.000000e+00
      vertex   -1.680361e+01 7.888599e+00 3.000000e+00
    endloop
  endfacet
  facet normal -7.968051e-01 -6.042364e-01 -0.000000e+00
    outer loop
      vertex   -1.680361e+01 7.888599e+00 3.000000e+00
      vertex   -1.680361e+01 7.888599e+00 0.000000e+00
      vertex   -1.628788e+01 7.208504e+00 0.000000e+00
    endloop
  endfacet
  facet normal -7.968051e-01 -6.042364e-01 0.000000e+00
    outer loop
      vertex   -1.680361e+01 7.888599e+00 3.000000e+00
      vertex   -1.628788e+01 7.208504e+00 0.000000e+00
      vertex   -1.628788e+01 7.208504e+00 3.000000e+00
    endloop
  endfacet
  facet normal -8.361821e-01 -5.484519e-01 -0.000000e+00
    outer loop
      vertex   -1.628788e+01 7.208504e+00 3.000000e+00
      vertex   -1.628788e+01 7.208504e+00 0.000000e+00
      vertex   -1.581976e+01 6.494799e+00 0.000000e+00
    endloop
  endfacet
  facet normal -8.361821e-01 -5.484519e-01 0.000000e+00
    outer loop
      vertex   -1.628788e+01 7.208504e+00 3.000000e+00
      vertex   -1.581976e+01 6.494799e+00 0.000000e+00
      vertex   -1.581976e+01 6.494799e+00 3.000000e+00
    endloop
  endfacet
  facet normal -8.716605e-01 -4.901102e-01 -0.000000e+00
    outer loop
      vertex   -1.581976e+01 6.494799e+00 3.000000e+00
      vertex   -1.581976e+01 6.494799e+00 0.000000e+00
      vertex   -1.540143e+01 5.750813e+00 0.000000e+00
    endloop
  endfacet
  facet normal -8.716605e-01 -4.901102e-01 0.000000e+00
    outer loop
      vertex   -1.581976e+01 6.494799e+00 3.000000e+00
      vertex   -1.540143e+01 5.750813e+00 0.000000e+00
      vertex   -1.540143e+01 5.750813e+00 3.000000e+00
    endloop
  endfacet
  facet normal -9.030747e-01 -4.294834e-01 -0.000000e+00
    outer loop
      vertex   -1.540143e+01 5.750813e+00 3.000000e+00
      vertex   -1.540143e+01 5.750813e+00 0.000000e+00
      vertex   -1.503486e+01 4.980014e+00 0.000000e+00
    endloop
  endfacet
  facet normal -9.030747e-01 -4.294834e-01 0.000000e+00
    outer loop
      vertex   -1.540143e+01 5.750813e+00 3.000000e+00
      vertex   -1.503486e+01 4.980014e+00 0.000000e+00
      vertex   -1.503486e+01 4.980014e+00 3.000000e+00
    endloop
  endfacet
  facet normal -9.302784e-01 -3.668542e-01 -0.000000e+00
    outer loop
      vertex   -1.503486e+01 4.980014e+00 3.000000e+00
      vertex   -1.503486e+01 4.980014e+00 0.000000e+00
      vertex   -1.472174e+01 4.185995e+00 0.000000e+00
    endloop
  endfacet
  facet normal -9.302784e-01 -3.668542e-01 0.000000e+00
    outer loop
      vertex   -1.503486e+01 4.980014e+00 3.000000e+00
      vertex   -1.472174e+01 4.185995e+00 0.000000e+00
      vertex   -1.472174e+01 4.185995e+00 3.000000e+00
    endloop
  endfacet
  facet normal -9.531448e-01 -3.025146e-01 -0.000000e+00
    outer loop
      vertex   -1.472174e+01 4.185995e+00 3.000000e+00
      vertex   -1.472174e+01 4.185995e+00 0.000000e+00
      vertex   -1.446353e+01 3.372460e+00 0.000000e+00
    endloop
  endfacet
  facet normal -9.531448e-01 -3.025146e-01 0.000000e+00
    outer loop
      vertex   -1.472174e+01 4.185995e+00 3.000000e+00
      vertex   -1.446353e+01 3.372460e+00 0.000000e+00
      vertex   -1.446353e+01 3.372460e+00 3.000000e+00
    endloop
  endfacet
  facet normal -9.715671e-01 -2.367644e-01 -0.000000e+00
    outer loop
      vertex   -1.446353e+01 3.372460e+00 3.000000e+00
      vertex   -1.446353e+01 3.372460e+00 0.000000e+00
      vertex   -1.426145e+01 2.543200e+00 0.000000e+00
    endloop
  endfacet
  facet normal -9.715671e-01 -2.367644e-01 0.000000e+00
    outer loop
      vertex   -1.446353e+01 3.372460e+00 3.000000e+00
      vertex   -1.426145e+01 2.543200e+00 0.000000e+00
      vertex   -1.426145e+01 2.543200e+00 3.000000e+00
    endloop
  endfacet
  facet normal -9.854595e-01 -1.699104e-01 -0.000000e+00
    outer loop
      vertex   -1.426145e+01 2.543200e+00 3.000000e+00
      vertex   -1.426145e+01 2.543200e+00 0.000000e+00
      vertex   -1.411643e+01 1.702083e+00 0.000000e+00
    endloop
  endfacet
  facet normal -9.854595e-01 -1.699104e-01 0.000000e+00
    outer loop
      vertex   -1.426145e+01 2.543200e+00 3.000000e+00
      vertex   -1.411643e+01 1.702083e+00 0.000000e+00
      vertex   -1.411643e+01 1.702083e+00 3.000000e+00
    endloop
  endfacet
  facet normal -9.947573e-01 -1.022641e-01 -0.000000e+00
    outer loop
      vertex   -1.411643e+01 1.702083e+00 3.000000e+00
      vertex   -1.411643e+01 1.702083e+00 0.000000e+00
      vertex   -1.402914e+01 8.530302e-01 0.000000e+00
    endloop
  endfacet
  facet normal -9.947573e-01 -1.022641e-01 0.000000e+00
    outer loop
      vertex   -1.411643e+01 1.702083e+00 3.000000e+00
      vertex   -1.402914e+01 8.530302e-01 0.000000e+00
      vertex   -1.402914e+01 8.530302e-01 3.000000e+00
    endloop
  endfacet
  facet normal -9.994170e-01 -3.414111e-02 -0.000000e+00
    outer loop
      vertex   -1.402914e+01 8.530302e-01 3.000000e+00
      vertex   -1.402914e+01 8.530302e-01 0.000000e+00
      vertex   -1.400000e+01 0.000000e+00 0.000000e+00
    endloop
  endfacet
  facet normal -9.994170e-01 -3.414111e-02 0.000000e+00
    outer loop
      vertex   -1.402914e+01 8.530302e-01 3.000000e+00
      vertex   -1.400000e+01 0.000000e+00 0.000000e+00
      vertex   -1.400000e+01 0.000000e+00 3.000000e+00
    endloop
  endfacet
  facet normal -9.994170e-01 3.414111e-02 0.000000e+00
    outer loop
      vertex   -1.400000e+01 0.000000e+00 3.000000e+00
      vertex   -1.400000e+01 0.000000e+00 0.000000e+00
      vertex   -1.402914e+01 -8.530302e-01 0.000000e+00
    endloop
  endfacet
  facet normal -9.994170e-01 3.414111e-02 0.000000e+00
    outer loop
      vertex   -1.400000e+01 0.000000e+00 3.000000e+00
      vertex   -1.402914e+01 -8.530302e-01 0.000000e+00
      vertex   -1.402914e+01 -8.530302e-01 3.000000e+00
    endloop
  endfacet
  facet normal -9.947573e-01 1.022641e-01 0.000000e+00
    outer loop
      vertex   -1.402914e+01 -8.530302e-01 3.000000e+00
      vertex   -1.402914e+01 -8.530302e-01 0.000000e+00
      vertex   -1.411643e+01 -1.702083e+00 0.000000e+00
    endloop
  endfacet
  facet normal -9.947573e-01 1.022641e-01 0.000000e+00
    outer loop
      vertex   -1.402914e+01 -8.530302e-01 3.000000e+00
      vertex   -1.411643e+01 -1.702083e+00 0.000000e+00
      vertex   -1.411643e+01 -1.702083e+00 3.000000e+00
    endloop
  endfacet
  facet normal -9.854595e-01 1.699104e-01 0.000000e+00
    outer loop
      vertex   -1.411643e+01 -1.702083e+00 3.000000e+00
      vertex   -1.411643e+01 -1.702083e+00 0.000000e+00
      vertex   -1.426145e+01 -2.543200e+00 0.000000e+00
    endloop
  endfacet
  facet normal -9.854595e-01 1.699104e-01 0.000000e+00
    outer loop
      vertex   -1.411643e+01 -1.702083e+00 3.000000e+00
      vertex   -1.426145e+01 -2.543200e+00 0.000000e+00
      vertex   -1.426145e+01 -2.543200e+00 3.000000e+00
    endloop
  endfacet
  facet normal -9.715671e-01 2.367644e-01 0.000000e+00
    outer loop
      vertex   -1.426145e+01 -2.543200e+00 3.000000e+00
      vertex   -1.426145e+01 -2.543200e+00 0.000000e+00
      vertex   -1.446353e+01 -3.372460e+00 0.000000e+00
    endloop
  endfacet
  facet normal -9.715671e-01 2.367644e-01 0.000000e+00
    outer loop
      vertex   -1.426145e+01 -2.543200e+00 3.000000e+00
      vertex   -1.446353e+01 -3.372460e+00 0.000000e+00
      vertex   -1.446353e+01 -3.372460e+00 3.000000e+00
    endloop
  endfacet
  facet normal -9.531448e-01 3.025146e-01 0.000000e+00
    outer loop
      vertex   -1.446353e+01 -3.372460e+00 3.000000e+00
      vertex   -1.446353e+01 -3.372460e+00 0.000000e+00
      vertex   -1.472174e+01 -4.185995e+00 0.000000e+00
    endloop
  endfacet
  facet normal -9.531448e-01 3.025146e-01 0.000000e+00
    outer loop
      vertex   -1.446353e+01 -3.372460e+00 3.000000e+00
      vertex   -1.472174e+01 -4.185995e+00 0.000000e+00
      vertex   -1.472174e+01 -4.185995e+00 3.000000e+00
    endloop
  endfacet
  facet normal -9.302784e-01 3.668542e-01 0.000000e+00
    outer loop
      vertex   -1.472174e+01 -4.185995e+00 3.000000e+00
      vertex   -1.472174e+01 -4.185995e+00 0.000000e+00
      vertex   -1.503486e+01 -4.980014e+00 0.000000e+00
    endloop
  endfacet
  facet normal -9.302784e-01 3.668542e-01 0.000000e+00
    outer loop
      vertex   -1.472174e+01 -4.185995e+00 3.000000e+00
      vertex   -1.503486e+01 -4.980014e+00 0.000000e+00
      vertex   -1.503486e+01 -4.980014e+00 3.000000e+00
    endloop
  endfacet
  facet normal -9.030747e-01 4.294834e-01 0.000000e+00
    outer loop
      vertex   -1.503486e+01 -4.980014e+00 3.000000e+00
      vertex   -1.503486e+01 -4.980014e+00 0.000000e+00
      vertex   -1.540143e+01 -5.750813e+00 0.000000e+00
    endloop
  endfacet
  facet normal -9.030747e-01 4.294834e-01 0.000000e+00
    outer loop
      vertex   -1.503486e+01 -4.980014e+00 3.000000e+00
      vertex   -1.540143e+01 -5.750813e+00 0.000000e+00
      vertex   -1.540143e+01 -5.750813e+00 3.000000e+00
    endloop
  endfacet
  facet normal -8.716605e-01 4.901102e-01 0.000000e+00
    outer loop
      vertex   -1.540143e+01 -5.750813e+00 3.000000e+00
      vertex   -1.540143e+01 -5.750813e+00 0.000000e+00
      vertex   -1.581976e+01 -6.494799e+00 0.000000e+00
    endloop
  endfacet
  facet normal -8.716605e-01 4.901102e-01 0.000000e+00
    outer loop
      vertex   -1.540143e+01 -5.750813e+00 3.000000e+00
      vertex   -1.581976e+01 -6.494799e+00 0.000000e+00
      vertex   -1.581976e+01 -6.494799e+00 3.000000e+00
    endloop
  endfacet
  facet normal -8.361821e-01 5.484519e-01 0.000000e+00
    outer loop
      vertex   -1.581976e+01 -6.494799e+00 3.000000e+00
      vertex   -1.581976e+01 -6.494799e+00 0.000000e+00
      vertex   -1.628788e+01 -7.208504e+00 0.000000e+00
    endloop
  endfacet
  facet normal -8.361821e-01 5.484519e-01 0.000000e+00
    outer loop
      vertex   -1.581976e+01 -6.494799e+00 3.000000e+00
      vertex   -1.628788e+01 -7.208504e+00 0.000000e+00
      vertex   -1.628788e+01 -7.208504e+00 3.000000e+00
    endloop
  endfacet
  facet normal -7.968051e-01 6.042364e-01 0.000000e+00
    outer loop
      vertex   -1.628788e+01 -7.208504e+00 3.000000e+00
      vertex   -1.628788e+01 -7.208504e+00 0.000000e+00
      vertex   -1.680361e+01 -7.888599e+00 0.000000e+00
    endloop
  endfacet
  facet normal -7.968051e-01 6.042364e-01 0.000000e+00
    outer loop
      vertex   -1.628788e+01 -7.208504e+00 3.000000e+00
      vertex   -1.680361e+01 -7.888599e+00 0.000000e+00
      vertex   -1.680361e+01 -7.888599e+00 3.000000e+00
    endloop
  endfacet
  facet normal -7.537130e-01 6.572037e-01 0.000000e+00
    outer loop
      vertex   -1.680361e+01 -7.888599e+00 3.000000e+00
      vertex   -1.680361e+01 -7.888599e+00 0.000000e+00
      vertex   -1.736455e+01 -8.531914e+00 0.000000e+00
    endloop
  endfacet
  facet normal -7.537130e-01 6.572037e-01 0.000000e+00
    outer loop
      vertex   -1.680361e+01 -7.888599e+00 3.000000e+00
      vertex   -1.736455e+01 -8.531914e+00 0.000000e+00
      vertex   -1.736455e+01 -8.531914e+00 3.000000e+00
    endloop
  endfacet
  facet normal -7.071068e-01 7.071068e-01 0.000000e+00
    outer loop
      vertex   -1.736455e+01 -8.531914e+00 3.000000e+00
      vertex   -1.736455e+01 -8.531914e+00 0.000000e+00
      vertex   -1.796809e+01 -9.135450e+00 0.000000e+00
    endloop
  endfacet
  facet normal -7.071068e-01 7.071068e-01 0.000000e+00
    outer loop
      vertex   -1.736455e+01 -8.531914e+00 3.000000e+00
      vertex   -1.796809e+01 -9.135450e+00 0.000000e+00
      vertex   -1.796809e+01 -9.135450e+00 3.000000e+00
    endloop
  endfacet
  facet normal -6.572037e-01 7.537130e-01 0.000000e+00
    outer loop
      vertex   -1.796809e+01 -9.135450e+00 3.000000e+00
      vertex   -1.796809e+01 -9.135450e+00 0.000000e+00
      vertex   -1.861140e+01 -9.696391e+00 0.000000e+00
    endloop
  endfacet
  facet normal -6.572037e-01 7.537130e-01 0.000000e+00
    outer loop
      vertex   -1.796809e+01 -9.135450e+00 3.000000e+00
      vertex   -1.861140e+01 -9.696391e+00 0.000000e+00
      vertex   -1.861140e+01 -9.696391e+00 3.000000e+00
    endloop
  endfacet
  facet normal -6.042364e-01 7.968051e-01 0.000000e+00
    outer loop
      vertex   -1.861140e+01 -9.696391e+00 3.000000e+00
      vertex   -1.861140e+01 -9.696391e+00 0.000000e+00
      vertex   -1.929150e+01 -1.021212e+01 0.000000e+00
    endloop
  endfacet
  facet normal -6.042364e-01 7.968051e-01 0.000000e+00
    outer loop
      vertex   -1.861140e+01 -9.696391e+00 3.000000e+00
      vertex   -1.929150e+01 -1.021212e+01 0.000000e+00
      vertex   -1.929150e+01 -1.021212e+01 3.000000e+00
    endloop
  endfacet
  facet normal -5.484519e-01 8.361821e-01 0.000000e+00
    outer loop
      vertex   -1.929150e+01 -1.021212e+01 3.000000e+00
      vertex   -1.929150e+01 -1.021212e+01 0.000000e+00
      vertex   -2.000520e+01 -1.068024e+01 0.000000e+00
    endloop
  endfacet
  facet normal -5.484519e-01 8.361821e-01 0.000000e+00
    outer loop
      vertex   -1.929150e+01 -1.021212e+01 3.000000e+00
      vertex   -2.000520e+01 -1.068024e+01 0.000000e+00
      vertex   -2.000520e+01 -1.068024e+01 3.000000e+00
    endloop
  endfacet
  facet normal -4.901102e-01 8.716605e-01 0.000000e+00
    outer loop
      vertex   -2.000520e+01 -1.068024e+01 3.000000e+00
      vertex   -2.000520e+01 -1.068024e+01 0.000000e+00
      vertex   -2.074919e+01 -1.109857e+01 0.000000e+00
    endloop
  endfacet
  facet normal -4.901102e-01 8.716605e-01 0.000000e+00
    outer loop
      vertex   -2.000520e+01 -1.068024e+01 3.000000e+00
      vertex   -2.074919e+01 -1.109857e+01 0.000000e+00
      vertex   -2.074919e+01 -1.109857e+01 3.000000e+00
    endloop
  endfacet
  facet normal -4.294834e-01 9.030747e-01 0.000000e+00
    outer loop
      vertex   -2.074919e+01 -1.109857e+01 3.000000e+00
      vertex   -2.074919e+01 -1.109857e+01 0.000000e+00
      vertex   -2.151999e+01 -1.146514e+01 0.000000e+00
    endloop
  endfacet
  facet normal -4.294834e-01 9.030747e-01 0.000000e+00
    outer loop
      vertex   -2.074919e+01 -1.109857e+01 3.000000e+00
      vertex   -2.151999e+01 -1.146514e+01 0.000000e+00
      vertex   -2.151999e+01 -1.146514e+01 3.000000e+00
    endloop
  endfacet
  facet normal -3.668542e-01 9.302784e-01 0.000000e+00
    outer loop
      vertex   -2.151999e+01 -1.146514e+01 3.000000e+00
      vertex   -2.151999e+01 -1.146514e+01 0.000000e+00
      vertex   -2.231400e+01 -1.177826e+01 0.000000e+00
    endloop
  endfacet
  facet normal -3.668542e-01 9.302784e-01 0.000000e+00
    outer loop
      vertex   -2.151999e+01 -1.146514e+01 3.000000e+00
      vertex   -2.231400e+01 -1.177826e+01 0.000000e+00
      vertex   -2.231400e+01 -1.177826e+01 3.000000e+00
    endloop
  endfacet
  facet normal -3.025146e-01 9.531448e-01 0.000000e+00
    outer loop
      vertex   -2.231400e+01 -1.177826e+01 3.000000e+00
      vertex   -2.231400e+01 -1.177826e+01 0.000000e+00
      vertex   -2.312754e+01 -1.203647e+01 0.000000e+00
    endloop
  endfacet
  facet normal -3.025146e-01 9.531448e-01 0.000000e+00
    outer loop
      vertex   -2.231400e+01 -1.177826e+01 3.000000e+00
      vertex   -2.312754e+01 -1.203647e+01 0.000000e+00
      vertex   -2.312754e+01 -1.203647e+01 3.000000e+00
    endloop
  endfacet
  facet normal -2.367644e-01 9.715671e-01 0.000000e+00
    outer loop
      vertex   -2.312754e+01 -1.203647e+01 3.000000e+00
      vertex   -2.312754e+01 -1.203647e+01 0.000000e+00
      vertex   -2.395680e+01 -1.223855e+01 0.000000e+00
    endloop
  endfacet
  facet normal -2.367644e-01 9.715671e-01 0.000000e+00
    outer loop
      vertex   -2.312754e+01 -1.203647e+01 3.000000e+00
      vertex   -2.395680e+01 -1.223855e+01 0.000000e+00
      vertex   -2.395680e+01 -1.223855e+01 3.000000e+00
    endloop
  endfacet
  facet normal -1.699104e-01 9.854595e-01 0.000000e+00
    outer loop
      vertex   -2.395680e+01 -1.223855e+01 3.000000e+00
      vertex   -2.395680e+01 -1.223855e+01 0.000000e+00
      vertex   -2.479792e+01 -1.238357e+01 0.000000e+00
    endloop
  endfacet
  facet normal -1.699104e-01 9.854595e-01 0.000000e+00
    outer loop
      vertex   -2.395680e+01 -1.223855e+01 3.000000e+00
      vertex   -2.479792e+01 -1.238357e+01 0.000000e+00
      vertex   -2.479792e+01 -1.238357e+01 3.000000e+00
    endloop
  endfacet
  facet normal -1.022641e-01 9.947573e-01 0.000000e+00
    outer loop
      vertex   -2.479792e+01 -1.238357e+01 3.000000e+00
      vertex   -2.479792e+01 -1.238357e+01 0.000000e+00
      vertex   -2.564697e+01 -1.247086e+01 0.000000e+00
    endloop
  endfacet
  facet normal -1.022641e-01 9.947573e-01 0.000000e+00
    outer loop
      vertex   -2.479792e+01 -1.238357e+01 3.000000e+00
      vertex   -2.564697e+01 -1.247086e+01 0.000000e+00
      vertex   -2.564697e+01 -1.247086e+01 3.000000e+00
    endloop
  endfacet
  facet normal -3.414111e-02 9.994170e-01 0.000000e+00
    outer loop
      vertex   -2.564697e+01 -1.247086e+01 3.000000e+00
      vertex   -2.564697e+01 -1.247086e+01 0.000000e+00
      vertex   -2.650000e+01 -1.250000e+01 0.000000e+00
    endloop
  endfacet
  facet normal -3.414111e-02 9.994170e-01 0.000000e+00
    outer loop
      vertex   -2.564697e+01 -1.247086e+01 3.000000e+00
      vertex   -2.650000e+01 -1.250000e+01 0.000000e+00
      vertex   -2.650000e+01 -1.250000e+01 3.000000e+00
    endloop
  endfacet
  facet normal 3.414111e-02 9.994170e-01 0.000000e+00
    outer loop
      vertex   -2.650000e+01 -1.250000e+01 3.000000e+00
      vertex   -2.650000e+01 -1.250000e+01 0.000000e+00
      vertex   -2.735303e+01 -1.247086e+01 0.000000e+00
    endloop
  endfacet
  facet normal 3.414111e-02 9.994170e-01 0.000000e+00
    outer loop
      vertex   -2.650000e+01 -1.250000e+01 3.000000e+00
      vertex   -2.735303e+01 -1.247086e+01 0.000000e+00
      vertex   -2.735303e+01 -1.247086e+01 3.000000e+00
    endloop
  endfacet
  facet normal 1.022641e-01 9.947573e-01 0.000000e+00
    outer loop
      vertex   -2.735303e+01 -1.247086e+01 3.000000e+00
      vertex   -2.735303e+01 -1.247086e+01 0.000000e+00
      vertex   -2.820208e+01 -1.238357e+01 0.000000e+00
    endloop
  endfacet
  facet normal 1.022641e-01 9.947573e-01 0.000000e+00
    outer loop
      vertex   -2.735303e+01 -1.247086e+01 3.000000e+00
      vertex   -2.820208e+01 -1.238357e+01 0.000000e+00
      vertex   -2.820208e+01 -1.238357e+01 3.000000e+00
    endloop
  endfacet
  facet normal 1.699104e-01 9.854595e-01 0.000000e+00
    outer loop
      vertex   -2.820208e+01 -1.238357e+01 3.000000e+00
      vertex   -2.820208e+01 -1.238357e+01 0.000000e+00
      vertex   -2.904320e+01 -1.223855e+01 0.000000e+00
    endloop
  endfacet
  facet normal 1.699104e-01 9.854595e-01 0.000000e+00
    outer loop
      vertex   -2.820208e+01 -1.238357e+01 3.000000e+00
      vertex   -2.904320e+01 -1.223855e+01 0.000000e+00
      vertex   -2.904320e+01 -1.223855e+01 3.000000e+00
    endloop
  endfacet
  facet normal 2.367644e-01 9.715671e-01 0.000000e+00
    outer loop
      vertex   -2.904320e+01 -1.223855e+01 3.000000e+00
      vertex   -2.904320e+01 -1.223855e+01 0.000000e+00
      vertex   -2.987246e+01 -1.203647e+01 0.000000e+00
    endloop
  endfacet
  facet normal 2.367644e-01 9.715671e-01 0.000000e+00
    outer loop
      vertex   -2.904320e+01 -1.223855e+01 3.000000e+00
      vertex   -2.987246e+01 -1.203647e+01 0.000000e+00
      vertex   -2.987246e+01 -1.203647e+01 3.000000e+00
    endloop
  endfacet
  facet normal 3.025146e-01 9.531448e-01 0.000000e+00
    outer loop
      vertex   -2.987246e+01 -1.203647e+01 3.000000e+00
      vertex   -2.987246e+01 -1.203647e+01 0.000000e+00
      vertex   -3.068600e+01 -1.177826e+01 0.000000e+00
    endloop
  endfacet
  facet normal 3.025146e-01 9.531448e-01 0.000000e+00
    outer loop
      vertex   -2.987246e+01 -1.203647e+01 3.000000e+00
      vertex   -3.068600e+01 -1.177826e+01 0.000000e+00
      vertex   -3.068600e+01 -1.177826e+01 3.000000e+00
    endloop
  endfacet
  facet normal 3.668542e-01 9.302784e-01 0.000000e+00
    outer loop
      vertex   -3.068600e+01 -1.177826e+01 3.000000e+00
      vertex   -3.068600e+01 -1.177826e+01 0.000000e+00
      vertex   -3.148001e+01 -1.146514e+01 0.000000e+00
    endloop
  endfacet
  facet normal 3.668542e-01 9.302784e-01 0.000000e+00
    outer loop
      vertex   -3.068600e+01 -1.177826e+01 3.000000e+00
      vertex   -3.148001e+01 -1.146514e+01 0.000000e+00
      vertex   -3.148001e+01 -1.146514e+01 3.000000e+00
    endloop
  endfacet
  facet normal 4.294834e-01 9.030747e-01 0.000000e+00
    outer loop
      vertex   -3.148001e+01 -1.146514e+01 3.000000e+00
      vertex   -3.148001e+01 -1.146514e+01 0.000000e+00
      vertex   -3.225081e+01 -1.109857e+01 0.000000e+00
    endloop
  endfacet
  facet normal 4.294834e-01 9.030747e-01 0.000000e+00
    outer loop
      vertex   -3.148001e+01 -1.146514e+01 3.000000e+00
      vertex   -3.225081e+01 -1.109857e+01 0.000000e+00
      vertex   -3.225081e+01 -1.109857e+01 3.000000e+00
    endloop
  endfacet
  facet normal 4.901102e-01 8.716605e-01 0.000000e+00
    outer loop
      vertex   -3.225081e+01 -1.109857e+01 3.000000e+00
      vertex   -3.225081e+01 -1.109857e+01 0.000000e+00
      vertex   -3.299480e+01 -1.068024e+01 0.000000e+00
    endloop
  endfacet
  facet normal 4.901102e-01 8.716605e-01 0.000000e+00
    outer loop
      vertex   -3.225081e+01 -1.109857e+01 3.000000e+00
      vertex   -3.299480e+01 -1.068024e+01 0.000000e+00
      vertex   -3.299480e+01 -1.068024e+01 3.000000e+00
    endloop
  endfacet
  facet normal 5.484519e-01 8.361821e-01 0.000000e+00
    outer loop
      vertex   -3.299480e+01 -1.068024e+01 3.000000e+00
      vertex   -3.299480e+01 -1.068024e+01 0.000000e+00
      vertex   -3.370850e+01 -1.021212e+01 0.000000e+00
    endloop
  endfacet
  facet normal 5.484519e-01 8.361821e-01 0.000000e+00
    outer loop
      vertex   -3.299480e+01 -1.068024e+01 3.000000e+00
      vertex   -3.370850e+01 -1.021212e+01 0.000000e+00
      vertex   -3.370850e+01 -1.021212e+01 3.000000e+00
    endloop
  endfacet
  facet normal 6.042364e-01 7.968051e-01 0.000000e+00
    outer loop
      vertex   -3.370850e+01 -1.021212e+01 3.000000e+00
      vertex   -3.370850e+01 -1.021212e+01 0.000000e+00
      vertex   -3.438860e+01 -9.696391e+00 0.000000e+00
    endloop
  endfacet
  facet normal 6.042364e-01 7.968051e-01 0.000000e+00
    outer loop
      vertex   -3.370850e+01 -1.021212e+01 3.000000e+00
      vertex   -3.438860e+01 -9.696391e+00 0.000000e+00
      vertex   -3.438860e+01 -9.696391e+00 3.000000e+00
    endloop
  endfacet
  facet normal 6.572037e-01 7.537130e-01 0.000000e+00
    outer loop
      vertex   -3.438860e+01 -9.696391e+00 3.000000e+00
      vertex   -3.438860e+01 -9.696391e+00 0.000000e+00
      vertex   -3.503191e+01 -9.135450e+00 0.000000e+00
    endloop
  endfacet
  facet normal 6.572037e-01 7.537130e-01 0.000000e+00
    outer loop
      vertex   -3.438860e+01 -9.696391e+00 3.000000e+00
      vertex   -3.503191e+01 -9.135450e+00 0.000000e+00
      vertex   -3.503191e+01 -9.135450e+00 3.000000e+00
    endloop
  endfacet
  facet normal 7.071068e-01 7.071068e-01 0.000000e+00
    outer loop
      vertex   -3.503191e+01 -9.135450e+00 3.000000e+00
      vertex   -3.503191e+01 -9.135450e+00 0.000000e+00
      vertex   -3.563545e+01 -8.531914e+00 0.000000e+00
    endloop
  endfacet
  facet normal 7.071068e-01 7.071068e-01 0.000000e+00
    outer loop
      vertex   -3.503191e+01 -9.135450e+00 3.000000e+00
      vertex   -3.563545e+01 -8.531914e+00 0.000000e+00
      vertex   -3.563545e+01 -8.531914e+00 3.000000e+00
    endloop
  endfacet
  facet normal 7.537130e-01 6.572037e-01 0.000000e+00
    outer loop
      vertex   -3.563545e+01 -8.531914e+00 3.000000e+00
      vertex   -3.563545e+01 -8.531914e+00 0.000000e+00
      vertex   -3.619639e+01 -7.888599e+00 0.000000e+00
    endloop
  endfacet
  facet normal 7.537130e-01 6.572037e-01 0.000000e+00
    outer loop
      vertex   -3.563545e+01 -8.531914e+00 3.000000e+00
      vertex   -3.619639e+01 -7.888599e+00 0.000000e+00
      vertex   -3.619639e+01 -7.888599e+00 3.000000e+00
    endloop
  endfacet
  facet normal 7.968051e-01 6.042364e-01 0.000000e+00
    outer loop
      vertex   -3.619639e+01 -7.888599e+00 3.000000e+00
      vertex   -3.619639e+01 -7.888599e+00 0.000000e+00
      vertex   -3.671212e+01 -7.208504e+00 0.000000e+00
    endloop
  endfacet
  facet normal 7.968051e-01 6.042364e-01 0.000000e+00
    outer loop
      vertex   -3.619639e+01 -7.888599e+00 3.000000e+00
      vertex   -3.671212e+01 -7.208504e+00 0.000000e+00
      vertex   -3.671212e+01 -7.208504e+00 3.000000e+00
    endloop
  endfacet
  facet normal 8.361821e-01 5.484519e-01 0.000000e+00
    outer loop
      vertex   -3.671212e+01 -7.208504e+00 3.000000e+00
      vertex   -3.671212e+01 -7.208504e+00 0.000000e+00
      vertex   -3.718024e+01 -6.494799e+00 0.000000e+00
    endloop
  endfacet
  facet normal 8.361821e-01 5.484519e-01 0.000000e+00
    outer loop
      vertex   -3.671212e+01 -7.208504e+00 3.000000e+00
      vertex   -3.718024e+01 -6.494799e+00 0.000000e+00
      vertex   -3.718024e+01 -6.494799e+00 3.000000e+00
    endloop
  endfacet
  facet normal 8.716605e-01 4.901102e-01 0.000000e+00
    outer loop
      vertex   -3.718024e+01 -6.494799e+00 3.000000e+00
      vertex   -3.718024e+01 -6.494799e+00 0.000000e+00
      vertex   -3.759857e+01 -5.750813e+00 0.000000e+00
    endloop
  endfacet
  facet normal 8.716605e-01 4.901102e-01 0.000000e+00
    outer loop
      vertex   -3.718024e+01 -6.494799e+00 3.000000e+00
      vertex   -3.759857e+01 -5.750813e+00 0.000000e+00
      vertex   -3.759857e+01 -5.750813e+00 3.000000e+00
    endloop
  endfacet
  facet normal 9.030747e-01 4.294834e-01 0.000000e+00
    outer loop
      vertex   -3.759857e+01 -5.750813e+00 3.000000e+00
      vertex   -3.759857e+01 -5.750813e+00 0.000000e+00
      vertex   -3.796514e+01 -4.980014e+00 0.000000e+00
    endloop
  endfacet
  facet normal 9.030747e-01 4.294834e-01 0.000000e+00
    outer loop
      vertex   -3.759857e+01 -5.750813e+00 3.000000e+00
      vertex   -3.796514e+01 -4.980014e+00 0.000000e+00
      vertex   -3.796514e+01 -4.980014e+00 3.000000e+00
    endloop
  endfacet
  facet normal 9.302784e-01 3.668542e-01 0.000000e+00
    outer loop
      vertex   -3.796514e+01 -4.980014e+00 3.000000e+00
      vertex   -3.796514e+01 -4.980014e+00 0.000000e+00
      vertex   -3.827826e+01 -4.185995e+00 0.000000e+00
    endloop
  endfacet
  facet normal 9.302784e-01 3.668542e-01 0.000000e+00
    outer loop
      vertex   -3.796514e+01 -4.980014e+00 3.000000e+00
      vertex   -3.827826e+01 -4.185995e+00 0.000000e+00
      vertex   -3.827826e+01 -4.185995e+00 3.000000e+00
    endloop
  endfacet
  facet normal 9.531448e-01 3.025146e-01 0.000000e+00
    outer loop
      vertex   -3.827826e+01 -4.185995e+00 3.000000e+00
      vertex   -3.827826e+01 -4.185995e+00 0.000000e+00
      vertex   -3.853647e+01 -3.372460e+00 0.000000e+00
    endloop
  endfacet
  facet normal 9.531448e-01 3.025146e-01 0.000000e+00
    outer loop
      vertex   -3.827826e+01 -4.185995e+00 3.000000e+00
      vertex   -3.853647e+01 -3.372460e+00 0.000000e+00
      vertex   -3.853647e+01 -3.372460e+00 3.000000e+00
    endloop
  endfacet
  facet normal 9.715671e-01 2.367644e-01 0.000000e+00
    outer loop
      vertex   -3.853647e+01 -3.372460e+00 3.000000e+00
      vertex   -3.853647e+01 -3.372460e+00 0.000000e+00
      vertex   -3.873855e+01 -2.543200e+00 0.000000e+00
    endloop
  endfacet
  facet normal 9.715671e-01 2.367644e-01 0.000000e+00
    outer loop
      vertex   -3.853647e+01 -3.372460e+00 3.000000e+00
      vertex   -3.873855e+01 -2.543200e+00 0.000000e+00
      vertex   -3.873855e+01 -2.543200e+00 3.000000e+00
    endloop
  endfacet
  facet normal 9.854595e-01 1.699104e-01 0.000000e+00
    outer loop
      vertex   -3.873855e+01 -2.543200e+00 3.000000e+00
      vertex   -3.873855e+01 -2.543200e+00 0.000000e+00
      vertex   -3.888357e+01 -1.702083e+00 0.000000e+00
    endloop
  endfacet
  facet normal 9.854595e-01 1.699104e-01 0.000000e+00
    outer loop
      vertex   -3.873855e+01 -2.543200e+00 3.000000e+00
      vertex   -3.888357e+01 -1.702083e+00 0.000000e+00
      vertex   -3.888357e+01 -1.702083e+00 3.000000e+00
    endloop
  endfacet
  facet normal 9.947573e-01 1.022641e-01 0.000000e+00
    outer loop
      vertex   -3.888357e+01 -1.702083e+00 3.000000e+00
      vertex   -3.888357e+01 -1.702083e+00 0.000000e+00
      vertex   -3.897086e+01 -8.530302e-01 0.000000e+00
    endloop
  endfacet
  facet normal -9.998558e-01 1.698077e-02 1.294534e-16
    outer loop
      vertex   -5.147030e+01 1.748767e+00 3.000000e+00
      vertex   -5.147030e+01 1.748767e+00 0.000000e+00
      vertex   -5.150000e+01 -6.306931e-15 3.000000e+00
    endloop
  endfacet
  facet normal -9.998558e-01 1.698077e-02 0.000000e+00
    outer loop
      vertex   -5.150000e+01 -6.306931e-15 3.000000e+00
      vertex   -5.147030e+01 1.748767e+00 0.000000e+00
      vertex   -5.150000e+01 -6.306931e-15 0.000000e+00
    endloop
  endfacet
  facet normal -9.998558e-01 -1.698077e-02 -0.000000e+00
    outer loop
      vertex   -5.150000e+01 -6.306931e-15 3.000000e+00
      vertex   -5.150000e+01 -6.306931e-15 0.000000e+00
      vertex   -5.147030e+01 -1.748767e+00 3.000000e+00
    endloop
  endfacet
  facet normal -9.998558e-01 -1.698077e-02 -1.294534e-16
    outer loop
      vertex   -5.147030e+01 -1.748767e+00 3.000000e+00
      vertex   -5.150000e+01 -6.306931e-15 0.000000e+00
      vertex   -5.147030e+01 -1.748767e+00 0.000000e+00
    endloop
  endfacet
  facet normal -9.987026e-01 -5.092271e-02 -3.882109e-16
    outer loop
      vertex   -5.147030e+01 -1.748767e+00 3.000000e+00
      vertex   -5.147030e+01 -1.748767e+00 0.000000e+00
      vertex   -5.138124e+01 -3.495516e+00 3.000000e+00
    endloop
  endfacet
  facet normal -9.987026e-01 -5.092271e-02 -0.000000e+00
    outer loop
      vertex   -5.138124e+01 -3.495516e+00 3.000000e+00
      vertex   -5.147030e+01 -1.748767e+00 0.000000e+00
      vertex   -5.138124e+01 -3.495516e+00 0.000000e+00
    endloop
  endfacet
  facet normal -9.963975e-01 -8.480592e-02 -0.000000e+00
    outer loop
      vertex   -5.138124e+01 -3.495516e+00 3.000000e+00
      vertex   -5.138124e+01 -3.495516e+00 0.000000e+00
      vertex   -5.123291e+01 -5.238234e+00 3.000000e+00
    endloop
  endfacet
  facet normal -9.963975e-01 -8.480592e-02 1.707146e-15
    outer loop
      vertex   -5.123291e+01 -5.238234e+00 3.000000e+00
      vertex   -5.138124e+01 -3.495516e+00 0.000000e+00
      vertex   -5.123291e+01 -5.238234e+00 0.000000e+00
    endloop
  endfacet
  facet normal -9.929431e-01 -1.185913e-01 1.438900e-15
    outer loop
      vertex   -5.123291e+01 -5.238234e+00 3.000000e+00
      vertex   -5.123291e+01 -5.238234e+00 0.000000e+00
      vertex   -5.102549e+01 -6.974911e+00 3.000000e+00
    endloop
  endfacet
  facet normal -9.929431e-01 -1.185913e-01 -0.000000e+00
    outer loop
      vertex   -5.102549e+01 -6.974911e+00 3.000000e+00
      vertex   -5.123291e+01 -5.238234e+00 0.000000e+00
      vertex   -5.102549e+01 -6.974911e+00 0.000000e+00
    endloop
  endfacet
  facet normal -9.883436e-01 -1.522399e-01 -0.000000e+00
    outer loop
      vertex   -5.102549e+01 -6.974911e+00 3.000000e+00
      vertex   -5.102549e+01 -6.974911e+00 0.000000e+00
      vertex   -5.075922e+01 -8.703542e+00 3.000000e+00
    endloop
  endfacet
  facet normal -9.883436e-01 -1.522399e-01 1.259138e-15
    outer loop
      vertex   -5.075922e+01 -8.703542e+00 3.000000e+00
      vertex   -5.102549e+01 -6.974911e+00 0.000000e+00
      vertex   -5.075922e+01 -8.703542e+00 0.000000e+00
    endloop
  endfacet
  facet normal -9.826040e-01 -1.857130e-01 1.007704e-15
    outer loop
      vertex   -5.075922e+01 -8.703542e+00 3.000000e+00
      vertex   -5.075922e+01 -8.703542e+00 0.000000e+00
      vertex   -5.043440e+01 -1.042214e+01 3.000000e+00
    endloop
  endfacet
  facet normal -9.826040e-01 -1.857130e-01 -0.000000e+00
    outer loop
      vertex   -5.043440e+01 -1.042214e+01 3.000000e+00
      vertex   -5.075922e+01 -8.703542e+00 0.000000e+00
      vertex   -5.043440e+01 -1.042214e+01 0.000000e+00
    endloop
  endfacet
  facet normal -9.757312e-01 -2.189718e-01 -0.000000e+00
    outer loop
      vertex   -5.043440e+01 -1.042214e+01 3.000000e+00
      vertex   -5.043440e+01 -1.042214e+01 0.000000e+00
      vertex   -5.005142e+01 -1.212871e+01 3.000000e+00
    endloop
  endfacet
  facet normal -9.757312e-01 -2.189718e-01 3.195761e-15
    outer loop
      vertex   -5.005142e+01 -1.212871e+01 3.000000e+00
      vertex   -5.043440e+01 -1.042214e+01 0.000000e+00
      vertex   -5.005142e+01 -1.212871e+01 0.000000e+00
    endloop
  endfacet
  facet normal -9.677329e-01 -2.519781e-01 2.942893e-15
    outer loop
      vertex   -5.005142e+01 -1.212871e+01 3.000000e+00
      vertex   -5.005142e+01 -1.212871e+01 0.000000e+00
      vertex   -4.961070e+01 -1.382129e+01 3.000000e+00
    endloop
  endfacet
  facet normal -9.677329e-01 -2.519781e-01 -0.000000e+00
    outer loop
      vertex   -4.961070e+01 -1.382129e+01 3.000000e+00
      vertex   -5.005142e+01 -1.212871e+01 0.000000e+00
      vertex   -4.961070e+01 -1.382129e+01 0.000000e+00
    endloop
  endfacet
  facet normal -9.586185e-01 -2.846937e-01 -0.000000e+00
    outer loop
      vertex   -4.961070e+01 -1.382129e+01 3.000000e+00
      vertex   -4.961070e+01 -1.382129e+01 0.000000e+00
      vertex   -4.911277e+01 -1.549793e+01 3.000000e+00
    endloop
  endfacet
  facet normal -9.586185e-01 -2.846937e-01 2.349487e-15
    outer loop
      vertex   -4.911277e+01 -1.549793e+01 3.000000e+00
      vertex   -4.961070e+01 -1.382129e+01 0.000000e+00
      vertex   -4.911277e+01 -1.549793e+01 0.000000e+00
    endloop
  endfacet
  facet normal -9.483985e-01 -3.170810e-01 2.051772e-15
    outer loop
      vertex   -4.911277e+01 -1.549793e+01 3.000000e+00
      vertex   -4.911277e+01 -1.549793e+01 0.000000e+00
      vertex   -4.855819e+01 -1.715670e+01 3.000000e+00
    endloop
  endfacet
  facet normal -9.483985e-01 -3.170810e-01 -0.000000e+00
    outer loop
      vertex   -4.855819e+01 -1.715670e+01 3.000000e+00
      vertex   -4.911277e+01 -1.549793e+01 0.000000e+00
      vertex   -4.855819e+01 -1.715670e+01 0.000000e+00
    endloop
  endfacet
  facet normal -9.370845e-01 -3.491025e-01 -0.000000e+00
    outer loop
      vertex   -4.855819e+01 -1.715670e+01 3.000000e+00
      vertex   -4.855819e+01 -1.715670e+01 0.000000e+00
      vertex   -4.794760e+01 -1.879568e+01 3.000000e+00
    endloop
  endfacet
  facet normal -9.370845e-01 -3.491025e-01 -2.610607e-16
    outer loop
      vertex   -4.794760e+01 -1.879568e+01 3.000000e+00
      vertex   -4.855819e+01 -1.715670e+01 0.000000e+00
      vertex   -4.794760e+01 -1.879568e+01 0.000000e+00
    endloop
  endfacet
  facet normal -9.246898e-01 -3.807215e-01 -5.150833e-16
    outer loop
      vertex   -4.794760e+01 -1.879568e+01 3.000000e+00
      vertex   -4.794760e+01 -1.879568e+01 0.000000e+00
      vertex   -4.728171e+01 -2.041298e+01 3.000000e+00
    endloop
  endfacet
  facet normal -9.246898e-01 -3.807215e-01 -0.000000e+00
    outer loop
      vertex   -4.728171e+01 -2.041298e+01 3.000000e+00
      vertex   -4.794760e+01 -1.879568e+01 0.000000e+00
      vertex   -4.728171e+01 -2.041298e+01 0.000000e+00
    endloop
  endfacet
  facet normal -9.112285e-01 -4.119012e-01 -0.000000e+00
    outer loop
      vertex   -4.728171e+01 -2.041298e+01 3.000000e+00
      vertex   -4.728171e+01 -2.041298e+01 0.000000e+00
      vertex   -4.656129e+01 -2.200673e+01 3.000000e+00
    endloop
  endfacet
  facet normal -9.112285e-01 -4.119012e-01 4.035723e-15
    outer loop
      vertex   -4.656129e+01 -2.200673e+01 3.000000e+00
      vertex   -4.728171e+01 -2.041298e+01 0.000000e+00
      vertex   -4.656129e+01 -2.200673e+01 0.000000e+00
    endloop
  endfacet
  facet normal -8.967162e-01 -4.426060e-01 3.750798e-15
    outer loop
      vertex   -4.656129e+01 -2.200673e+01 3.000000e+00
      vertex   -4.656129e+01 -2.200673e+01 0.000000e+00
      vertex   -4.578716e+01 -2.357511e+01 3.000000e+00
    endloop
  endfacet
  facet normal -8.967162e-01 -4.426060e-01 -0.000000e+00
    outer loop
      vertex   -4.578716e+01 -2.357511e+01 3.000000e+00
      vertex   -4.656129e+01 -2.200673e+01 0.000000e+00
      vertex   -4.578716e+01 -2.357511e+01 0.000000e+00
    endloop
  endfacet
  facet normal -8.811697e-01 -4.728002e-01 -0.000000e+00
    outer loop
      vertex   -4.578716e+01 -2.357511e+01 3.000000e+00
      vertex   -4.578716e+01 -2.357511e+01 0.000000e+00
      vertex   -4.496023e+01 -2.511629e+01 3.000000e+00
    endloop
  endfacet
  facet normal -8.811697e-01 -4.728002e-01 -1.984929e-15
    outer loop
      vertex   -4.496023e+01 -2.511629e+01 3.000000e+00
      vertex   -4.578716e+01 -2.357511e+01 0.000000e+00
      vertex   -4.496023e+01 -2.511629e+01 0.000000e+00
    endloop
  endfacet
  facet normal -8.646068e-01 -5.024491e-01 -2.449611e-15
    outer loop
      vertex   -4.496023e+01 -2.511629e+01 3.000000e+00
      vertex   -4.496023e+01 -2.511629e+01 0.000000e+00
      vertex   -4.408143e+01 -2.662850e+01 3.000000e+00
    endloop
  endfacet
  facet normal -8.646068e-01 -5.024491e-01 -0.000000e+00
    outer loop
      vertex   -4.408143e+01 -2.662850e+01 3.000000e+00
      vertex   -4.496023e+01 -2.511629e+01 0.000000e+00
      vertex   -4.408143e+01 -2.662850e+01 0.000000e+00
    endloop
  endfacet
  facet normal -8.470467e-01 -5.315185e-01 -0.000000e+00
    outer loop
      vertex   -4.408143e+01 -2.662850e+01 3.000000e+00
      vertex   -4.408143e+01 -2.662850e+01 0.000000e+00
      vertex   -4.315180e+01 -2.811000e+01 3.000000e+00
    endloop
  endfacet
  facet normal -8.470467e-01 -5.315185e-01 3.107161e-15
    outer loop
      vertex   -4.315180e+01 -2.811000e+01 3.000000e+00
      vertex   -4.408143e+01 -2.662850e+01 0.000000e+00
      vertex   -4.315180e+01 -2.811000e+01 0.000000e+00
    endloop
  endfacet
  facet normal -8.285096e-01 -5.599748e-01 2.516948e-15
    outer loop
      vertex   -4.315180e+01 -2.811000e+01 3.000000e+00
      vertex   -4.315180e+01 -2.811000e+01 0.000000e+00
      vertex   -4.217239e+01 -2.955908e+01 3.000000e+00
    endloop
  endfacet
  facet normal -8.285096e-01 -5.599748e-01 -0.000000e+00
    outer loop
      vertex   -4.217239e+01 -2.955908e+01 3.000000e+00
      vertex   -4.315180e+01 -2.811000e+01 0.000000e+00
      vertex   -4.217239e+01 -2.955908e+01 0.000000e+00
    endloop
  endfacet
  facet normal -8.090170e-01 -5.877853e-01 -0.000000e+00
    outer loop
      vertex   -4.217239e+01 -2.955908e+01 3.000000e+00
      vertex   -4.217239e+01 -2.955908e+01 0.000000e+00
      vertex   -4.114434e+01 -3.097407e+01 3.000000e+00
    endloop
  endfacet
  facet normal -8.090170e-01 -5.877853e-01 -1.212364e-15
    outer loop
      vertex   -4.114434e+01 -3.097407e+01 3.000000e+00
      vertex   -4.217239e+01 -2.955908e+01 0.000000e+00
      vertex   -4.114434e+01 -3.097407e+01 0.000000e+00
    endloop
  endfacet
  facet normal -7.885912e-01 -6.149178e-01 -1.678812e-15
    outer loop
      vertex   -4.114434e+01 -3.097407e+01 3.000000e+00
      vertex   -4.114434e+01 -3.097407e+01 0.000000e+00
      vertex   -4.006884e+01 -3.235333e+01 3.000000e+00
    endloop
  endfacet
  facet normal -7.885912e-01 -6.149178e-01 -0.000000e+00
    outer loop
      vertex   -4.006884e+01 -3.235333e+01 3.000000e+00
      vertex   -4.114434e+01 -3.097407e+01 0.000000e+00
      vertex   -4.006884e+01 -3.235333e+01 0.000000e+00
    endloop
  endfacet
  facet normal -7.672559e-01 -6.413411e-01 -0.000000e+00
    outer loop
      vertex   -4.006884e+01 -3.235333e+01 3.000000e+00
      vertex   -4.006884e+01 -3.235333e+01 0.000000e+00
      vertex   -3.894712e+01 -3.369527e+01 3.000000e+00
    endloop
  endfacet
  facet normal -7.672559e-01 -6.413411e-01 1.491131e-15
    outer loop
      vertex   -3.894712e+01 -3.369527e+01 3.000000e+00
      vertex   -4.006884e+01 -3.235333e+01 0.000000e+00
      vertex   -3.894712e+01 -3.369527e+01 0.000000e+00
    endloop
  endfacet
  facet normal -7.450357e-01 -6.670246e-01 9.238362e-16
    outer loop
      vertex   -3.894712e+01 -3.369527e+01 3.000000e+00
      vertex   -3.894712e+01 -3.369527e+01 0.000000e+00
      vertex   -3.778049e+01 -3.499836e+01 3.000000e+00
    endloop
  endfacet
  facet normal -7.450357e-01 -6.670246e-01 3.695345e-16
    outer loop
      vertex   -3.778049e+01 -3.499836e+01 3.000000e+00
      vertex   -3.894712e+01 -3.369527e+01 0.000000e+00
      vertex   -3.778049e+01 -3.499836e+01 0.000000e+00
    endloop
  endfacet
  facet normal -7.219561e-01 -6.919389e-01 1.421901e-16
    outer loop
      vertex   -3.778049e+01 -3.499836e+01 3.000000e+00
      vertex   -3.778049e+01 -3.499836e+01 0.000000e+00
      vertex   -3.657027e+01 -3.626107e+01 3.000000e+00
    endloop
  endfacet
  facet normal -7.219561e-01 -6.919389e-01 -1.354460e-15
    outer loop
      vertex   -3.657027e+01 -3.626107e+01 3.000000e+00
      vertex   -3.778049e+01 -3.499836e+01 0.000000e+00
      vertex   -3.657027e+01 -3.626107e+01 0.000000e+00
    endloop
  endfacet
  facet normal -6.980438e-01 -7.160550e-01 -1.866595e-15
    outer loop
      vertex   -3.657027e+01 -3.626107e+01 3.000000e+00
      vertex   -3.657027e+01 -3.626107e+01 0.000000e+00
      vertex   -3.531788e+01 -3.748196e+01 3.000000e+00
    endloop
  endfacet
  facet normal -6.980438e-01 -7.160550e-01 1.567982e-15
    outer loop
      vertex   -3.531788e+01 -3.748196e+01 3.000000e+00
      vertex   -3.657027e+01 -3.626107e+01 0.000000e+00
      vertex   -3.531788e+01 -3.748196e+01 0.000000e+00
    endloop
  endfacet
  facet normal -6.733265e-01 -7.393453e-01 1.282029e-15
    outer loop
      vertex   -3.531788e+01 -3.748196e+01 3.000000e+00
      vertex   -3.531788e+01 -3.748196e+01 0.000000e+00
      vertex   -3.402475e+01 -3.865962e+01 3.000000e+00
    endloop
  endfacet
  facet normal -6.733265e-01 -7.393453e-01 -0.000000e+00
    outer loop
      vertex   -3.402475e+01 -3.865962e+01 3.000000e+00
      vertex   -3.531788e+01 -3.748196e+01 0.000000e+00
      vertex   -3.402475e+01 -3.865962e+01 0.000000e+00
    endloop
  endfacet
  facet normal -6.478325e-01 -7.617828e-01 -0.000000e+00
    outer loop
      vertex   -3.402475e+01 -3.865962e+01 3.000000e+00
      vertex   -3.402475e+01 -3.865962e+01 0.000000e+00
      vertex   -3.269238e+01 -3.979269e+01 3.000000e+00
    endloop
  endfacet
  facet normal -6.478325e-01 -7.617828e-01 9.945982e-16
    outer loop
      vertex   -3.269238e+01 -3.979269e+01 3.000000e+00
      vertex   -3.402475e+01 -3.865962e+01 0.000000e+00
      vertex   -3.269238e+01 -3.979269e+01 0.000000e+00
    endloop
  endfacet
  facet normal -6.215913e-01 -7.833417e-01 7.060199e-16
    outer loop
      vertex   -3.269238e+01 -3.979269e+01 3.000000e+00
      vertex   -3.269238e+01 -3.979269e+01 0.000000e+00
      vertex   -3.132230e+01 -4.087987e+01 3.000000e+00
    endloop
  endfacet
  facet normal -6.215913e-01 -7.833417e-01 -0.000000e+00
    outer loop
      vertex   -3.132230e+01 -4.087987e+01 3.000000e+00
      vertex   -3.269238e+01 -3.979269e+01 0.000000e+00
      vertex   -3.132230e+01 -4.087987e+01 0.000000e+00
    endloop
  endfacet
  facet normal -5.946332e-01 -8.039971e-01 -0.000000e+00
    outer loop
      vertex   -3.132230e+01 -4.087987e+01 3.000000e+00
      vertex   -3.132230e+01 -4.087987e+01 0.000000e+00
      vertex   -2.991609e+01 -4.191989e+01 3.000000e+00
    endloop
  endfacet
  facet normal -5.946332e-01 -8.039971e-01 -2.191808e-15
    outer loop
      vertex   -2.991609e+01 -4.191989e+01 3.000000e+00
      vertex   -3.132230e+01 -4.087987e+01 0.000000e+00
      vertex   -2.991609e+01 -4.191989e+01 0.000000e+00
    endloop
  endfacet
  facet normal -5.669892e-01 -8.237252e-01 -2.495669e-15
    outer loop
      vertex   -2.991609e+01 -4.191989e+01 3.000000e+00
      vertex   -2.991609e+01 -4.191989e+01 0.000000e+00
      vertex   -2.847538e+01 -4.291157e+01 3.000000e+00
    endloop
  endfacet
  facet normal -5.669892e-01 -8.237252e-01 -0.000000e+00
    outer loop
      vertex   -2.847538e+01 -4.291157e+01 3.000000e+00
      vertex   -2.991609e+01 -4.191989e+01 0.000000e+00
      vertex   -2.847538e+01 -4.291157e+01 0.000000e+00
    endloop
  endfacet
  facet normal -5.386913e-01 -8.425032e-01 -0.000000e+00
    outer loop
      vertex   -2.847538e+01 -4.291157e+01 3.000000e+00
      vertex   -2.847538e+01 -4.291157e+01 0.000000e+00
      vertex   -2.700183e+01 -4.385375e+01 3.000000e+00
    endloop
  endfacet
  facet normal -5.386913e-01 -8.425032e-01 1.194245e-15
    outer loop
      vertex   -2.700183e+01 -4.385375e+01 3.000000e+00
      vertex   -2.847538e+01 -4.291157e+01 0.000000e+00
      vertex   -2.700183e+01 -4.385375e+01 0.000000e+00
    endloop
  endfacet
  facet normal -5.097721e-01 -8.603095e-01 9.808348e-16
    outer loop
      vertex   -2.700183e+01 -4.385375e+01 3.000000e+00
      vertex   -2.700183e+01 -4.385375e+01 0.000000e+00
      vertex   -2.549713e+01 -4.474535e+01 3.000000e+00
    endloop
  endfacet
  facet normal -5.097721e-01 -8.603095e-01 -0.000000e+00
    outer loop
      vertex   -2.549713e+01 -4.474535e+01 3.000000e+00
      vertex   -2.700183e+01 -4.385375e+01 0.000000e+00
      vertex   -2.549713e+01 -4.474535e+01 0.000000e+00
    endloop
  endfacet
  facet normal -4.802649e-01 -8.771235e-01 -0.000000e+00
    outer loop
      vertex   -2.549713e+01 -4.474535e+01 3.000000e+00
      vertex   -2.549713e+01 -4.474535e+01 0.000000e+00
      vertex   -2.396302e+01 -4.558534e+01 3.000000e+00
    endloop
  endfacet
  facet normal -4.802649e-01 -8.771235e-01 1.335041e-15
    outer loop
      vertex   -2.396302e+01 -4.558534e+01 3.000000e+00
      vertex   -2.549713e+01 -4.474535e+01 0.000000e+00
      vertex   -2.396302e+01 -4.558534e+01 0.000000e+00
    endloop
  endfacet
  facet normal -4.502037e-01 -8.929259e-01 1.084017e-15
    outer loop
      vertex   -2.396302e+01 -4.558534e+01 3.000000e+00
      vertex   -2.396302e+01 -4.558534e+01 0.000000e+00
      vertex   -2.240128e+01 -4.637276e+01 3.000000e+00
    endloop
  endfacet
  facet normal -4.502037e-01 -8.929259e-01 -0.000000e+00
    outer loop
      vertex   -2.240128e+01 -4.637276e+01 3.000000e+00
      vertex   -2.396302e+01 -4.558534e+01 0.000000e+00
      vertex   -2.240128e+01 -4.637276e+01 0.000000e+00
    endloop
  endfacet
  facet normal -4.196234e-01 -9.076983e-01 -0.000000e+00
    outer loop
      vertex   -2.240128e+01 -4.637276e+01 3.000000e+00
      vertex   -2.240128e+01 -4.637276e+01 0.000000e+00
      vertex   -2.081370e+01 -4.710669e+01 3.000000e+00
    endloop
  endfacet
  facet normal -4.196234e-01 -9.076983e-01 8.317418e-16
    outer loop
      vertex   -2.081370e+01 -4.710669e+01 3.000000e+00
      vertex   -2.240128e+01 -4.637276e+01 0.000000e+00
      vertex   -2.081370e+01 -4.710669e+01 0.000000e+00
    endloop
  endfacet
  facet normal -3.885590e-01 -9.214239e-01 5.785076e-16
    outer loop
      vertex   -2.081370e+01 -4.710669e+01 3.000000e+00
      vertex   -2.081370e+01 -4.710669e+01 0.000000e+00
      vertex   -1.920211e+01 -4.778628e+01 3.000000e+00
    endloop
  endfacet
  facet normal -3.885590e-01 -9.214239e-01 -0.000000e+00
    outer loop
      vertex   -1.920211e+01 -4.778628e+01 3.000000e+00
      vertex   -2.081370e+01 -4.710669e+01 0.000000e+00
      vertex   -1.920211e+01 -4.778628e+01 0.000000e+00
    endloop
  endfacet
  facet normal -3.570465e-01 -9.340866e-01 -0.000000e+00
    outer loop
      vertex   -1.920211e+01 -4.778628e+01 3.000000e+00
      vertex   -1.920211e+01 -4.778628e+01 0.000000e+00
      vertex   -1.756837e+01 -4.841077e+01 3.000000e+00
    endloop
  endfacet
  facet normal -3.570465e-01 -9.340866e-01 -1.887756e-15
    outer loop
      vertex   -1.756837e+01 -4.841077e+01 3.000000e+00
      vertex   -1.920211e+01 -4.778628e+01 0.000000e+00
      vertex   -1.756837e+01 -4.841077e+01 0.000000e+00
    endloop
  endfacet
  facet normal -3.251221e-01 -9.456720e-01 -2.169471e-15
    outer loop
      vertex   -1.756837e+01 -4.841077e+01 3.000000e+00
      vertex   -1.756837e+01 -4.841077e+01 0.000000e+00
      vertex   -1.591438e+01 -4.897941e+01 3.000000e+00
    endloop
  endfacet
  facet normal -3.251221e-01 -9.456720e-01 -0.000000e+00
    outer loop
      vertex   -1.591438e+01 -4.897941e+01 3.000000e+00
      vertex   -1.756837e+01 -4.841077e+01 0.000000e+00
      vertex   -1.591438e+01 -4.897941e+01 0.000000e+00
    endloop
  endfacet
  facet normal -2.928228e-01 -9.561667e-01 -0.000000e+00
    outer loop
      vertex   -1.591438e+01 -4.897941e+01 3.000000e+00
      vertex   -1.591438e+01 -4.897941e+01 0.000000e+00
      vertex   -1.424202e+01 -4.949156e+01 3.000000e+00
    endloop
  endfacet
  facet normal -2.928228e-01 -9.561667e-01 -1.064092e-17
    outer loop
      vertex   -1.424202e+01 -4.949156e+01 3.000000e+00
      vertex   -1.591438e+01 -4.897941e+01 0.000000e+00
      vertex   -1.424202e+01 -4.949156e+01 0.000000e+00
    endloop
  endfacet
  facet normal -2.601857e-01 -9.655586e-01 -2.841107e-16
    outer loop
      vertex   -1.424202e+01 -4.949156e+01 3.000000e+00
      vertex   -1.424202e+01 -4.949156e+01 0.000000e+00
      vertex   -1.255324e+01 -4.994663e+01 3.000000e+00
    endloop
  endfacet
  facet normal -2.601857e-01 -9.655586e-01 -0.000000e+00
    outer loop
      vertex   -1.255324e+01 -4.994663e+01 3.000000e+00
      vertex   -1.424202e+01 -4.949156e+01 0.000000e+00
      vertex   -1.255324e+01 -4.994663e+01 0.000000e+00
    endloop
  endfacet
  facet normal -2.272485e-01 -9.738368e-01 -0.000000e+00
    outer loop
      vertex   -1.255324e+01 -4.994663e+01 3.000000e+00
      vertex   -1.255324e+01 -4.994663e+01 0.000000e+00
      vertex   -1.084998e+01 -5.034409e+01 3.000000e+00
    endloop
  endfacet
  facet normal -2.272485e-01 -9.738368e-01 1.749256e-15
    outer loop
      vertex   -1.084998e+01 -5.034409e+01 3.000000e+00
      vertex   -1.255324e+01 -4.994663e+01 0.000000e+00
      vertex   -1.084998e+01 -5.034409e+01 0.000000e+00
    endloop
  endfacet
  facet normal -1.940493e-01 -9.809918e-01 1.493703e-15
    outer loop
      vertex   -1.084998e+01 -5.034409e+01 3.000000e+00
      vertex   -1.084998e+01 -5.034409e+01 0.000000e+00
      vertex   -9.134209e+00 -5.068349e+01 3.000000e+00
    endloop
  endfacet
  facet normal -1.940493e-01 -9.809918e-01 -3.842609e-15
    outer loop
      vertex   -9.134209e+00 -5.068349e+01 3.000000e+00
      vertex   -1.084998e+01 -5.034409e+01 0.000000e+00
      vertex   -9.134209e+00 -5.068349e+01 0.000000e+00
    endloop
  endfacet
  facet normal -1.606262e-01 -9.870153e-01 -4.009675e-15
    outer loop
      vertex   -9.134209e+00 -5.068349e+01 3.000000e+00
      vertex   -9.134209e+00 -5.068349e+01 0.000000e+00
      vertex   -7.407901e+00 -5.096443e+01 3.000000e+00
    endloop
  endfacet
  facet normal -1.606262e-01 -9.870153e-01 1.807086e-15
    outer loop
      vertex   -7.407901e+00 -5.096443e+01 3.000000e+00
      vertex   -9.134209e+00 -5.068349e+01 0.000000e+00
      vertex   -7.407901e+00 -5.096443e+01 0.000000e+00
    endloop
  endfacet
  facet normal -1.270178e-01 -9.919004e-01 1.428983e-15
    outer loop
      vertex   -7.407901e+00 -5.096443e+01 3.000000e+00
      vertex   -7.407901e+00 -5.096443e+01 0.000000e+00
      vertex   -5.673048e+00 -5.118659e+01 3.000000e+00
    endloop
  endfacet
  facet normal -1.270178e-01 -9.919004e-01 -1.898034e-15
    outer loop
      vertex   -5.673048e+00 -5.118659e+01 3.000000e+00
      vertex   -7.407901e+00 -5.096443e+01 0.000000e+00
      vertex   -5.673048e+00 -5.118659e+01 0.000000e+00
    endloop
  endfacet
  facet normal -9.326297e-02 -9.956415e-01 -2.026816e-15
    outer loop
      vertex   -5.673048e+00 -5.118659e+01 3.000000e+00
      vertex   -5.673048e+00 -5.118659e+01 0.000000e+00
      vertex   -3.931652e+00 -5.134970e+01 3.000000e+00
    endloop
  endfacet
  facet normal -9.326297e-02 -9.956415e-01 1.049233e-15
    outer loop
      vertex   -3.931652e+00 -5.134970e+01 3.000000e+00
      vertex   -5.673048e+00 -5.118659e+01 0.000000e+00
      vertex   -3.931652e+00 -5.134970e+01 0.000000e+00
    endloop
  endfacet
  facet normal -5.940055e-02 -9.982342e-01 6.682716e-16
    outer loop
      vertex   -3.931652e+00 -5.134970e+01 3.000000e+00
      vertex   -3.931652e+00 -5.134970e+01 0.000000e+00
      vertex   -2.185722e+00 -5.145360e+01 3.000000e+00
    endloop
  endfacet
  facet normal -5.940055e-02 -9.982342e-01 -4.499968e-15
    outer loop
      vertex   -2.185722e+00 -5.145360e+01 3.000000e+00
      vertex   -3.931652e+00 -5.134970e+01 0.000000e+00
      vertex   -2.185722e+00 -5.145360e+01 0.000000e+00
    endloop
  endfacet
  facet normal -2.546962e-02 -9.996756e-01 -4.637388e-15
    outer loop
      vertex   -2.185722e+00 -5.145360e+01 3.000000e+00
      vertex   -2.185722e+00 -5.145360e+01 0.000000e+00
      vertex   -4.372705e-01 -5.149814e+01 3.000000e+00
    endloop
  endfacet
  facet normal -2.546962e-02 -9.996756e-01 2.907814e-16
    outer loop
      vertex   -4.372705e-01 -5.149814e+01 3.000000e+00
      vertex   -2.185722e+00 -5.145360e+01 0.000000e+00
      vertex   -4.372705e-01 -5.149814e+01 0.000000e+00
    endloop
  endfacet
  facet normal 8.490689e-03 -9.999640e-01 -9.693644e-17
    outer loop
      vertex   -4.372705e-01 -5.149814e+01 3.000000e+00
      vertex   -4.372705e-01 -5.149814e+01 0.000000e+00
      vertex   1.311685e+00 -5.148329e+01 3.000000e+00
    endloop
  endfacet
  facet normal 8.490689e-03 -9.999640e-01 -3.205030e-17
    outer loop
      vertex   1.311685e+00 -5.148329e+01 3.000000e+00
      vertex   -4.372705e-01 -5.149814e+01 0.000000e+00
      vertex   1.311685e+00 -5.148329e+01 0.000000e+00
    endloop
  endfacet
  facet normal 4.244120e-02 -9.990990e-01 -1.602053e-16
    outer loop
      vertex   1.311685e+00 -5.148329e+01 3.000000e+00
      vertex   1.311685e+00 -5.148329e+01 0.000000e+00
      vertex   3.059128e+00 -5.140906e+01 3.000000e+00
    endloop
  endfacet
  facet normal 4.244120e-02 -9.990990e-01 -4.837571e-16
    outer loop
      vertex   3.059128e+00 -5.140906e+01 3.000000e+00
      vertex   1.311685e+00 -5.148329e+01 0.000000e+00
      vertex   3.059128e+00 -5.140906e+01 0.000000e+00
    endloop
  endfacet
  facet normal 7.634277e-02 -9.970816e-01 -8.701770e-16
    outer loop
      vertex   3.059128e+00 -5.140906e+01 3.000000e+00
      vertex   3.059128e+00 -5.140906e+01 0.000000e+00
      vertex   4.803043e+00 -5.127554e+01 3.000000e+00
    endloop
  endfacet
  facet normal 7.634277e-02 -9.970816e-01 -2.938260e-16
    outer loop
      vertex   4.803043e+00 -5.127554e+01 3.000000e+00
      vertex   3.059128e+00 -5.140906e+01 0.000000e+00
      vertex   4.803043e+00 -5.127554e+01 0.000000e+00
    endloop
  endfacet
  facet normal 1.101563e-01 -9.939143e-01 -4.239665e-16
    outer loop
      vertex   4.803043e+00 -5.127554e+01 3.000000e+00
      vertex   4.803043e+00 -5.127554e+01 0.000000e+00
      vertex   6.541418e+00 -5.108287e+01 3.000000e+00
    endloop
  endfacet
  facet normal 1.101563e-01 -9.939143e-01 -1.271900e-15
    outer loop
      vertex   6.541418e+00 -5.108287e+01 3.000000e+00
      vertex   4.803043e+00 -5.127554e+01 0.000000e+00
      vertex   6.541418e+00 -5.108287e+01 0.000000e+00
    endloop
  endfacet
  facet normal 1.438427e-01 -9.896006e-01 -1.660854e-15
    outer loop
      vertex   6.541418e+00 -5.108287e+01 3.000000e+00
      vertex   6.541418e+00 -5.108287e+01 0.000000e+00
      vertex   8.272248e+00 -5.083129e+01 3.000000e+00
    endloop
  endfacet
  facet normal 1.438427e-01 -9.896006e-01 -5.962041e-16
    outer loop
      vertex   8.272248e+00 -5.083129e+01 3.000000e+00
      vertex   6.541418e+00 -5.108287e+01 0.000000e+00
      vertex   8.272248e+00 -5.083129e+01 0.000000e+00
    endloop
  endfacet
  facet normal 1.773633e-01 -9.841454e-01 -7.351411e-16
    outer loop
      vertex   8.272248e+00 -5.083129e+01 3.000000e+00
      vertex   8.272248e+00 -5.083129e+01 0.000000e+00
      vertex   9.993537e+00 -5.052108e+01 3.000000e+00
    endloop
  endfacet
  facet normal 1.773633e-01 -9.841454e-01 3.355416e-16
    outer loop
      vertex   9.993537e+00 -5.052108e+01 3.000000e+00
      vertex   8.272248e+00 -5.083129e+01 0.000000e+00
      vertex   9.993537e+00 -5.052108e+01 0.000000e+00
    endloop
  endfacet
  facet normal 2.106793e-01 -9.775552e-01 -5.488065e-17
    outer loop
      vertex   9.993537e+00 -5.052108e+01 3.000000e+00
      vertex   9.993537e+00 -5.052108e+01 0.000000e+00
      vertex   1.170330e+01 -5.015260e+01 3.000000e+00
    endloop
  endfacet
  facet normal 2.106793e-01 -9.775552e-01 -8.732303e-16
    outer loop
      vertex   1.170330e+01 -5.015260e+01 3.000000e+00
      vertex   9.993537e+00 -5.052108e+01 0.000000e+00
      vertex   1.170330e+01 -5.015260e+01 0.000000e+00
    endloop
  endfacet
  facet normal 2.437523e-01 -9.698375e-01 -1.010312e-15
    outer loop
      vertex   1.170330e+01 -5.015260e+01 3.000000e+00
      vertex   1.170330e+01 -5.015260e+01 0.000000e+00
      vertex   1.339956e+01 -4.972627e+01 3.000000e+00
    endloop
  endfacet
  facet normal 2.437523e-01 -9.698375e-01 -2.742276e-15
    outer loop
      vertex   1.339956e+01 -4.972627e+01 3.000000e+00
      vertex   1.170330e+01 -5.015260e+01 0.000000e+00
      vertex   1.339956e+01 -4.972627e+01 0.000000e+00
    endloop
  endfacet
  facet normal 2.765441e-01 -9.610012e-01 -3.111193e-15
    outer loop
      vertex   1.339956e+01 -4.972627e+01 3.000000e+00
      vertex   1.339956e+01 -4.972627e+01 0.000000e+00
      vertex   1.508037e+01 -4.924259e+01 3.000000e+00
    endloop
  endfacet
  facet normal 2.765441e-01 -9.610012e-01 -1.146229e-15
    outer loop
      vertex   1.508037e+01 -4.924259e+01 3.000000e+00
      vertex   1.339956e+01 -4.972627e+01 0.000000e+00
      vertex   1.508037e+01 -4.924259e+01 0.000000e+00
    endloop
  endfacet
  facet normal 3.090170e-01 -9.510565e-01 -1.280824e-15
    outer loop
      vertex   1.508037e+01 -4.924259e+01 3.000000e+00
      vertex   1.508037e+01 -4.924259e+01 0.000000e+00
      vertex   1.674379e+01 -4.870211e+01 3.000000e+00
    endloop
  endfacet
  facet normal 3.090170e-01 -9.510565e-01 2.366267e-15
    outer loop
      vertex   1.674379e+01 -4.870211e+01 3.000000e+00
      vertex   1.508037e+01 -4.924259e+01 0.000000e+00
      vertex   1.674379e+01 -4.870211e+01 0.000000e+00
    endloop
  endfacet
  facet normal 3.411335e-01 -9.400149e-01 1.831409e-15
    outer loop
      vertex   1.674379e+01 -4.870211e+01 3.000000e+00
      vertex   1.674379e+01 -4.870211e+01 0.000000e+00
      vertex   1.838789e+01 -4.810546e+01 3.000000e+00
    endloop
  endfacet
  facet normal 3.411335e-01 -9.400149e-01 -1.974966e-16
    outer loop
      vertex   1.838789e+01 -4.810546e+01 3.000000e+00
      vertex   1.674379e+01 -4.870211e+01 0.000000e+00
      vertex   1.838789e+01 -4.810546e+01 0.000000e+00
    endloop
  endfacet
  facet normal 3.728565e-01 -9.278890e-01 -4.516219e-16
    outer loop
      vertex   1.838789e+01 -4.810546e+01 3.000000e+00
      vertex   1.838789e+01 -4.810546e+01 0.000000e+00
      vertex   2.001079e+01 -4.745333e+01 3.000000e+00
    endloop
  endfacet
  facet normal 3.728565e-01 -9.278890e-01 0.000000e+00
    outer loop
      vertex   2.001079e+01 -4.745333e+01 3.000000e+00
      vertex   1.838789e+01 -4.810546e+01 0.000000e+00
      vertex   2.001079e+01 -4.745333e+01 0.000000e+00
    endloop
  endfacet
  facet normal 4.041494e-01 -9.146930e-01 0.000000e+00
    outer loop
      vertex   2.001079e+01 -4.745333e+01 3.000000e+00
      vertex   2.001079e+01 -4.745333e+01 0.000000e+00
      vertex   2.161060e+01 -4.674646e+01 3.000000e+00
    endloop
  endfacet
  facet normal 4.041494e-01 -9.146930e-01 -2.266173e-16
    outer loop
      vertex   2.161060e+01 -4.674646e+01 3.000000e+00
      vertex   2.001079e+01 -4.745333e+01 0.000000e+00
      vertex   2.161060e+01 -4.674646e+01 0.000000e+00
    endloop
  endfacet
  facet normal 4.349763e-01 -9.004419e-01 -4.429020e-16
    outer loop
      vertex   2.161060e+01 -4.674646e+01 3.000000e+00
      vertex   2.161060e+01 -4.674646e+01 0.000000e+00
      vertex   2.318549e+01 -4.598568e+01 3.000000e+00
    endloop
  endfacet
  facet normal 4.349763e-01 -9.004419e-01 0.000000e+00
    outer loop
      vertex   2.318549e+01 -4.598568e+01 3.000000e+00
      vertex   2.161060e+01 -4.674646e+01 0.000000e+00
      vertex   2.318549e+01 -4.598568e+01 0.000000e+00
    endloop
  endfacet
  facet normal 4.653014e-01 -8.851523e-01 0.000000e+00
    outer loop
      vertex   2.318549e+01 -4.598568e+01 3.000000e+00
      vertex   2.318549e+01 -4.598568e+01 0.000000e+00
      vertex   2.473364e+01 -4.517186e+01 3.000000e+00
    endloop
  endfacet
  facet normal 4.653014e-01 -8.851523e-01 -1.209703e-15
    outer loop
      vertex   2.473364e+01 -4.517186e+01 3.000000e+00
      vertex   2.318549e+01 -4.598568e+01 0.000000e+00
      vertex   2.473364e+01 -4.517186e+01 0.000000e+00
    endloop
  endfacet
  facet normal 4.950899e-01 -8.688418e-01 -1.459994e-15
    outer loop
      vertex   2.473364e+01 -4.517186e+01 3.000000e+00
      vertex   2.473364e+01 -4.517186e+01 0.000000e+00
      vertex   2.625326e+01 -4.430594e+01 3.000000e+00
    endloop
  endfacet
  facet normal 4.950899e-01 -8.688418e-01 0.000000e+00
    outer loop
      vertex   2.625326e+01 -4.430594e+01 3.000000e+00
      vertex   2.473364e+01 -4.517186e+01 0.000000e+00
      vertex   2.625326e+01 -4.430594e+01 0.000000e+00
    endloop
  endfacet
  facet normal 5.243073e-01 -8.515291e-01 0.000000e+00
    outer loop
      vertex   2.625326e+01 -4.430594e+01 3.000000e+00
      vertex   2.625326e+01 -4.430594e+01 0.000000e+00
      vertex   2.774260e+01 -4.338892e+01 3.000000e+00
    endloop
  endfacet
  facet normal 5.243073e-01 -8.515291e-01 3.082250e-16
    outer loop
      vertex   2.774260e+01 -4.338892e+01 3.000000e+00
      vertex   2.625326e+01 -4.430594e+01 0.000000e+00
      vertex   2.774260e+01 -4.338892e+01 0.000000e+00
    endloop
  endfacet
  facet normal 5.529200e-01 -8.332344e-01 1.825802e-17
    outer loop
      vertex   2.774260e+01 -4.338892e+01 3.000000e+00
      vertex   2.774260e+01 -4.338892e+01 0.000000e+00
      vertex   2.919994e+01 -4.242185e+01 3.000000e+00
    endloop
  endfacet
  facet normal 5.529200e-01 -8.332344e-01 0.000000e+00
    outer loop
      vertex   2.919994e+01 -4.242185e+01 3.000000e+00
      vertex   2.774260e+01 -4.338892e+01 0.000000e+00
      vertex   2.919994e+01 -4.242185e+01 0.000000e+00
    endloop
  endfacet
  facet normal 5.808950e-01 -8.139785e-01 0.000000e+00
    outer loop
      vertex   2.919994e+01 -4.242185e+01 3.000000e+00
      vertex   2.919994e+01 -4.242185e+01 0.000000e+00
      vertex   3.062361e+01 -4.140585e+01 3.000000e+00
    endloop
  endfacet
  facet normal 5.808950e-01 -8.139785e-01 3.031994e-15
    outer loop
      vertex   3.062361e+01 -4.140585e+01 3.000000e+00
      vertex   2.919994e+01 -4.242185e+01 0.000000e+00
      vertex   3.062361e+01 -4.140585e+01 0.000000e+00
    endloop
  endfacet
  facet normal 6.081999e-01 -7.937839e-01 2.759160e-15
    outer loop
      vertex   3.062361e+01 -4.140585e+01 3.000000e+00
      vertex   3.062361e+01 -4.140585e+01 0.000000e+00
      vertex   3.201195e+01 -4.034210e+01 3.000000e+00
    endloop
  endfacet
  facet normal 6.081999e-01 -7.937839e-01 0.000000e+00
    outer loop
      vertex   3.201195e+01 -4.034210e+01 3.000000e+00
      vertex   3.062361e+01 -4.140585e+01 0.000000e+00
      vertex   3.201195e+01 -4.034210e+01 0.000000e+00
    endloop
  endfacet
  facet normal 6.348034e-01 -7.726737e-01 0.000000e+00
    outer loop
      vertex   3.201195e+01 -4.034210e+01 3.000000e+00
      vertex   3.201195e+01 -4.034210e+01 0.000000e+00
      vertex   3.336337e+01 -3.923182e+01 3.000000e+00
    endloop
  endfacet
  facet normal 6.348034e-01 -7.726737e-01 6.530848e-16
    outer loop
      vertex   3.336337e+01 -3.923182e+01 3.000000e+00
      vertex   3.201195e+01 -4.034210e+01 0.000000e+00
      vertex   3.336337e+01 -3.923182e+01 0.000000e+00
    endloop
  endfacet
  facet normal 6.606747e-01 -7.506723e-01 4.263142e-16
    outer loop
      vertex   3.336337e+01 -3.923182e+01 3.000000e+00
      vertex   3.336337e+01 -3.923182e+01 0.000000e+00
      vertex   3.467631e+01 -3.807628e+01 3.000000e+00
    endloop
  endfacet
  facet normal 6.606747e-01 -7.506723e-01 -1.138478e-15
    outer loop
      vertex   3.467631e+01 -3.807628e+01 3.000000e+00
      vertex   3.336337e+01 -3.923182e+01 0.000000e+00
      vertex   3.467631e+01 -3.807628e+01 0.000000e+00
    endloop
  endfacet
  facet normal 6.857840e-01 -7.278051e-01 -1.425211e-15
    outer loop
      vertex   3.467631e+01 -3.807628e+01 3.000000e+00
      vertex   3.467631e+01 -3.807628e+01 0.000000e+00
      vertex   3.594926e+01 -3.687683e+01 3.000000e+00
    endloop
  endfacet
  facet normal 6.857840e-01 -7.278051e-01 -1.425211e-15
    outer loop
      vertex   3.594926e+01 -3.687683e+01 3.000000e+00
      vertex   3.467631e+01 -3.807628e+01 0.000000e+00
      vertex   3.594926e+01 -3.687683e+01 0.000000e+00
    endloop
  endfacet
  facet normal 7.101023e-01 -7.040985e-01 -1.710300e-15
    outer loop
      vertex   3.594926e+01 -3.687683e+01 3.000000e+00
      vertex   3.594926e+01 -3.687683e+01 0.000000e+00
      vertex   3.718074e+01 -3.563485e+01 3.000000e+00
    endloop
  endfacet
  facet normal 7.101023e-01 -7.040985e-01 -2.844008e-17
    outer loop
      vertex   3.718074e+01 -3.563485e+01 3.000000e+00
      vertex   3.594926e+01 -3.687683e+01 0.000000e+00
      vertex   3.718074e+01 -3.563485e+01 0.000000e+00
    endloop
  endfacet
  facet normal 7.336017e-01 -6.795797e-01 -2.558992e-16
    outer loop
      vertex   3.718074e+01 -3.563485e+01 3.000000e+00
      vertex   3.718074e+01 -3.563485e+01 0.000000e+00
      vertex   3.836934e+01 -3.435177e+01 3.000000e+00
    endloop
  endfacet
  facet normal 7.336017e-01 -6.795797e-01 1.353669e-15
    outer loop
      vertex   3.836934e+01 -3.435177e+01 3.000000e+00
      vertex   3.718074e+01 -3.563485e+01 0.000000e+00
      vertex   3.836934e+01 -3.435177e+01 0.000000e+00
    endloop
  endfacet
  facet normal 7.562548e-01 -6.542772e-01 1.066576e-15
    outer loop
      vertex   3.836934e+01 -3.435177e+01 3.000000e+00
      vertex   3.836934e+01 -3.435177e+01 0.000000e+00
      vertex   3.951368e+01 -3.302906e+01 3.000000e+00
    endloop
  endfacet
  facet normal 7.562548e-01 -6.542772e-01 -3.823874e-15
    outer loop
      vertex   3.951368e+01 -3.302906e+01 3.000000e+00
      vertex   3.836934e+01 -3.435177e+01 0.000000e+00
      vertex   3.951368e+01 -3.302906e+01 0.000000e+00
    endloop
  endfacet
  facet normal 7.780358e-01 -6.282200e-01 -4.040353e-15
    outer loop
      vertex   3.951368e+01 -3.302906e+01 3.000000e+00
      vertex   3.951368e+01 -3.302906e+01 0.000000e+00
      vertex   4.061245e+01 -3.166827e+01 3.000000e+00
    endloop
  endfacet
  facet normal 7.780358e-01 -6.282200e-01 -2.552429e-15
    outer loop
      vertex   4.061245e+01 -3.166827e+01 3.000000e+00
      vertex   3.951368e+01 -3.302906e+01 0.000000e+00
      vertex   4.061245e+01 -3.166827e+01 0.000000e+00
    endloop
  endfacet
  facet normal 7.989193e-01 -6.014382e-01 -2.827679e-15
    outer loop
      vertex   4.061245e+01 -3.166827e+01 3.000000e+00
      vertex   4.061245e+01 -3.166827e+01 0.000000e+00
      vertex   4.166438e+01 -3.027094e+01 3.000000e+00
    endloop
  endfacet
  facet normal 7.989193e-01 -6.014382e-01 0.000000e+00
    outer loop
      vertex   4.166438e+01 -3.027094e+01 3.000000e+00
      vertex   4.061245e+01 -3.166827e+01 0.000000e+00
      vertex   4.166438e+01 -3.027094e+01 0.000000e+00
    endloop
  endfacet
  facet normal 8.188814e-01 -5.739628e-01 0.000000e+00
    outer loop
      vertex   4.166438e+01 -3.027094e+01 3.000000e+00
      vertex   4.166438e+01 -3.027094e+01 0.000000e+00
      vertex   4.266825e+01 -2.883870e+01 3.000000e+00
    endloop
  endfacet
  facet normal 8.188814e-01 -5.739628e-01 0.000000e+00
    outer loop
      vertex   4.266825e+01 -2.883870e+01 3.000000e+00
      vertex   4.166438e+01 -3.027094e+01 0.000000e+00
      vertex   4.266825e+01 -2.883870e+01 0.000000e+00
    endloop
  endfacet
  facet normal 8.378990e-01 -5.458253e-01 0.000000e+00
    outer loop
      vertex   4.266825e+01 -2.883870e+01 3.000000e+00
      vertex   4.266825e+01 -2.883870e+01 0.000000e+00
      vertex   4.362291e+01 -2.737320e+01 3.000000e+00
    endloop
  endfacet
  facet normal 8.378990e-01 -5.458253e-01 0.000000e+00
    outer loop
      vertex   4.362291e+01 -2.737320e+01 3.000000e+00
      vertex   4.266825e+01 -2.883870e+01 0.000000e+00
      vertex   4.362291e+01 -2.737320e+01 0.000000e+00
    endloop
  endfacet
  facet normal 8.559502e-01 -5.170583e-01 0.000000e+00
    outer loop
      vertex   4.362291e+01 -2.737320e+01 3.000000e+00
      vertex   4.362291e+01 -2.737320e+01 0.000000e+00
      vertex   4.452725e+01 -2.587613e+01 3.000000e+00
    endloop
  endfacet
  facet normal 8.559502e-01 -5.170583e-01 0.000000e+00
    outer loop
      vertex   4.452725e+01 -2.587613e+01 3.000000e+00
      vertex   4.362291e+01 -2.737320e+01 0.000000e+00
      vertex   4.452725e+01 -2.587613e+01 0.000000e+00
    endloop
  endfacet
  facet normal 8.730141e-01 -4.876949e-01 0.000000e+00
    outer loop
      vertex   4.452725e+01 -2.587613e+01 3.000000e+00
      vertex   4.452725e+01 -2.587613e+01 0.000000e+00
      vertex   4.538024e+01 -2.434921e+01 3.000000e+00
    endloop
  endfacet
  facet normal 8.730141e-01 -4.876949e-01 0.000000e+00
    outer loop
      vertex   4.538024e+01 -2.434921e+01 3.000000e+00
      vertex   4.452725e+01 -2.587613e+01 0.000000e+00
      vertex   4.538024e+01 -2.434921e+01 0.000000e+00
    endloop
  endfacet
  facet normal 8.890711e-01 -4.577691e-01 0.000000e+00
    outer loop
      vertex   4.538024e+01 -2.434921e+01 3.000000e+00
      vertex   4.538024e+01 -2.434921e+01 0.000000e+00
      vertex   4.618088e+01 -2.279421e+01 3.000000e+00
    endloop
  endfacet
  facet normal 8.890711e-01 -4.577691e-01 0.000000e+00
    outer loop
      vertex   4.618088e+01 -2.279421e+01 3.000000e+00
      vertex   4.538024e+01 -2.434921e+01 0.000000e+00
      vertex   4.618088e+01 -2.279421e+01 0.000000e+00
    endloop
  endfacet
  facet normal 9.041027e-01 -4.273152e-01 0.000000e+00
    outer loop
      vertex   4.618088e+01 -2.279421e+01 3.000000e+00
      vertex   4.618088e+01 -2.279421e+01 0.000000e+00
      vertex   4.692827e+01 -2.121291e+01 3.000000e+00
    endloop
  endfacet
  facet normal 9.041027e-01 -4.273152e-01 0.000000e+00
    outer loop
      vertex   4.692827e+01 -2.121291e+01 3.000000e+00
      vertex   4.618088e+01 -2.279421e+01 0.000000e+00
      vertex   4.692827e+01 -2.121291e+01 0.000000e+00
    endloop
  endfacet
  facet normal 9.180915e-01 -3.963685e-01 0.000000e+00
    outer loop
      vertex   4.692827e+01 -2.121291e+01 3.000000e+00
      vertex   4.692827e+01 -2.121291e+01 0.000000e+00
      vertex   4.762152e+01 -1.960715e+01 3.000000e+00
    endloop
  endfacet
  facet normal 9.180915e-01 -3.963685e-01 6.418901e-16
    outer loop
      vertex   4.762152e+01 -1.960715e+01 3.000000e+00
      vertex   4.692827e+01 -2.121291e+01 0.000000e+00
      vertex   4.762152e+01 -1.960715e+01 0.000000e+00
    endloop
  endfacet
  facet normal 9.310214e-01 -3.649646e-01 3.881280e-16
    outer loop
      vertex   4.762152e+01 -1.960715e+01 3.000000e+00
      vertex   4.762152e+01 -1.960715e+01 0.000000e+00
      vertex   4.825985e+01 -1.797878e+01 3.000000e+00
    endloop
  endfacet
  facet normal 9.310214e-01 -3.649646e-01 2.593230e-15
    outer loop
      vertex   4.825985e+01 -1.797878e+01 3.000000e+00
      vertex   4.762152e+01 -1.960715e+01 0.000000e+00
      vertex   4.825985e+01 -1.797878e+01 0.000000e+00
    endloop
  endfacet
  facet normal 9.428774e-01 -3.331398e-01 2.367101e-15
    outer loop
      vertex   4.825985e+01 -1.797878e+01 3.000000e+00
      vertex   4.825985e+01 -1.797878e+01 0.000000e+00
      vertex   4.884252e+01 -1.632967e+01 3.000000e+00
    endloop
  endfacet
  facet normal 9.428774e-01 -3.331398e-01 -1.704747e-15
    outer loop
      vertex   4.884252e+01 -1.632967e+01 3.000000e+00
      vertex   4.825985e+01 -1.797878e+01 0.000000e+00
      vertex   4.884252e+01 -1.632967e+01 0.000000e+00
    endloop
  endfacet
  facet normal 9.536460e-01 -3.009307e-01 -2.022760e-15
    outer loop
      vertex   4.884252e+01 -1.632967e+01 3.000000e+00
      vertex   4.884252e+01 -1.632967e+01 0.000000e+00
      vertex   4.936885e+01 -1.466173e+01 3.000000e+00
    endloop
  endfacet
  facet normal 9.536460e-01 -3.009307e-01 2.138241e-15
    outer loop
      vertex   4.936885e+01 -1.466173e+01 3.000000e+00
      vertex   4.884252e+01 -1.632967e+01 0.000000e+00
      vertex   4.936885e+01 -1.466173e+01 0.000000e+00
    endloop
  endfacet
  facet normal 9.633146e-01 -2.683746e-01 1.906916e-15
    outer loop
      vertex   4.936885e+01 -1.466173e+01 3.000000e+00
      vertex   4.936885e+01 -1.466173e+01 0.000000e+00
      vertex   4.983825e+01 -1.297687e+01 3.000000e+00
    endloop
  endfacet
  facet normal 9.633146e-01 -2.683746e-01 -2.815168e-15
    outer loop
      vertex   4.983825e+01 -1.297687e+01 3.000000e+00
      vertex   4.936885e+01 -1.466173e+01 0.000000e+00
      vertex   4.983825e+01 -1.297687e+01 0.000000e+00
    endloop
  endfacet
  facet normal 9.718722e-01 -2.355089e-01 -3.069770e-15
    outer loop
      vertex   4.983825e+01 -1.297687e+01 3.000000e+00
      vertex   4.983825e+01 -1.297687e+01 0.000000e+00
      vertex   5.025016e+01 -1.127705e+01 3.000000e+00
    endloop
  endfacet
  facet normal 9.718722e-01 -2.355089e-01 -2.790871e-15
    outer loop
      vertex   5.025016e+01 -1.127705e+01 3.000000e+00
      vertex   4.983825e+01 -1.297687e+01 0.000000e+00
      vertex   5.025016e+01 -1.127705e+01 0.000000e+00
    endloop
  endfacet
  facet normal 9.793088e-01 -2.023716e-01 -3.081174e-15
    outer loop
      vertex   5.025016e+01 -1.127705e+01 3.000000e+00
      vertex   5.025016e+01 -1.127705e+01 0.000000e+00
      vertex   5.060411e+01 -9.564218e+00 3.000000e+00
    endloop
  endfacet
  facet normal 9.793088e-01 -2.023716e-01 -3.201002e-15
    outer loop
      vertex   5.060411e+01 -9.564218e+00 3.000000e+00
      vertex   5.025016e+01 -1.127705e+01 0.000000e+00
      vertex   5.060411e+01 -9.564218e+00 0.000000e+00
    endloop
  endfacet
  facet normal 9.856159e-01 -1.690008e-01 -3.467992e-15
    outer loop
      vertex   5.060411e+01 -9.564218e+00 3.000000e+00
      vertex   5.060411e+01 -9.564218e+00 0.000000e+00
      vertex   5.089969e+01 -7.840357e+00 3.000000e+00
    endloop
  endfacet
  facet normal 9.856159e-01 -1.690008e-01 1.300892e-15
    outer loop
      vertex   5.089969e+01 -7.840357e+00 3.000000e+00
      vertex   5.060411e+01 -9.564218e+00 0.000000e+00
      vertex   5.089969e+01 -7.840357e+00 0.000000e+00
    endloop
  endfacet
  facet normal 9.907862e-01 -1.354352e-01 1.042518e-15
    outer loop
      vertex   5.089969e+01 -7.840357e+00 3.000000e+00
      vertex   5.089969e+01 -7.840357e+00 0.000000e+00
      vertex   5.113657e+01 -6.107453e+00 3.000000e+00
    endloop
  endfacet
  facet normal 9.907862e-01 -1.354352e-01 1.002422e-15
    outer loop
      vertex   5.113657e+01 -6.107453e+00 3.000000e+00
      vertex   5.089969e+01 -7.840357e+00 0.000000e+00
      vertex   5.113657e+01 -6.107453e+00 0.000000e+00
    endloop
  endfacet
  facet normal 9.948138e-01 -1.017133e-01 7.528296e-16
    outer loop
      vertex   5.113657e+01 -6.107453e+00 3.000000e+00
      vertex   5.113657e+01 -6.107453e+00 0.000000e+00
      vertex   5.131447e+01 -4.367505e+00 3.000000e+00
    endloop
  endfacet
  facet normal 9.948138e-01 -1.017133e-01 7.528296e-16
    outer loop
      vertex   5.131447e+01 -4.367505e+00 3.000000e+00
      vertex   5.113657e+01 -6.107453e+00 0.000000e+00
      vertex   5.131447e+01 -4.367505e+00 0.000000e+00
    endloop
  endfacet
  facet normal 9.976939e-01 -6.787410e-02 5.023693e-16
    outer loop
      vertex   5.131447e+01 -4.367505e+00 3.000000e+00
      vertex   5.131447e+01 -4.367505e+00 0.000000e+00
      vertex   5.143318e+01 -2.622520e+00 3.000000e+00
    endloop
  endfacet
  facet normal 9.976939e-01 -6.787410e-02 5.224641e-16
    outer loop
      vertex   5.143318e+01 -2.622520e+00 3.000000e+00
      vertex   5.131447e+01 -4.367505e+00 0.000000e+00
      vertex   5.143318e+01 -2.622520e+00 0.000000e+00
    endloop
  endfacet
  facet normal 9.994233e-01 -3.395663e-02 2.613828e-16
    outer loop
      vertex   5.143318e+01 -2.622520e+00 3.000000e+00
      vertex   5.143318e+01 -2.622520e+00 0.000000e+00
      vertex   5.149257e+01 -8.745094e-01 3.000000e+00
    endloop
  endfacet
  facet normal 9.994233e-01 -3.395663e-02 2.576128e-16
    outer loop
      vertex   5.149257e+01 -8.745094e-01 3.000000e+00
      vertex   5.143318e+01 -2.622520e+00 0.000000e+00
      vertex   5.149257e+01 -8.745094e-01 0.000000e+00
    endloop
  endfacet
  facet normal 1.000000e+00 -0.000000e+00 0.000000e+00
    outer loop
      vertex   5.149257e+01 -8.745094e-01 3.000000e+00
      vertex   5.149257e+01 -8.745094e-01 0.000000e+00
      vertex   5.149257e+01 8.745094e-01 3.000000e+00
    endloop
  endfacet
  facet normal 1.000000e+00 0.000000e+00 0.000000e+00
    outer loop
      vertex   5.149257e+01 8.745094e-01 3.000000e+00
      vertex   5.149257e+01 -8.745094e-01 0.000000e+00
      vertex   5.149257e+01 8.745094e-01 0.000000e+00
    endloop
  endfacet
  facet normal 9.994233e-01 3.395663e-02 -2.576128e-16
    outer loop
      vertex   5.149257e+01 8.745094e-01 3.000000e+00
      vertex   5.149257e+01 8.745094e-01 0.000000e+00
      vertex   5.143318e+01 2.622520e+00 3.000000e+00
    endloop
  endfacet
  facet normal 9.994233e-01 3.395663e-02 -2.613828e-16
    outer loop
      vertex   5.143318e+01 2.622520e+00 3.000000e+00
      vertex   5.149257e+01 8.745094e-01 0.000000e+00
      vertex   5.143318e+01 2.622520e+00 0.000000e+00
    endloop
  endfacet
  facet normal 9.976939e-01 6.787410e-02 -5.224641e-16
    outer loop
      vertex   5.143318e+01 2.622520e+00 3.000000e+00
      vertex   5.143318e+01 2.622520e+00 0.000000e+00
      vertex   5.131447e+01 4.367505e+00 3.000000e+00
    endloop
  endfacet
  facet normal 9.976939e-01 6.787410e-02 -5.023693e-16
    outer loop
      vertex   5.131447e+01 4.367505e+00 3.000000e+00
      vertex   5.143318e+01 2.622520e+00 0.000000e+00
      vertex   5.131447e+01 4.367505e+00 0.000000e+00
    endloop
  endfacet
  facet normal 9.948138e-01 1.017133e-01 -7.528296e-16
    outer loop
      vertex   5.131447e+01 4.367505e+00 3.000000e+00
      vertex   5.131447e+01 4.367505e+00 0.000000e+00
      vertex   5.113657e+01 6.107453e+00 3.000000e+00
    endloop
  endfacet
  facet normal 9.948138e-01 1.017133e-01 -7.528296e-16
    outer loop
      vertex   5.113657e+01 6.107453e+00 3.000000e+00
      vertex   5.131447e+01 4.367505e+00 0.000000e+00
      vertex   5.113657e+01 6.107453e+00 0.000000e+00
    endloop
  endfacet
  facet normal 9.907862e-01 1.354352e-01 -1.002422e-15
    outer loop
      vertex   5.113657e+01 6.107453e+00 3.000000e+00
      vertex   5.113657e+01 6.107453e+00 0.000000e+00
      vertex   5.089969e+01 7.840357e+00 3.000000e+00
    endloop
  endfacet
  facet normal 9.907862e-01 1.354352e-01 -1.042518e-15
    outer loop
      vertex   5.089969e+01 7.840357e+00 3.000000e+00
      vertex   5.113657e+01 6.107453e+00 0.000000e+00
      vertex   5.089969e+01 7.840357e+00 0.000000e+00
    endloop
  endfacet
  facet normal 9.856159e-01 1.690008e-01 -1.300892e-15
    outer loop
      vertex   5.089969e+01 7.840357e+00 3.000000e+00
      vertex   5.089969e+01 7.840357e+00 0.000000e+00
      vertex   5.060411e+01 9.564218e+00 3.000000e+00
    endloop
  endfacet
  facet normal 9.856159e-01 1.690008e-01 3.467992e-15
    outer loop
      vertex   5.060411e+01 9.564218e+00 3.000000e+00
      vertex   5.089969e+01 7.840357e+00 0.000000e+00
      vertex   5.060411e+01 9.564218e+00 0.000000e+00
    endloop
  endfacet
  facet normal 9.793088e-01 2.023716e-01 3.201002e-15
    outer loop
      vertex   5.060411e+01 9.564218e+00 3.000000e+00
      vertex   5.060411e+01 9.564218e+00 0.000000e+00
      vertex   5.025016e+01 1.127705e+01 3.000000e+00
    endloop
  endfacet
  facet normal 9.793088e-01 2.023716e-01 3.081174e-15
    outer loop
      vertex   5.025016e+01 1.127705e+01 3.000000e+00
      vertex   5.060411e+01 9.564218e+00 0.000000e+00
      vertex   5.025016e+01 1.127705e+01 0.000000e+00
    endloop
  endfacet
  facet normal 9.718722e-01 2.355089e-01 2.790871e-15
    outer loop
      vertex   5.025016e+01 1.127705e+01 3.000000e+00
      vertex   5.025016e+01 1.127705e+01 0.000000e+00
      vertex   4.983825e+01 1.297687e+01 3.000000e+00
    endloop
  endfacet
  facet normal 9.718722e-01 2.355089e-01 3.069770e-15
    outer loop
      vertex   4.983825e+01 1.297687e+01 3.000000e+00
      vertex   5.025016e+01 1.127705e+01 0.000000e+00
      vertex   4.983825e+01 1.297687e+01 0.000000e+00
    endloop
  endfacet
  facet normal 9.633146e-01 2.683746e-01 2.815168e-15
    outer loop
      vertex   4.983825e+01 1.297687e+01 3.000000e+00
      vertex   4.983825e+01 1.297687e+01 0.000000e+00
      vertex   4.936885e+01 1.466173e+01 3.000000e+00
    endloop
  endfacet
  facet normal 9.633146e-01 2.683746e-01 -1.906916e-15
    outer loop
      vertex   4.936885e+01 1.466173e+01 3.000000e+00
      vertex   4.983825e+01 1.297687e+01 0.000000e+00
      vertex   4.936885e+01 1.466173e+01 0.000000e+00
    endloop
  endfacet
  facet normal 9.536460e-01 3.009307e-01 -2.138241e-15
    outer loop
      vertex   4.936885e+01 1.466173e+01 3.000000e+00
      vertex   4.936885e+01 1.466173e+01 0.000000e+00
      vertex   4.884252e+01 1.632967e+01 3.000000e+00
    endloop
  endfacet
  facet normal 9.536460e-01 3.009307e-01 2.022760e-15
    outer loop
      vertex   4.884252e+01 1.632967e+01 3.000000e+00
      vertex   4.936885e+01 1.466173e+01 0.000000e+00
      vertex   4.884252e+01 1.632967e+01 0.000000e+00
    endloop
  endfacet
  facet normal 9.428774e-01 3.331398e-01 1.704747e-15
    outer loop
      vertex   4.884252e+01 1.632967e+01 3.000000e+00
      vertex   4.884252e+01 1.632967e+01 0.000000e+00
      vertex   4.825985e+01 1.797878e+01 3.000000e+00
    endloop
  endfacet
  facet normal 9.428774e-01 3.331398e-01 -2.367101e-15
    outer loop
      vertex   4.825985e+01 1.797878e+01 3.000000e+00
      vertex   4.884252e+01 1.632967e+01 0.000000e+00
      vertex   4.825985e+01 1.797878e+01 0.000000e+00
    endloop
  endfacet
  facet normal 9.310214e-01 3.649646e-01 -2.593230e-15
    outer loop
      vertex   4.825985e+01 1.797878e+01 3.000000e+00
      vertex   4.825985e+01 1.797878e+01 0.000000e+00
      vertex   4.762152e+01 1.960715e+01 3.000000e+00
    endloop
  endfacet
  facet normal 9.310214e-01 3.649646e-01 -3.881280e-16
    outer loop
      vertex   4.762152e+01 1.960715e+01 3.000000e+00
      vertex   4.825985e+01 1.797878e+01 0.000000e+00
      vertex   4.762152e+01 1.960715e+01 0.000000e+00
    endloop
  endfacet
  facet normal 9.180915e-01 3.963685e-01 -6.418901e-16
    outer loop
      vertex   4.762152e+01 1.960715e+01 3.000000e+00
      vertex   4.762152e+01 1.960715e+01 0.000000e+00
      vertex   4.692827e+01 2.121291e+01 3.000000e+00
    endloop
  endfacet
  facet normal 9.180915e-01 3.963685e-01 0.000000e+00
    outer loop
      vertex   4.692827e+01 2.121291e+01 3.000000e+00
      vertex   4.762152e+01 1.960715e+01 0.000000e+00
      vertex   4.692827e+01 2.121291e+01 0.000000e+00
    endloop
  endfacet
  facet normal 9.041027e-01 4.273152e-01 0.000000e+00
    outer loop
      vertex   4.692827e+01 2.121291e+01 3.000000e+00
      vertex   4.692827e+01 2.121291e+01 0.000000e+00
      vertex   4.618088e+01 2.279421e+01 3.000000e+00
    endloop
  endfacet
  facet normal 9.041027e-01 4.273152e-01 0.000000e+00
    outer loop
      vertex   4.618088e+01 2.279421e+01 3.000000e+00
      vertex   4.692827e+01 2.121291e+01 0.000000e+00
      vertex   4.618088e+01 2.279421e+01 0.000000e+00
    endloop
  endfacet
  facet normal 8.890711e-01 4.577691e-01 0.000000e+00
    outer loop
      vertex   4.618088e+01 2.279421e+01 3.000000e+00
      vertex   4.618088e+01 2.279421e+01 0.000000e+00
      vertex   4.538024e+01 2.434921e+01 3.000000e+00
    endloop
  endfacet
  facet normal 8.890711e-01 4.577691e-01 0.000000e+00
    outer loop
      vertex   4.538024e+01 2.434921e+01 3.000000e+00
      vertex   4.618088e+01 2.279421e+01 0.000000e+00
      vertex   4.538024e+01 2.434921e+01 0.000000e+00
    endloop
  endfacet
  facet normal 8.730141e-01 4.876949e-01 0.000000e+00
    outer loop
      vertex   4.538024e+01 2.434921e+01 3.000000e+00
      vertex   4.538024e+01 2.434921e+01 0.000000e+00
      vertex   4.452725e+01 2.587613e+01 3.000000e+00
    endloop
  endfacet
  facet normal 8.730141e-01 4.876949e-01 0.000000e+00
    outer loop
      vertex   4.452725e+01 2.587613e+01 3.000000e+00
      vertex   4.538024e+01 2.434921e+01 0.000000e+00
      vertex   4.452725e+01 2.587613e+01 0.000000e+00
    endloop
  endfacet
  facet normal 8.559502e-01 5.170583e-01 0.000000e+00
    outer loop
      vertex   4.452725e+01 2.587613e+01 3.000000e+00
      vertex   4.452725e+01 2.587613e+01 0.000000e+00
      vertex   4.362291e+01 2.737320e+01 3.000000e+00
    endloop
  endfacet
  facet normal 8.559502e-01 5.170583e-01 0.000000e+00
    outer loop
      vertex   4.362291e+01 2.737320e+01 3.000000e+00
      vertex   4.452725e+01 2.587613e+01 0.000000e+00
      vertex   4.362291e+01 2.737320e+01 0.000000e+00
    endloop
  endfacet
  facet normal 8.378990e-01 5.458253e-01 0.000000e+00
    outer loop
      vertex   4.362291e+01 2.737320e+01 3.000000e+00
      vertex   4.362291e+01 2.737320e+01 0.000000e+00
      vertex   4.266825e+01 2.883870e+01 3.000000e+00
    endloop
  endfacet
  facet normal 8.378990e-01 5.458253e-01 0.000000e+00
    outer loop
      vertex   4.266825e+01 2.883870e+01 3.000000e+00
      vertex   4.362291e+01 2.737320e+01 0.000000e+00
      vertex   4.266825e+01 2.883870e+01 0.000000e+00
    endloop
  endfacet
  facet normal 8.188814e-01 5.739628e-01 0.000000e+00
    outer loop
      vertex   4.266825e+01 2.883870e+01 3.000000e+00
      vertex   4.266825e+01 2.883870e+01 0.000000e+00
      vertex   4.166438e+01 3.027094e+01 3.000000e+00
    endloop
  endfacet
  facet normal 8.188814e-01 5.739628e-01 0.000000e+00
    outer loop
      vertex   4.166438e+01 3.027094e+01 3.000000e+00
      vertex   4.266825e+01 2.883870e+01 0.000000e+00
      vertex   4.166438e+01 3.027094e+01 0.000000e+00
    endloop
  endfacet
  facet normal 7.989193e-01 6.014382e-01 0.000000e+00
    outer loop
      vertex   4.166438e+01 3.027094e+01 3.000000e+00
      vertex   4.166438e+01 3.027094e+01 0.000000e+00
      vertex   4.061245e+01 3.166827e+01 3.000000e+00
    endloop
  endfacet
  facet normal 7.989193e-01 6.014382e-01 2.827679e-15
    outer loop
      vertex   4.061245e+01 3.166827e+01 3.000000e+00
      vertex   4.166438e+01 3.027094e+01 0.000000e+00
      vertex   4.061245e+01 3.166827e+01 0.000000e+00
    endloop
  endfacet
  facet normal 7.780358e-01 6.282200e-01 2.552429e-15
    outer loop
      vertex   4.061245e+01 3.166827e+01 3.000000e+00
      vertex   4.061245e+01 3.166827e+01 0.000000e+00
      vertex   3.951368e+01 3.302906e+01 3.000000e+00
    endloop
  endfacet
  facet normal 7.780358e-01 6.282200e-01 4.040353e-15
    outer loop
      vertex   3.951368e+01 3.302906e+01 3.000000e+00
      vertex   4.061245e+01 3.166827e+01 0.000000e+00
      vertex   3.951368e+01 3.302906e+01 0.000000e+00
    endloop
  endfacet
  facet normal 7.562548e-01 6.542772e-01 3.823874e-15
    outer loop
      vertex   3.951368e+01 3.302906e+01 3.000000e+00
      vertex   3.951368e+01 3.302906e+01 0.000000e+00
      vertex   3.836934e+01 3.435177e+01 3.000000e+00
    endloop
  endfacet
  facet normal 7.562548e-01 6.542772e-01 -1.066576e-15
    outer loop
      vertex   3.836934e+01 3.435177e+01 3.000000e+00
      vertex   3.951368e+01 3.302906e+01 0.000000e+00
      vertex   3.836934e+01 3.435177e+01 0.000000e+00
    endloop
  endfacet
  facet normal 7.336017e-01 6.795797e-01 -1.353669e-15
    outer loop
      vertex   3.836934e+01 3.435177e+01 3.000000e+00
      vertex   3.836934e+01 3.435177e+01 0.000000e+00
      vertex   3.718074e+01 3.563485e+01 3.000000e+00
    endloop
  endfacet
  facet normal 7.336017e-01 6.795797e-01 2.558992e-16
    outer loop
      vertex   3.718074e+01 3.563485e+01 3.000000e+00
      vertex   3.836934e+01 3.435177e+01 0.000000e+00
      vertex   3.718074e+01 3.563485e+01 0.000000e+00
    endloop
  endfacet
  facet normal 7.101023e-01 7.040985e-01 2.844008e-17
    outer loop
      vertex   3.718074e+01 3.563485e+01 3.000000e+00
      vertex   3.718074e+01 3.563485e+01 0.000000e+00
      vertex   3.594926e+01 3.687683e+01 3.000000e+00
    endloop
  endfacet
  facet normal 7.101023e-01 7.040985e-01 1.710300e-15
    outer loop
      vertex   3.594926e+01 3.687683e+01 3.000000e+00
      vertex   3.718074e+01 3.563485e+01 0.000000e+00
      vertex   3.594926e+01 3.687683e+01 0.000000e+00
    endloop
  endfacet
  facet normal 6.857840e-01 7.278051e-01 1.425211e-15
    outer loop
      vertex   3.594926e+01 3.687683e+01 3.000000e+00
      vertex   3.594926e+01 3.687683e+01 0.000000e+00
      vertex   3.467631e+01 3.807628e+01 3.000000e+00
    endloop
  endfacet
  facet normal 6.857840e-01 7.278051e-01 1.425211e-15
    outer loop
      vertex   3.467631e+01 3.807628e+01 3.000000e+00
      vertex   3.594926e+01 3.687683e+01 0.000000e+00
      vertex   3.467631e+01 3.807628e+01 0.000000e+00
    endloop
  endfacet
  facet normal 6.606747e-01 7.506723e-01 1.138478e-15
    outer loop
      vertex   3.467631e+01 3.807628e+01 3.000000e+00
      vertex   3.467631e+01 3.807628e+01 0.000000e+00
      vertex   3.336337e+01 3.923182e+01 3.000000e+00
    endloop
  endfacet
  facet normal 6.606747e-01 7.506723e-01 -4.263142e-16
    outer loop
      vertex   3.336337e+01 3.923182e+01 3.000000e+00
      vertex   3.467631e+01 3.807628e+01 0.000000e+00
      vertex   3.336337e+01 3.923182e+01 0.000000e+00
    endloop
  endfacet
  facet normal 6.348034e-01 7.726737e-01 -6.530848e-16
    outer loop
      vertex   3.336337e+01 3.923182e+01 3.000000e+00
      vertex   3.336337e+01 3.923182e+01 0.000000e+00
      vertex   3.201195e+01 4.034210e+01 3.000000e+00
    endloop
  endfacet
  facet normal 6.348034e-01 7.726737e-01 0.000000e+00
    outer loop
      vertex   3.201195e+01 4.034210e+01 3.000000e+00
      vertex   3.336337e+01 3.923182e+01 0.000000e+00
      vertex   3.201195e+01 4.034210e+01 0.000000e+00
    endloop
  endfacet
  facet normal 6.081999e-01 7.937839e-01 0.000000e+00
    outer loop
      vertex   3.201195e+01 4.034210e+01 3.000000e+00
      vertex   3.201195e+01 4.034210e+01 0.000000e+00
      vertex   3.062361e+01 4.140585e+01 3.000000e+00
    endloop
  endfacet
  facet normal 6.081999e-01 7.937839e-01 -2.759160e-15
    outer loop
      vertex   3.062361e+01 4.140585e+01 3.000000e+00
      vertex   3.201195e+01 4.034210e+01 0.000000e+00
      vertex   3.062361e+01 4.140585e+01 0.000000e+00
    endloop
  endfacet
  facet normal 5.808950e-01 8.139785e-01 -3.031994e-15
    outer loop
      vertex   3.062361e+01 4.140585e+01 3.000000e+00
      vertex   3.062361e+01 4.140585e+01 0.000000e+00
      vertex   2.919994e+01 4.242185e+01 3.000000e+00
    endloop
  endfacet
  facet normal 5.808950e-01 8.139785e-01 0.000000e+00
    outer loop
      vertex   2.919994e+01 4.242185e+01 3.000000e+00
      vertex   3.062361e+01 4.140585e+01 0.000000e+00
      vertex   2.919994e+01 4.242185e+01 0.000000e+00
    endloop
  endfacet
  facet normal 5.529200e-01 8.332344e-01 0.000000e+00
    outer loop
      vertex   2.919994e+01 4.242185e+01 3.000000e+00
      vertex   2.919994e+01 4.242185e+01 0.000000e+00
      vertex   2.774260e+01 4.338892e+01 3.000000e+00
    endloop
  endfacet
  facet normal 5.529200e-01 8.332344e-01 -1.825802e-17
    outer loop
      vertex   2.774260e+01 4.338892e+01 3.000000e+00
      vertex   2.919994e+01 4.242185e+01 0.000000e+00
      vertex   2.774260e+01 4.338892e+01 0.000000e+00
    endloop
  endfacet
  facet normal 5.243073e-01 8.515291e-01 -3.082250e-16
    outer loop
      vertex   2.774260e+01 4.338892e+01 3.000000e+00
      vertex   2.774260e+01 4.338892e+01 0.000000e+00
      vertex   2.625326e+01 4.430594e+01 3.000000e+00
    endloop
  endfacet
  facet normal 5.243073e-01 8.515291e-01 0.000000e+00
    outer loop
      vertex   2.625326e+01 4.430594e+01 3.000000e+00
      vertex   2.774260e+01 4.338892e+01 0.000000e+00
      vertex   2.625326e+01 4.430594e+01 0.000000e+00
    endloop
  endfacet
  facet normal 4.950899e-01 8.688418e-01 0.000000e+00
    outer loop
      vertex   2.625326e+01 4.430594e+01 3.000000e+00
      vertex   2.625326e+01 4.430594e+01 0.000000e+00
      vertex   2.473364e+01 4.517186e+01 3.000000e+00
    endloop
  endfacet
  facet normal 4.950899e-01 8.688418e-01 1.459994e-15
    outer loop
      vertex   2.473364e+01 4.517186e+01 3.000000e+00
      vertex   2.625326e+01 4.430594e+01 0.000000e+00
      vertex   2.473364e+01 4.517186e+01 0.000000e+00
    endloop
  endfacet
  facet normal 4.653014e-01 8.851523e-01 1.209703e-15
    outer loop
      vertex   2.473364e+01 4.517186e+01 3.000000e+00
      vertex   2.473364e+01 4.517186e+01 0.000000e+00
      vertex   2.318549e+01 4.598568e+01 3.000000e+00
    endloop
  endfacet
  facet normal 4.653014e-01 8.851523e-01 0.000000e+00
    outer loop
      vertex   2.318549e+01 4.598568e+01 3.000000e+00
      vertex   2.473364e+01 4.517186e+01 0.000000e+00
      vertex   2.318549e+01 4.598568e+01 0.000000e+00
    endloop
  endfacet
  facet normal 4.349763e-01 9.004419e-01 0.000000e+00
    outer loop
      vertex   2.318549e+01 4.598568e+01 3.000000e+00
      vertex   2.318549e+01 4.598568e+01 0.000000e+00
      vertex   2.161060e+01 4.674646e+01 3.000000e+00
    endloop
  endfacet
  facet normal 4.349763e-01 9.004419e-01 4.429020e-16
    outer loop
      vertex   2.161060e+01 4.674646e+01 3.000000e+00
      vertex   2.318549e+01 4.598568e+01 0.000000e+00
      vertex   2.161060e+01 4.674646e+01 0.000000e+00
    endloop
  endfacet
  facet normal 4.041494e-01 9.146930e-01 2.266173e-16
    outer loop
      vertex   2.161060e+01 4.674646e+01 3.000000e+00
      vertex   2.161060e+01 4.674646e+01 0.000000e+00
      vertex   2.001079e+01 4.745333e+01 3.000000e+00
    endloop
  endfacet
  facet normal 4.041494e-01 9.146930e-01 0.000000e+00
    outer loop
      vertex   2.001079e+01 4.745333e+01 3.000000e+00
      vertex   2.161060e+01 4.674646e+01 0.000000e+00
      vertex   2.001079e+01 4.745333e+01 0.000000e+00
    endloop
  endfacet
  facet normal 3.728565e-01 9.278890e-01 0.000000e+00
    outer loop
      vertex   2.001079e+01 4.745333e+01 3.000000e+00
      vertex   2.001079e+01 4.745333e+01 0.000000e+00
      vertex   1.838789e+01 4.810546e+01 3.000000e+00
    endloop
  endfacet
  facet normal 3.728565e-01 9.278890e-01 4.516219e-16
    outer loop
      vertex   1.838789e+01 4.810546e+01 3.000000e+00
      vertex   2.001079e+01 4.745333e+01 0.000000e+00
      vertex   1.838789e+01 4.810546e+01 0.000000e+00
    endloop
  endfacet
  facet normal 3.411335e-01 9.400149e-01 1.974966e-16
    outer loop
      vertex   1.838789e+01 4.810546e+01 3.000000e+00
      vertex   1.838789e+01 4.810546e+01 0.000000e+00
      vertex   1.674379e+01 4.870211e+01 3.000000e+00
    endloop
  endfacet
  facet normal 3.411335e-01 9.400149e-01 -1.831409e-15
    outer loop
      vertex   1.674379e+01 4.870211e+01 3.000000e+00
      vertex   1.838789e+01 4.810546e+01 0.000000e+00
      vertex   1.674379e+01 4.870211e+01 0.000000e+00
    endloop
  endfacet
  facet normal 3.090170e-01 9.510565e-01 -2.366267e-15
    outer loop
      vertex   1.674379e+01 4.870211e+01 3.000000e+00
      vertex   1.674379e+01 4.870211e+01 0.000000e+00
      vertex   1.508037e+01 4.924259e+01 3.000000e+00
    endloop
  endfacet
  facet normal 3.090170e-01 9.510565e-01 1.280824e-15
    outer loop
      vertex   1.508037e+01 4.924259e+01 3.000000e+00
      vertex   1.674379e+01 4.870211e+01 0.000000e+00
      vertex   1.508037e+01 4.924259e+01 0.000000e+00
    endloop
  endfacet
  facet normal 2.765441e-01 9.610012e-01 1.146229e-15
    outer loop
      vertex   1.508037e+01 4.924259e+01 3.000000e+00
      vertex   1.508037e+01 4.924259e+01 0.000000e+00
      vertex   1.339956e+01 4.972627e+01 3.000000e+00
    endloop
  endfacet
  facet normal 2.765441e-01 9.610012e-01 3.111193e-15
    outer loop
      vertex   1.339956e+01 4.972627e+01 3.000000e+00
      vertex   1.508037e+01 4.924259e+01 0.000000e+00
      vertex   1.339956e+01 4.972627e+01 0.000000e+00
    endloop
  endfacet
  facet normal 2.437523e-01 9.698375e-01 2.742276e-15
    outer loop
      vertex   1.339956e+01 4.972627e+01 3.000000e+00
      vertex   1.339956e+01 4.972627e+01 0.000000e+00
      vertex   1.170330e+01 5.015260e+01 3.000000e+00
    endloop
  endfacet
  facet normal 2.437523e-01 9.698375e-01 1.010312e-15
    outer loop
      vertex   1.170330e+01 5.015260e+01 3.000000e+00
      vertex   1.339956e+01 4.972627e+01 0.000000e+00
      vertex   1.170330e+01 5.015260e+01 0.000000e+00
    endloop
  endfacet
  facet normal 2.106793e-01 9.775552e-01 8.732303e-16
    outer loop
      vertex   1.170330e+01 5.015260e+01 3.000000e+00
      vertex   1.170330e+01 5.015260e+01 0.000000e+00
      vertex   9.993537e+00 5.052108e+01 3.000000e+00
    endloop
  endfacet
  facet normal 2.106793e-01 9.775552e-01 5.488065e-17
    outer loop
      vertex   9.993537e+00 5.052108e+01 3.000000e+00
      vertex   1.170330e+01 5.015260e+01 0.000000e+00
      vertex   9.993537e+00 5.052108e+01 0.000000e+00
    endloop
  endfacet
  facet normal 1.773633e-01 9.841454e-01 -3.355416e-16
    outer loop
      vertex   9.993537e+00 5.052108e+01 3.000000e+00
      vertex   9.993537e+00 5.052108e+01 0.000000e+00
      vertex   8.272248e+00 5.083129e+01 3.000000e+00
    endloop
  endfacet
  facet normal 1.773633e-01 9.841454e-01 7.351411e-16
    outer loop
      vertex   8.272248e+00 5.083129e+01 3.000000e+00
      vertex   9.993537e+00 5.052108e+01 0.000000e+00
      vertex   8.272248e+00 5.083129e+01 0.000000e+00
    endloop
  endfacet
  facet normal 1.438427e-01 9.896006e-01 5.962041e-16
    outer loop
      vertex   8.272248e+00 5.083129e+01 3.000000e+00
      vertex   8.272248e+00 5.083129e+01 0.000000e+00
      vertex   6.541418e+00 5.108287e+01 3.000000e+00
    endloop
  endfacet
  facet normal 1.438427e-01 9.896006e-01 1.660854e-15
    outer loop
      vertex   6.541418e+00 5.108287e+01 3.000000e+00
      vertex   8.272248e+00 5.083129e+01 0.000000e+00
      vertex   6.541418e+00 5.108287e+01 0.000000e+00
    endloop
  endfacet
  facet normal 1.101563e-01 9.939143e-01 1.271900e-15
    outer loop
      vertex   6.541418e+00 5.108287e+01 3.000000e+00
      vertex   6.541418e+00 5.108287e+01 0.000000e+00
      vertex   4.803043e+00 5.127554e+01 3.000000e+00
    endloop
  endfacet
  facet normal 1.101563e-01 9.939143e-01 4.239665e-16
    outer loop
      vertex   4.803043e+00 5.127554e+01 3.000000e+00
      vertex   6.541418e+00 5.108287e+01 0.000000e+00
      vertex   4.803043e+00 5.127554e+01 0.000000e+00
    endloop
  endfacet
  facet normal 7.634277e-02 9.970816e-01 2.938260e-16
    outer loop
      vertex   4.803043e+00 5.127554e+01 3.000000e+00
      vertex   4.803043e+00 5.127554e+01 0.000000e+00
      vertex   3.059128e+00 5.140906e+01 3.000000e+00
    endloop
  endfacet
  facet normal 7.634277e-02 9.970816e-01 8.701770e-16
    outer loop
      vertex   3.059128e+00 5.140906e+01 3.000000e+00
      vertex   4.803043e+00 5.127554e+01 0.000000e+00
      vertex   3.059128e+00 5.140906e+01 0.000000e+00
    endloop
  endfacet
  facet normal 4.244120e-02 9.990990e-01 4.837571e-16
    outer loop
      vertex   3.059128e+00 5.140906e+01 3.000000e+00
      vertex   3.059128e+00 5.140906e+01 0.000000e+00
      vertex   1.311685e+00 5.148329e+01 3.000000e+00
    endloop
  endfacet
  facet normal 4.244120e-02 9.990990e-01 1.602053e-16
    outer loop
      vertex   1.311685e+00 5.148329e+01 3.000000e+00
      vertex   3.059128e+00 5.140906e+01 0.000000e+00
      vertex   1.311685e+00 5.148329e+01 0.000000e+00
    endloop
  endfacet
  facet normal 8.490689e-03 9.999640e-01 3.205030e-17
    outer loop
      vertex   1.311685e+00 5.148329e+01 3.000000e+00
      vertex   1.311685e+00 5.148329e+01 0.000000e+00
      vertex   -4.372705e-01 5.149814e+01 3.000000e+00
    endloop
  endfacet
  facet normal 8.490689e-03 9.999640e-01 9.693644e-17
    outer loop
      vertex   -4.372705e-01 5.149814e+01 3.000000e+00
      vertex   1.311685e+00 5.148329e+01 0.000000e+00
      vertex   -4.372705e-01 5.149814e+01 0.000000e+00
    endloop
  endfacet
  facet normal -2.546962e-02 9.996756e-01 -2.907814e-16
    outer loop
      vertex   -4.372705e-01 5.149814e+01 3.000000e+00
      vertex   -4.372705e-01 5.149814e+01 0.000000e+00
      vertex   -2.185722e+00 5.145360e+01 3.000000e+00
    endloop
  endfacet
  facet normal -2.546962e-02 9.996756e-01 4.637388e-15
    outer loop
      vertex   -2.185722e+00 5.145360e+01 3.000000e+00
      vertex   -4.372705e-01 5.149814e+01 0.000000e+00
      vertex   -2.185722e+00 5.145360e+01 0.000000e+00
    endloop
  endfacet
  facet normal -5.940055e-02 9.982342e-01 4.499968e-15
    outer loop
      vertex   -2.185722e+00 5.145360e+01 3.000000e+00
      vertex   -2.185722e+00 5.145360e+01 0.000000e+00
      vertex   -3.931652e+00 5.134970e+01 3.000000e+00
    endloop
  endfacet
  facet normal -5.940055e-02 9.982342e-01 -6.682716e-16
    outer loop
      vertex   -3.931652e+00 5.134970e+01 3.000000e+00
      vertex   -2.185722e+00 5.145360e+01 0.000000e+00
      vertex   -3.931652e+00 5.134970e+01 0.000000e+00
    endloop
  endfacet
  facet normal -9.326297e-02 9.956415e-01 -1.049233e-15
    outer loop
      vertex   -3.931652e+00 5.134970e+01 3.000000e+00
      vertex   -3.931652e+00 5.134970e+01 0.000000e+00
      vertex   -5.673048e+00 5.118659e+01 3.000000e+00
    endloop
  endfacet
  facet normal -9.326297e-02 9.956415e-01 2.026816e-15
    outer loop
      vertex   -5.673048e+00 5.118659e+01 3.000000e+00
      vertex   -3.931652e+00 5.134970e+01 0.000000e+00
      vertex   -5.673048e+00 5.118659e+01 0.000000e+00
    endloop
  endfacet
  facet normal -1.270178e-01 9.919004e-01 1.898034e-15
    outer loop
      vertex   -5.673048e+00 5.118659e+01 3.000000e+00
      vertex   -5.673048e+00 5.118659e+01 0.000000e+00
      vertex   -7.407901e+00 5.096443e+01 3.000000e+00
    endloop
  endfacet
  facet normal -1.270178e-01 9.919004e-01 -1.428983e-15
    outer loop
      vertex   -7.407901e+00 5.096443e+01 3.000000e+00
      vertex   -5.673048e+00 5.118659e+01 0.000000e+00
      vertex   -7.407901e+00 5.096443e+01 0.000000e+00
    endloop
  endfacet
  facet normal -1.606262e-01 9.870153e-01 -1.807086e-15
    outer loop
      vertex   -7.407901e+00 5.096443e+01 3.000000e+00
      vertex   -7.407901e+00 5.096443e+01 0.000000e+00
      vertex   -9.134209e+00 5.068349e+01 3.000000e+00
    endloop
  endfacet
  facet normal -1.606262e-01 9.870153e-01 4.009675e-15
    outer loop
      vertex   -9.134209e+00 5.068349e+01 3.000000e+00
      vertex   -7.407901e+00 5.096443e+01 0.000000e+00
      vertex   -9.134209e+00 5.068349e+01 0.000000e+00
    endloop
  endfacet
  facet normal -1.940493e-01 9.809918e-01 3.842609e-15
    outer loop
      vertex   -9.134209e+00 5.068349e+01 3.000000e+00
      vertex   -9.134209e+00 5.068349e+01 0.000000e+00
      vertex   -1.084998e+01 5.034409e+01 3.000000e+00
    endloop
  endfacet
  facet normal -1.940493e-01 9.809918e-01 -1.493703e-15
    outer loop
      vertex   -1.084998e+01 5.034409e+01 3.000000e+00
      vertex   -9.134209e+00 5.068349e+01 0.000000e+00
      vertex   -1.084998e+01 5.034409e+01 0.000000e+00
    endloop
  endfacet
  facet normal -2.272485e-01 9.738368e-01 -1.749256e-15
    outer loop
      vertex   -1.084998e+01 5.034409e+01 3.000000e+00
      vertex   -1.084998e+01 5.034409e+01 0.000000e+00
      vertex   -1.255324e+01 4.994663e+01 3.000000e+00
    endloop
  endfacet
  facet normal -2.272485e-01 9.738368e-01 0.000000e+00
    outer loop
      vertex   -1.255324e+01 4.994663e+01 3.000000e+00
      vertex   -1.084998e+01 5.034409e+01 0.000000e+00
      vertex   -1.255324e+01 4.994663e+01 0.000000e+00
    endloop
  endfacet
  facet normal -2.601857e-01 9.655586e-01 0.000000e+00
    outer loop
      vertex   -1.255324e+01 4.994663e+01 3.000000e+00
      vertex   -1.255324e+01 4.994663e+01 0.000000e+00
      vertex   -1.424202e+01 4.949156e+01 3.000000e+00
    endloop
  endfacet
  facet normal -2.601857e-01 9.655586e-01 2.841107e-16
    outer loop
      vertex   -1.424202e+01 4.949156e+01 3.000000e+00
      vertex   -1.255324e+01 4.994663e+01 0.000000e+00
      vertex   -1.424202e+01 4.949156e+01 0.000000e+00
    endloop
  endfacet
  facet normal -2.928228e-01 9.561667e-01 1.064092e-17
    outer loop
      vertex   -1.424202e+01 4.949156e+01 3.000000e+00
      vertex   -1.424202e+01 4.949156e+01 0.000000e+00
      vertex   -1.591438e+01 4.897941e+01 3.000000e+00
    endloop
  endfacet
  facet normal -2.928228e-01 9.561667e-01 0.000000e+00
    outer loop
      vertex   -1.591438e+01 4.897941e+01 3.000000e+00
      vertex   -1.424202e+01 4.949156e+01 0.000000e+00
      vertex   -1.591438e+01 4.897941e+01 0.000000e+00
    endloop
  endfacet
  facet normal -3.251221e-01 9.456720e-01 0.000000e+00
    outer loop
      vertex   -1.591438e+01 4.897941e+01 3.000000e+00
      vertex   -1.591438e+01 4.897941e+01 0.000000e+00
      vertex   -1.756837e+01 4.841077e+01 3.000000e+00
    endloop
  endfacet
  facet normal -3.251221e-01 9.456720e-01 2.169471e-15
    outer loop
      vertex   -1.756837e+01 4.841077e+01 3.000000e+00
      vertex   -1.591438e+01 4.897941e+01 0.000000e+00
      vertex   -1.756837e+01 4.841077e+01 0.000000e+00
    endloop
  endfacet
  facet normal -3.570465e-01 9.340866e-01 1.887756e-15
    outer loop
      vertex   -1.756837e+01 4.841077e+01 3.000000e+00
      vertex   -1.756837e+01 4.841077e+01 0.000000e+00
      vertex   -1.920211e+01 4.778628e+01 3.000000e+00
    endloop
  endfacet
  facet normal -3.570465e-01 9.340866e-01 0.000000e+00
    outer loop
      vertex   -1.920211e+01 4.778628e+01 3.000000e+00
      vertex   -1.756837e+01 4.841077e+01 0.000000e+00
      vertex   -1.920211e+01 4.778628e+01 0.000000e+00
    endloop
  endfacet
  facet normal -3.885590e-01 9.214239e-01 0.000000e+00
    outer loop
      vertex   -1.920211e+01 4.778628e+01 3.000000e+00
      vertex   -1.920211e+01 4.778628e+01 0.000000e+00
      vertex   -2.081370e+01 4.710669e+01 3.000000e+00
    endloop
  endfacet
  facet normal -3.885590e-01 9.214239e-01 -5.785076e-16
    outer loop
      vertex   -2.081370e+01 4.710669e+01 3.000000e+00
      vertex   -1.920211e+01 4.778628e+01 0.000000e+00
      vertex   -2.081370e+01 4.710669e+01 0.000000e+00
    endloop
  endfacet
  facet normal -4.196234e-01 9.076983e-01 -8.317418e-16
    outer loop
      vertex   -2.081370e+01 4.710669e+01 3.000000e+00
      vertex   -2.081370e+01 4.710669e+01 0.000000e+00
      vertex   -2.240128e+01 4.637276e+01 3.000000e+00
    endloop
  endfacet
  facet normal -4.196234e-01 9.076983e-01 0.000000e+00
    outer loop
      vertex   -2.240128e+01 4.637276e+01 3.000000e+00
      vertex   -2.081370e+01 4.710669e+01 0.000000e+00
      vertex   -2.240128e+01 4.637276e+01 0.000000e+00
    endloop
  endfacet
  facet normal -4.502037e-01 8.929259e-01 0.000000e+00
    outer loop
      vertex   -2.240128e+01 4.637276e+01 3.000000e+00
      vertex   -2.240128e+01 4.637276e+01 0.000000e+00
      vertex   -2.396302e+01 4.558534e+01 3.000000e+00
    endloop
  endfacet
  facet normal -4.502037e-01 8.929259e-01 -1.084017e-15
    outer loop
      vertex   -2.396302e+01 4.558534e+01 3.000000e+00
      vertex   -2.240128e+01 4.637276e+01 0.000000e+00
      vertex   -2.396302e+01 4.558534e+01 0.000000e+00
    endloop
  endfacet
  facet normal -4.802649e-01 8.771235e-01 -1.335041e-15
    outer loop
      vertex   -2.396302e+01 4.558534e+01 3.000000e+00
      vertex   -2.396302e+01 4.558534e+01 0.000000e+00
      vertex   -2.549713e+01 4.474535e+01 3.000000e+00
    endloop
  endfacet
  facet normal -4.802649e-01 8.771235e-01 0.000000e+00
    outer loop
      vertex   -2.549713e+01 4.474535e+01 3.000000e+00
      vertex   -2.396302e+01 4.558534e+01 0.000000e+00
      vertex   -2.549713e+01 4.474535e+01 0.000000e+00
    endloop
  endfacet
  facet normal -5.097721e-01 8.603095e-01 0.000000e+00
    outer loop
      vertex   -2.549713e+01 4.474535e+01 3.000000e+00
      vertex   -2.549713e+01 4.474535e+01 0.000000e+00
      vertex   -2.700183e+01 4.385375e+01 3.000000e+00
    endloop
  endfacet
  facet normal -5.097721e-01 8.603095e-01 -9.808348e-16
    outer loop
      vertex   -2.700183e+01 4.385375e+01 3.000000e+00
      vertex   -2.549713e+01 4.474535e+01 0.000000e+00
      vertex   -2.700183e+01 4.385375e+01 0.000000e+00
    endloop
  endfacet
  facet normal -5.386913e-01 8.425032e-01 -1.194245e-15
    outer loop
      vertex   -2.700183e+01 4.385375e+01 3.000000e+00
      vertex   -2.700183e+01 4.385375e+01 0.000000e+00
      vertex   -2.847538e+01 4.291157e+01 3.000000e+00
    endloop
  endfacet
  facet normal -5.386913e-01 8.425032e-01 0.000000e+00
    outer loop
      vertex   -2.847538e+01 4.291157e+01 3.000000e+00
      vertex   -2.700183e+01 4.385375e+01 0.000000e+00
      vertex   -2.847538e+01 4.291157e+01 0.000000e+00
    endloop
  endfacet
  facet normal -5.669892e-01 8.237252e-01 0.000000e+00
    outer loop
      vertex   -2.847538e+01 4.291157e+01 3.000000e+00
      vertex   -2.847538e+01 4.291157e+01 0.000000e+00
      vertex   -2.991609e+01 4.191989e+01 3.000000e+00
    endloop
  endfacet
  facet normal -5.669892e-01 8.237252e-01 2.495669e-15
    outer loop
      vertex   -2.991609e+01 4.191989e+01 3.000000e+00
      vertex   -2.847538e+01 4.291157e+01 0.000000e+00
      vertex   -2.991609e+01 4.191989e+01 0.000000e+00
    endloop
  endfacet
  facet normal -5.946332e-01 8.039971e-01 2.191808e-15
    outer loop
      vertex   -2.991609e+01 4.191989e+01 3.000000e+00
      vertex   -2.991609e+01 4.191989e+01 0.000000e+00
      vertex   -3.132230e+01 4.087987e+01 3.000000e+00
    endloop
  endfacet
  facet normal -5.946332e-01 8.039971e-01 0.000000e+00
    outer loop
      vertex   -3.132230e+01 4.087987e+01 3.000000e+00
      vertex   -2.991609e+01 4.191989e+01 0.000000e+00
      vertex   -3.132230e+01 4.087987e+01 0.000000e+00
    endloop
  endfacet
  facet normal -6.215913e-01 7.833417e-01 0.000000e+00
    outer loop
      vertex   -3.132230e+01 4.087987e+01 3.000000e+00
      vertex   -3.132230e+01 4.087987e+01 0.000000e+00
      vertex   -3.269238e+01 3.979269e+01 3.000000e+00
    endloop
  endfacet
  facet normal -6.215913e-01 7.833417e-01 -7.060199e-16
    outer loop
      vertex   -3.269238e+01 3.979269e+01 3.000000e+00
      vertex   -3.132230e+01 4.087987e+01 0.000000e+00
      vertex   -3.269238e+01 3.979269e+01 0.000000e+00
    endloop
  endfacet
  facet normal -6.478325e-01 7.617828e-01 -9.945982e-16
    outer loop
      vertex   -3.269238e+01 3.979269e+01 3.000000e+00
      vertex   -3.269238e+01 3.979269e+01 0.000000e+00
      vertex   -3.402475e+01 3.865962e+01 3.000000e+00
    endloop
  endfacet
  facet normal -6.478325e-01 7.617828e-01 0.000000e+00
    outer loop
      vertex   -3.402475e+01 3.865962e+01 3.000000e+00
      vertex   -3.269238e+01 3.979269e+01 0.000000e+00
      vertex   -3.402475e+01 3.865962e+01 0.000000e+00
    endloop
  endfacet
  facet normal -6.733265e-01 7.393453e-01 0.000000e+00
    outer loop
      vertex   -3.402475e+01 3.865962e+01 3.000000e+00
      vertex   -3.402475e+01 3.865962e+01 0.000000e+00
      vertex   -3.531788e+01 3.748196e+01 3.000000e+00
    endloop
  endfacet
  facet normal -6.733265e-01 7.393453e-01 -1.282029e-15
    outer loop
      vertex   -3.531788e+01 3.748196e+01 3.000000e+00
      vertex   -3.402475e+01 3.865962e+01 0.000000e+00
      vertex   -3.531788e+01 3.748196e+01 0.000000e+00
    endloop
  endfacet
  facet normal -6.980438e-01 7.160550e-01 -1.567982e-15
    outer loop
      vertex   -3.531788e+01 3.748196e+01 3.000000e+00
      vertex   -3.531788e+01 3.748196e+01 0.000000e+00
      vertex   -3.657027e+01 3.626107e+01 3.000000e+00
    endloop
  endfacet
  facet normal -6.980438e-01 7.160550e-01 1.866595e-15
    outer loop
      vertex   -3.657027e+01 3.626107e+01 3.000000e+00
      vertex   -3.531788e+01 3.748196e+01 0.000000e+00
      vertex   -3.657027e+01 3.626107e+01 0.000000e+00
    endloop
  endfacet
  facet normal -7.219561e-01 6.919389e-01 1.354460e-15
    outer loop
      vertex   -3.657027e+01 3.626107e+01 3.000000e+00
      vertex   -3.657027e+01 3.626107e+01 0.000000e+00
      vertex   -3.778049e+01 3.499836e+01 3.000000e+00
    endloop
  endfacet
  facet normal -7.219561e-01 6.919389e-01 -1.421901e-16
    outer loop
      vertex   -3.778049e+01 3.499836e+01 3.000000e+00
      vertex   -3.657027e+01 3.626107e+01 0.000000e+00
      vertex   -3.778049e+01 3.499836e+01 0.000000e+00
    endloop
  endfacet
  facet normal -7.450357e-01 6.670246e-01 -3.695345e-16
    outer loop
      vertex   -3.778049e+01 3.499836e+01 3.000000e+00
      vertex   -3.778049e+01 3.499836e+01 0.000000e+00
      vertex   -3.894712e+01 3.369527e+01 3.000000e+00
    endloop
  endfacet
  facet normal -7.450357e-01 6.670246e-01 -9.238362e-16
    outer loop
      vertex   -3.894712e+01 3.369527e+01 3.000000e+00
      vertex   -3.778049e+01 3.499836e+01 0.000000e+00
      vertex   -3.894712e+01 3.369527e+01 0.000000e+00
    endloop
  endfacet
  facet normal -7.672559e-01 6.413411e-01 -1.491131e-15
    outer loop
      vertex   -3.894712e+01 3.369527e+01 3.000000e+00
      vertex   -3.894712e+01 3.369527e+01 0.000000e+00
      vertex   -4.006884e+01 3.235333e+01 3.000000e+00
    endloop
  endfacet
  facet normal -7.672559e-01 6.413411e-01 0.000000e+00
    outer loop
      vertex   -4.006884e+01 3.235333e+01 3.000000e+00
      vertex   -3.894712e+01 3.369527e+01 0.000000e+00
      vertex   -4.006884e+01 3.235333e+01 0.000000e+00
    endloop
  endfacet
  facet normal -7.885912e-01 6.149178e-01 0.000000e+00
    outer loop
      vertex   -4.006884e+01 3.235333e+01 3.000000e+00
      vertex   -4.006884e+01 3.235333e+01 0.000000e+00
      vertex   -4.114434e+01 3.097407e+01 3.000000e+00
    endloop
  endfacet
  facet normal -7.885912e-01 6.149178e-01 1.678812e-15
    outer loop
      vertex   -4.114434e+01 3.097407e+01 3.000000e+00
      vertex   -4.006884e+01 3.235333e+01 0.000000e+00
      vertex   -4.114434e+01 3.097407e+01 0.000000e+00
    endloop
  endfacet
  facet normal -8.090170e-01 5.877853e-01 1.212364e-15
    outer loop
      vertex   -4.114434e+01 3.097407e+01 3.000000e+00
      vertex   -4.114434e+01 3.097407e+01 0.000000e+00
      vertex   -4.217239e+01 2.955908e+01 3.000000e+00
    endloop
  endfacet
  facet normal -8.090170e-01 5.877853e-01 0.000000e+00
    outer loop
      vertex   -4.217239e+01 2.955908e+01 3.000000e+00
      vertex   -4.114434e+01 3.097407e+01 0.000000e+00
      vertex   -4.217239e+01 2.955908e+01 0.000000e+00
    endloop
  endfacet
  facet normal -8.285096e-01 5.599748e-01 0.000000e+00
    outer loop
      vertex   -4.217239e+01 2.955908e+01 3.000000e+00
      vertex   -4.217239e+01 2.955908e+01 0.000000e+00
      vertex   -4.315180e+01 2.811000e+01 3.000000e+00
    endloop
  endfacet
  facet normal -8.285096e-01 5.599748e-01 -2.516948e-15
    outer loop
      vertex   -4.315180e+01 2.811000e+01 3.000000e+00
      vertex   -4.217239e+01 2.955908e+01 0.000000e+00
      vertex   -4.315180e+01 2.811000e+01 0.000000e+00
    endloop
  endfacet
  facet normal -8.470467e-01 5.315185e-01 -3.107161e-15
    outer loop
      vertex   -4.315180e+01 2.811000e+01 3.000000e+00
      vertex   -4.315180e+01 2.811000e+01 0.000000e+00
      vertex   -4.408143e+01 2.662850e+01 3.000000e+00
    endloop
  endfacet
  facet normal -8.470467e-01 5.315185e-01 0.000000e+00
    outer loop
      vertex   -4.408143e+01 2.662850e+01 3.000000e+00
      vertex   -4.315180e+01 2.811000e+01 0.000000e+00
      vertex   -4.408143e+01 2.662850e+01 0.000000e+00
    endloop
  endfacet
  facet normal -8.646068e-01 5.024491e-01 0.000000e+00
    outer loop
      vertex   -4.408143e+01 2.662850e+01 3.000000e+00
      vertex   -4.408143e+01 2.662850e+01 0.000000e+00
      vertex   -4.496023e+01 2.511629e+01 3.000000e+00
    endloop
  endfacet
  facet normal -8.646068e-01 5.024491e-01 2.449611e-15
    outer loop
      vertex   -4.496023e+01 2.511629e+01 3.000000e+00
      vertex   -4.408143e+01 2.662850e+01 0.000000e+00
      vertex   -4.496023e+01 2.511629e+01 0.000000e+00
    endloop
  endfacet
  facet normal -8.811697e-01 4.728002e-01 1.984929e-15
    outer loop
      vertex   -4.496023e+01 2.511629e+01 3.000000e+00
      vertex   -4.496023e+01 2.511629e+01 0.000000e+00
      vertex   -4.578716e+01 2.357511e+01 3.000000e+00
    endloop
  endfacet
  facet normal -8.811697e-01 4.728002e-01 0.000000e+00
    outer loop
      vertex   -4.578716e+01 2.357511e+01 3.000000e+00
      vertex   -4.496023e+01 2.511629e+01 0.000000e+00
      vertex   -4.578716e+01 2.357511e+01 0.000000e+00
    endloop
  endfacet
  facet normal -8.967162e-01 4.426060e-01 0.000000e+00
    outer loop
      vertex   -4.578716e+01 2.357511e+01 3.000000e+00
      vertex   -4.578716e+01 2.357511e+01 0.000000e+00
      vertex   -4.656129e+01 2.200673e+01 3.000000e+00
    endloop
  endfacet
  facet normal -8.967162e-01 4.426060e-01 -3.750798e-15
    outer loop
      vertex   -4.656129e+01 2.200673e+01 3.000000e+00
      vertex   -4.578716e+01 2.357511e+01 0.000000e+00
      vertex   -4.656129e+01 2.200673e+01 0.000000e+00
    endloop
  endfacet
  facet normal -9.112285e-01 4.119012e-01 -4.035723e-15
    outer loop
      vertex   -4.656129e+01 2.200673e+01 3.000000e+00
      vertex   -4.656129e+01 2.200673e+01 0.000000e+00
      vertex   -4.728171e+01 2.041298e+01 3.000000e+00
    endloop
  endfacet
  facet normal -9.112285e-01 4.119012e-01 0.000000e+00
    outer loop
      vertex   -4.728171e+01 2.041298e+01 3.000000e+00
      vertex   -4.656129e+01 2.200673e+01 0.000000e+00
      vertex   -4.728171e+01 2.041298e+01 0.000000e+00
    endloop
  endfacet
  facet normal -9.246898e-01 3.807215e-01 0.000000e+00
    outer loop
      vertex   -4.728171e+01 2.041298e+01 3.000000e+00
      vertex   -4.728171e+01 2.041298e+01 0.000000e+00
      vertex   -4.794760e+01 1.879568e+01 3.000000e+00
    endloop
  endfacet
  facet normal -9.246898e-01 3.807215e-01 5.150833e-16
    outer loop
      vertex   -4.794760e+01 1.879568e+01 3.000000e+00
      vertex   -4.728171e+01 2.041298e+01 0.000000e+00
      vertex   -4.794760e+01 1.879568e+01 0.000000e+00
    endloop
  endfacet
  facet normal -9.370845e-01 3.491025e-01 2.610607e-16
    outer loop
      vertex   -4.794760e+01 1.879568e+01 3.000000e+00
      vertex   -4.794760e+01 1.879568e+01 0.000000e+00
      vertex   -4.855819e+01 1.715670e+01 3.000000e+00
    endloop
  endfacet
  facet normal -9.370845e-01 3.491025e-01 0.000000e+00
    outer loop
      vertex   -4.855819e+01 1.715670e+01 3.000000e+00
      vertex   -4.794760e+01 1.879568e+01 0.000000e+00
      vertex   -4.855819e+01 1.715670e+01 0.000000e+00
    endloop
  endfacet
  facet normal -9.483985e-01 3.170810e-01 0.000000e+00
    outer loop
      vertex   -4.855819e+01 1.715670e+01 3.000000e+00
      vertex   -4.855819e+01 1.715670e+01 0.000000e+00
      vertex   -4.911277e+01 1.549793e+01 3.000000e+00
    endloop
  endfacet
  facet normal -9.483985e-01 3.170810e-01 -2.051772e-15
    outer loop
      vertex   -4.911277e+01 1.549793e+01 3.000000e+00
      vertex   -4.855819e+01 1.715670e+01 0.000000e+00
      vertex   -4.911277e+01 1.549793e+01 0.000000e+00
    endloop
  endfacet
  facet normal -9.586185e-01 2.846937e-01 -2.349487e-15
    outer loop
      vertex   -4.911277e+01 1.549793e+01 3.000000e+00
      vertex   -4.911277e+01 1.549793e+01 0.000000e+00
      vertex   -4.961070e+01 1.382129e+01 3.000000e+00
    endloop
  endfacet
  facet normal -9.586185e-01 2.846937e-01 0.000000e+00
    outer loop
      vertex   -4.961070e+01 1.382129e+01 3.000000e+00
      vertex   -4.911277e+01 1.549793e+01 0.000000e+00
      vertex   -4.961070e+01 1.382129e+01 0.000000e+00
    endloop
  endfacet
  facet normal -9.677329e-01 2.519781e-01 0.000000e+00
    outer loop
      vertex   -4.961070e+01 1.382129e+01 3.000000e+00
      vertex   -4.961070e+01 1.382129e+01 0.000000e+00
      vertex   -5.005142e+01 1.212871e+01 3.000000e+00
    endloop
  endfacet
  facet normal -9.677329e-01 2.519781e-01 -2.942893e-15
    outer loop
      vertex   -5.005142e+01 1.212871e+01 3.000000e+00
      vertex   -4.961070e+01 1.382129e+01 0.000000e+00
      vertex   -5.005142e+01 1.212871e+01 0.000000e+00
    endloop
  endfacet
  facet normal -9.757312e-01 2.189718e-01 -3.195761e-15
    outer loop
      vertex   -5.005142e+01 1.212871e+01 3.000000e+00
      vertex   -5.005142e+01 1.212871e+01 0.000000e+00
      vertex   -5.043440e+01 1.042214e+01 3.000000e+00
    endloop
  endfacet
  facet normal -9.757312e-01 2.189718e-01 0.000000e+00
    outer loop
      vertex   -5.043440e+01 1.042214e+01 3.000000e+00
      vertex   -5.005142e+01 1.212871e+01 0.000000e+00
      vertex   -5.043440e+01 1.042214e+01 0.000000e+00
    endloop
  endfacet
  facet normal -9.826040e-01 1.857130e-01 0.000000e+00
    outer loop
      vertex   -5.043440e+01 1.042214e+01 3.000000e+00
      vertex   -5.043440e+01 1.042214e+01 0.000000e+00
      vertex   -5.075922e+01 8.703542e+00 3.000000e+00
    endloop
  endfacet
  facet normal -9.826040e-01 1.857130e-01 -1.007704e-15
    outer loop
      vertex   -5.075922e+01 8.703542e+00 3.000000e+00
      vertex   -5.043440e+01 1.042214e+01 0.000000e+00
      vertex   -5.075922e+01 8.703542e+00 0.000000e+00
    endloop
  endfacet
  facet normal -9.883436e-01 1.522399e-01 -1.259138e-15
    outer loop
      vertex   -5.075922e+01 8.703542e+00 3.000000e+00
      vertex   -5.075922e+01 8.703542e+00 0.000000e+00
      vertex   -5.102549e+01 6.974911e+00 3.000000e+00
    endloop
  endfacet
  facet normal -9.883436e-01 1.522399e-01 0.000000e+00
    outer loop
      vertex   -5.102549e+01 6.974911e+00 3.000000e+00
      vertex   -5.075922e+01 8.703542e+00 0.000000e+00
      vertex   -5.102549e+01 6.974911e+00 0.000000e+00
    endloop
  endfacet
  facet normal -9.929431e-01 1.185913e-01 0.000000e+00
    outer loop
      vertex   -5.102549e+01 6.974911e+00 3.000000e+00
      vertex   -5.102549e+01 6.974911e+00 0.000000e+00
      vertex   -5.123291e+01 5.238234e+00 3.000000e+00
    endloop
  endfacet
  facet normal -9.929431e-01 1.185913e-01 -1.438900e-15
    outer loop
      vertex   -5.123291e+01 5.238234e+00 3.000000e+00
      vertex   -5.102549e+01 6.974911e+00 0.000000e+00
      vertex   -5.123291e+01 5.238234e+00 0.000000e+00
    endloop
  endfacet
  facet normal -9.963975e-01 8.480592e-02 -1.707146e-15
    outer loop
      vertex   -5.123291e+01 5.238234e+00 3.000000e+00
      vertex   -5.123291e+01 5.238234e+00 0.000000e+00
      vertex   -5.138124e+01 3.495516e+00 3.000000e+00
    endloop
  endfacet
  facet normal -9.963975e-01 8.480592e-02 0.000000e+00
    outer loop
      vertex   -5.138124e+01 3.495516e+00 3.000000e+00
      vertex   -5.123291e+01 5.238234e+00 0.000000e+00
      vertex   -5.138124e+01 3.495516e+00 0.000000e+00
    endloop
  endfacet
  facet normal -9.987026e-01 5.092271e-02 0.000000e+00
    outer loop
      vertex   -5.138124e+01 3.495516e+00 3.000000e+00
      vertex   -5.138124e+01 3.495516e+00 0.000000e+00
      vertex   -5.147030e+01 1.748767e+00 3.000000e+00
    endloop
  endfacet
  facet normal -9.987026e-01 5.092271e-02 3.882109e-16
    outer loop
      vertex   -5.147030e+01 1.748767e+00 3.000000e+00
      vertex   -5.138124e+01 3.495516e+00 0.000000e+00
      vertex   -5.147030e+01 1.748767e+00 0.000000e+00
    endloop
  endfacet
  facet normal 0.000000e+00 0.000000e+00 1.000000e+00
    outer loop
      vertex   1.402914e+01 8.530302e-01 3.000000e+00
      vertex   -1.402914e+01 8.530302e-01 3.000000e+00
      vertex   1.400000e+01 1.530808e-15 3.000000e+00
    endloop
  endfacet
  facet normal 0.000000e+00 0.000000e+00 1.000000e+00
    outer loop
      vertex   1.400000e+01 1.530808e-15 3.000000e+00
      vertex   -1.402914e+01 8.530302e-01 3.000000e+00
      vertex   -1.400000e+01 0.000000e+00 3.000000e+00
    endloop
  endfacet
  facet normal 0.000000e+00 0.000000e+00 1.000000e+00
    outer loop
      vertex   1.400000e+01 1.530808e-15 3.000000e+00
      vertex   -1.400000e+01 0.000000e+00 3.000000e+00
      vertex   1.402914e+01 -8.530302e-01 3.000000e+00
    endloop
  endfacet
  facet normal 0.000000e+00 0.000000e+00 1.000000e+00
    outer loop
      vertex   1.402914e+01 -8.530302e-01 3.000000e+00
      vertex   -1.400000e+01 0.000000e+00 3.000000e+00
      vertex   -1.402914e+01 -8.530302e-01 3.000000e+00
    endloop
  endfacet
  facet normal 0.000000e+00 0.000000e+00 1.000000e+00
    outer loop
      vertex   1.402914e+01 -8.530302e-01 3.000000e+00
      vertex   -1.402914e+01 -8.530302e-01 3.000000e+00
      vertex   1.411643e+01 -1.702083e+00 3.000000e+00
    endloop
  endfacet
  facet normal 0.000000e+00 0.000000e+00 1.000000e+00
    outer loop
      vertex   1.411643e+01 -1.702083e+00 3.000000e+00
      vertex   -1.402914e+01 -8.530302e-01 3.000000e+00
      vertex   -1.411643e+01 -1.702083e+00 3.000000e+00
    endloop
  endfacet
  facet normal 0.000000e+00 0.000000e+00 1.000000e+00
    outer loop
      vertex   1.411643e+01 -1.702083e+00 3.000000e+00
      vertex   -1.411643e+01 -1.702083e+00 3.000000e+00
      vertex   1.426145e+01 -2.543200e+00 3.000000e+00
    endloop
  endfacet
  facet normal 0.000000e+00 0.000000e+00 1.000000e+00
    outer loop
      vertex   1.426145e+01 -2.543200e+00 3.000000e+00
      vertex   -1.411643e+01 -1.702083e+00 3.000000e+00
      vertex   -1.426145e+01 -2.543200e+00 3.000000e+00
    endloop
  endfacet
  facet normal 0.000000e+00 0.000000e+00 1.000000e+00
    outer loop
      vertex   1.426145e+01 -2.543200e+00 3.000000e+00
      vertex   -1.426145e+01 -2.543200e+00 3.000000e+00
      vertex   1.446353e+01 -3.372460e+00 3.000000e+00
    endloop
  endfacet
  facet normal 0.000000e+00 0.000000e+00 1.000000e+00
    outer loop
      vertex   1.446353e+01 -3.372460e+00 3.000000e+00
      vertex   -1.426145e+01 -2.543200e+00 3.000000e+00
      vertex   -1.446353e+01 -3.372460e+00 3.000000e+00
    endloop
  endfacet
  facet normal 0.000000e+00 0.000000e+00 1.000000e+00
    outer loop
      vertex   1.446353e+01 -3.372460e+00 3.000000e+00
      vertex   -1.446353e+01 -3.372460e+00 3.000000e+00
      vertex   1.472174e+01 -4.185995e+00 3.000000e+00
    endloop
  endfacet
  facet normal 0.000000e+00 0.000000e+00 1.000000e+00
    outer loop
      vertex   1.472174e+01 -4.185995e+00 3.000000e+00
      vertex   -1.446353e+01 -3.372460e+00 3.000000e+00
      vertex   -1.472174e+01 -4.185995e+00 3.000000e+00
    endloop
  endfacet
  facet normal 0.000000e+00 0.000000e+00 1.000000e+00
    outer loop
      vertex   1.472174e+01 -4.185995e+00 3.000000e+00
      vertex   -1.472174e+01 -4.185995e+00 3.000000e+00
      vertex   1.503486e+01 -4.980014e+00 3.000000e+00
    endloop
  endfacet
  facet normal 0.000000e+00 0.000000e+00 1.000000e+00
    outer loop
      vertex   1.503486e+01 -4.980014e+00 3.000000e+00
      vertex   -1.472174e+01 -4.185995e+00 3.000000e+00
      vertex   -1.503486e+01 -4.980014e+00 3.000000e+00
    endloop
  endfacet
  facet normal 0.000000e+00 0.000000e+00 1.000000e+00
    outer loop
      vertex   1.503486e+01 -4.980014e+00 3.000000e+00
      vertex   -1.503486e+01 -4.980014e+00 3.000000e+00
      vertex   1.540143e+01 -5.750813e+00 3.000000e+00
    endloop
  endfacet
  facet normal 0.000000e+00 0.000000e+00 1.000000e+00
    outer loop
      vertex   1.540143e+01 -5.750813e+00 3.000000e+00
      vertex   -1.503486e+01 -4.980014e+00 3.000000e+00
      vertex   -1.540143e+01 -5.750813e+00 3.000000e+00
    endloop
  endfacet
  facet normal 0.000000e+00 0.000000e+00 1.000000e+00
    outer loop
      vertex   1.540143e+01 -5.750813e+00 3.000000e+00
      vertex   -1.540143e+01 -5.750813e+00 3.000000e+00
      vertex   1.581976e+01 -6.494799e+00 3.000000e+00
    endloop
  endfacet
  facet normal 0.000000e+00 0.000000e+00 1.000000e+00
    outer loop
      vertex   1.581976e+01 -6.494799e+00 3.000000e+00
      vertex   -1.540143e+01 -5.750813e+00 3.000000e+00
      vertex   -1.581976e+01 -6.494799e+00 3.000000e+00
    endloop
  endfacet
  facet normal 0.000000e+00 0.000000e+00 1.000000e+00
    outer loop
      vertex   1.581976e+01 -6.494799e+00 3.000000e+00
      vertex   -1.581976e+01 -6.494799e+00 3.000000e+00
      vertex   1.628788e+01 -7.208504e+00 3.000000e+00
    endloop
  endfacet
  facet normal 0.000000e+00 0.000000e+00 1.000000e+00
    outer loop
      vertex   1.628788e+01 -7.208504e+00 3.000000e+00
      vertex   -1.581976e+01 -6.494799e+00 3.000000e+00
      vertex   -1.628788e+01 -7.208504e+00 3.000000e+00
    endloop
  endfacet
  facet normal 0.000000e+00 0.000000e+00 1.000000e+00
    outer loop
      vertex   1.628788e+01 -7.208504e+00 3.000000e+00
      vertex   -1.628788e+01 -7.208504e+00 3.000000e+00
      vertex   1.680361e+01 -7.888599e+00 3.000000e+00
    endloop
  endfacet
  facet normal 0.000000e+00 0.000000e+00 1.000000e+00
    outer loop
      vertex   1.680361e+01 -7.888599e+00 3.000000e+00
      vertex   -1.628788e+01 -7.208504e+00 3.000000e+00
      vertex   -1.680361e+01 -7.888599e+00 3.000000e+00
    endloop
  endfacet
  facet normal 0.000000e+00 0.000000e+00 1.000000e+00
    outer loop
      vertex   1.680361e+01 -7.888599e+00 3.000000e+00
      vertex   -1.680361e+01 -7.888599e+00 3.000000e+00
      vertex   1.736455e+01 -8.531914e+00 3.000000e+00
    endloop
  endfacet
  facet normal 0.000000e+00 0.000000e+00 1.000000e+00
    outer loop
      vertex   1.736455e+01 -8.531914e+00 3.000000e+00
      vertex   -1.680361e+01 -7.888599e+00 3.000000e+00
      vertex   -1.736455e+01 -8.531914e+00 3.000000e+00
    endloop
  endfacet
  facet normal 0.000000e+00 0.000000e+00 1.000000e+00
    outer loop
      vertex   1.736455e+01 -8.531914e+00 3.000000e+00
      vertex   -1.736455e+01 -8.531914e+00 3.000000e+00
      vertex   1.796809e+01 -9.135450e+00 3.000000e+00
    endloop
  endfacet
  facet normal 0.000000e+00 0.000000e+00 1.000000e+00
    outer loop
      vertex   1.796809e+01 -9.135450e+00 3.000000e+00
      vertex   -1.736455e+01 -8.531914e+00 3.000000e+00
      vertex   -1.796809e+01 -9.135450e+00 3.000000e+00
    endloop
  endfacet
  facet normal 0.000000e+00 0.000000e+00 1.000000e+00
    outer loop
      vertex   1.796809e+01 -9.135450e+00 3.000000e+00
      vertex   -1.796809e+01 -9.135450e+00 3.000000e+00
      vertex   1.861140e+01 -9.696391e+00 3.000000e+00
    endloop
  endfacet
  facet normal 0.000000e+00 0.000000e+00 1.000000e+00
    outer loop
      vertex   1.861140e+01 -9.696391e+00 3.000000e+00
      vertex   -1.796809e+01 -9.135450e+00 3.000000e+00
      vertex   -1.861140e+01 -9.696391e+00 3.000000e+00
    endloop
  endfacet
  facet normal 0.000000e+00 0.000000e+00 1.000000e+00
    outer loop
      vertex   1.861140e+01 -9.696391e+00 3.000000e+00
      vertex   -1.861140e+01 -9.696391e+00 3.000000e+00
      vertex   1.929150e+01 -1.021212e+01 3.000000e+00
    endloop
  endfacet
  facet normal 0.000000e+00 0.000000e+00 1.000000e+00
    outer loop
      vertex   1.929150e+01 -1.021212e+01 3.000000e+00
      vertex   -1.861140e+01 -9.696391e+00 3.000000e+00
      vertex   -1.929150e+01 -1.021212e+01 3.000000e+00
    endloop
  endfacet
  facet normal 0.000000e+00 0.000000e+00 1.000000e+00
    outer loop
      vertex   1.929150e+01 -1.021212e+01 3.000000e+00
      vertex   -1.929150e+01 -1.021212e+01 3.000000e+00
      vertex   2.000520e+01 -1.068024e+01 3.000000e+00
    endloop
  endfacet
  facet normal 0.000000e+00 0.000000e+00 1.000000e+00
    outer loop
      vertex   2.000520e+01 -1.068024e+01 3.000000e+00
      vertex   -1.929150e+01 -1.021212e+01 3.000000e+00
      vertex   -2.000520e+01 -1.068024e+01 3.000000e+00
    endloop
  endfacet
  facet normal 0.000000e+00 0.000000e+00 1.000000e+00
    outer loop
      vertex   2.000520e+01 -1.068024e+01 3.000000e+00
      vertex   -2.000520e+01 -1.068024e+01 3.000000e+00
      vertex   2.074919e+01 -1.109857e+01 3.000000e+00
    endloop
  endfacet
  facet normal 0.000000e+00 0.000000e+00 1.000000e+00
    outer loop
      vertex   2.074919e+01 -1.109857e+01 3.000000e+00
      vertex   -2.000520e+01 -1.068024e+01 3.000000e+00
      vertex   -2.074919e+01 -1.109857e+01 3.000000e+00
    endloop
  endfacet
  facet normal 0.000000e+00 0.000000e+00 1.000000e+00
    outer loop
      vertex   2.074919e+01 -1.109857e+01 3.000000e+00
      vertex   -2.074919e+01 -1.109857e+01 3.000000e+00
      vertex   2.151999e+01 -1.146514e+01 3.000000e+00
    endloop
  endfacet
  facet normal 0.000000e+00 0.000000e+00 1.000000e+00
    outer loop
      vertex   2.151999e+01 -1.146514e+01 3.000000e+00
      vertex   -2.074919e+01 -1.109857e+01 3.000000e+00
      vertex   -2.151999e+01 -1.146514e+01 3.000000e+00
    endloop
  endfacet
  facet normal 0.000000e+00 0.000000e+00 1.000000e+00
    outer loop
      vertex   2.151999e+01 -1.146514e+01 3.000000e+00
      vertex   -2.151999e+01 -1.146514e+01 3.000000e+00
      vertex   2.231400e+01 -1.177826e+01 3.000000e+00
    endloop
  endfacet
  facet normal 0.000000e+00 0.000000e+00 1.000000e+00
    outer loop
      vertex   2.231400e+01 -1.177826e+01 3.000000e+00
      vertex   -2.151999e+01 -1.146514e+01 3.000000e+00
      vertex   -2.231400e+01 -1.177826e+01 3.000000e+00
    endloop
  endfacet
  facet normal 0.000000e+00 0.000000e+00 1.000000e+00
    outer loop
      vertex   2.231400e+01 -1.177826e+01 3.000000e+00
      vertex   -2.231400e+01 -1.177826e+01 3.000000e+00
      vertex   2.312754e+01 -1.203647e+01 3.000000e+00
    endloop
  endfacet
  facet normal 0.000000e+00 0.000000e+00 1.000000e+00
    outer loop
      vertex   2.312754e+01 -1.203647e+01 3.000000e+00
      vertex   -2.231400e+01 -1.177826e+01 3.000000e+00
      vertex   -2.312754e+01 -1.203647e+01 3.000000e+00
    endloop
  endfacet
  facet normal 0.000000e+00 0.000000e+00 1.000000e+00
    outer loop
      vertex   2.312754e+01 -1.203647e+01 3.000000e+00
      vertex   -2.312754e+01 -1.203647e+01 3.000000e+00
      vertex   2.395680e+01 -1.223855e+01 3.000000e+00
    endloop
  endfacet
  facet normal 0.000000e+00 0.000000e+00 1.000000e+00
    outer loop
      vertex   2.395680e+01 -1.223855e+01 3.000000e+00
      vertex   -2.312754e+01 -1.203647e+01 3.000000e+00
      vertex   -2.395680e+01 -1.223855e+01 3.000000e+00
    endloop
  endfacet
  facet normal 0.000000e+00 0.000000e+00 1.000000e+00
    outer loop
      vertex   2.395680e+01 -1.223855e+01 3.000000e+00
      vertex   -2.395680e+01 -1.223855e+01 3.000000e+00
      vertex   2.479792e+01 -1.238357e+01 3.000000e+00
    endloop
  endfacet
  facet normal 0.000000e+00 0.000000e+00 1.000000e+00
    outer loop
      vertex   2.479792e+01 -1.238357e+01 3.000000e+00
      vertex   -2.395680e+01 -1.223855e+01 3.000000e+00
      vertex   -2.479792e+01 -1.238357e+01 3.000000e+00
    endloop
  endfacet
  facet normal 0.000000e+00 0.000000e+00 1.000000e+00
    outer loop
      vertex   2.479792e+01 -1.238357e+01 3.000000e+00
      vertex   -2.479792e+01 -1.238357e+01 3.000000e+00
      vertex   2.564697e+01 -1.247086e+01 3.000000e+00
    endloop
  endfacet
  facet normal 0.000000e+00 0.000000e+00 1.000000e+00
    outer loop
      vertex   2.564697e+01 -1.247086e+01 3.000000e+00
      vertex   -2.479792e+01 -1.238357e+01 3.000000e+00
      vertex   -2.564697e+01 -1.247086e+01 3.000000e+00
    endloop
  endfacet
  facet normal 0.000000e+00 0.000000e+00 1.000000e+00
    outer loop
      vertex   2.564697e+01 -1.247086e+01 3.000000e+00
      vertex   -2.564697e+01 -1.247086e+01 3.000000e+00
      vertex   2.650000e+01 -1.250000e+01 3.000000e+00
    endloop
  endfacet
  facet normal 0.000000e+00 0.000000e+00 1.000000e+00
    outer loop
      vertex   2.650000e+01 -1.250000e+01 3.000000e+00
      vertex   -2.564697e+01 -1.247086e+01 3.000000e+00
      vertex   -2.650000e+01 -1.250000e+01 3.000000e+00
    endloop
  endfacet
  facet normal 0.000000e+00 0.000000e+00 1.000000e+00
    outer loop
      vertex   2.650000e+01 -1.250000e+01 3.000000e+00
      vertex   -2.650000e+01 -1.250000e+01 3.000000e+00
      vertex   4.983825e+01 -1.297687e+01 3.000000e+00
    endloop
  endfacet
  facet normal 0.000000e+00 0.000000e+00 1.000000e+00
    outer loop
      vertex   4.983825e+01 -1.297687e+01 3.000000e+00
      vertex   -2.650000e+01 -1.250000e+01 3.000000e+00
      vertex   -4.961070e+01 -1.382129e+01 3.000000e+00
    endloop
  endfacet
  facet normal 0.000000e+00 0.000000e+00 1.000000e+00
    outer loop
      vertex   4.983825e+01 -1.297687e+01 3.000000e+00
      vertex   -4.961070e+01 -1.382129e+01 3.000000e+00
      vertex   4.936885e+01 -1.466173e+01 3.000000e+00
    endloop
  endfacet
  facet normal 0.000000e+00 0.000000e+00 1.000000e+00
    outer loop
      vertex   4.936885e+01 -1.466173e+01 3.000000e+00
      vertex   -4.961070e+01 -1.382129e+01 3.000000e+00
      vertex   -4.911277e+01 -1.549793e+01 3.000000e+00
    endloop
  endfacet
  facet normal 0.000000e+00 0.000000e+00 1.000000e+00
    outer loop
      vertex   4.936885e+01 -1.466173e+01 3.000000e+00
      vertex   -4.911277e+01 -1.549793e+01 3.000000e+00
      vertex   4.884252e+01 -1.632967e+01 3.000000e+00
    endloop
  endfacet
  facet normal 0.000000e+00 0.000000e+00 1.000000e+00
    outer loop
      vertex   4.884252e+01 -1.632967e+01 3.000000e+00
      vertex   -4.911277e+01 -1.549793e+01 3.000000e+00
      vertex   -4.855819e+01 -1.715670e+01 3.000000e+00
    endloop
  endfacet
  facet normal 0.000000e+00 0.000000e+00 1.000000e+00
    outer loop
      vertex   4.884252e+01 -1.632967e+01 3.000000e+00
      vertex   -4.855819e+01 -1.715670e+01 3.000000e+00
      vertex   4.825985e+01 -1.797878e+01 3.000000e+00
    endloop
  endfacet
  facet normal 0.000000e+00 0.000000e+00 1.000000e+00
    outer loop
      vertex   4.825985e+01 -1.797878e+01 3.000000e+00
      vertex   -4.855819e+01 -1.715670e+01 3.000000e+00
      vertex   -4.794760e+01 -1.879568e+01 3.000000e+00
    endloop
  endfacet
  facet normal 0.000000e+00 0.000000e+00 1.000000e+00
    outer loop
      vertex   4.825985e+01 -1.797878e+01 3.000000e+00
      vertex   -4.794760e+01 -1.879568e+01 3.000000e+00
      vertex   4.762152e+01 -1.960715e+01 3.000000e+00
    endloop
  endfacet
  facet normal 0.000000e+00 0.000000e+00 1.000000e+00
    outer loop
      vertex   4.762152e+01 -1.960715e+01 3.000000e+00
      vertex   -4.794760e+01 -1.879568e+01 3.000000e+00
      vertex   -4.728171e+01 -2.041298e+01 3.000000e+00
    endloop
  endfacet
  facet normal 0.000000e+00 0.000000e+00 1.000000e+00
    outer loop
      vertex   4.762152e+01 -1.960715e+01 3.000000e+00
      vertex   -4.728171e+01 -2.041298e+01 3.000000e+00
      vertex   4.692827e+01 -2.121291e+01 3.000000e+00
    endloop
  endfacet
  facet normal 0.000000e+00 0.000000e+00 1.000000e+00
    outer loop
      vertex   4.692827e+01 -2.121291e+01 3.000000e+00
      vertex   -4.728171e+01 -2.041298e+01 3.000000e+00
      vertex   -4.656129e+01 -2.200673e+01 3.000000e+00
    endloop
  endfacet
  facet normal 0.000000e+00 0.000000e+00 1.000000e+00
    outer loop
      vertex   4.692827e+01 -2.121291e+01 3.000000e+00
      vertex   -4.656129e+01 -2.200673e+01 3.000000e+00
      vertex   4.618088e+01 -2.279421e+01 3.000000e+00
    endloop
  endfacet
  facet normal 0.000000e+00 0.000000e+00 1.000000e+00
    outer loop
      vertex   4.618088e+01 -2.279421e+01 3.000000e+00
      vertex   -4.656129e+01 -2.200673e+01 3.000000e+00
      vertex   -4.578716e+01 -2.357511e+01 3.000000e+00
    endloop
  endfacet
  facet normal 0.000000e+00 0.000000e+00 1.000000e+00
    outer loop
      vertex   4.618088e+01 -2.279421e+01 3.000000e+00
      vertex   -4.578716e+01 -2.357511e+01 3.000000e+00
      vertex   4.538024e+01 -2.434921e+01 3.000000e+00
    endloop
  endfacet
  facet normal 0.000000e+00 0.000000e+00 1.000000e+00
    outer loop
      vertex   4.538024e+01 -2.434921e+01 3.000000e+00
      vertex   -4.578716e+01 -2.357511e+01 3.000000e+00
      vertex   -4.496023e+01 -2.511629e+01 3.000000e+00
    endloop
  endfacet
  facet normal 0.000000e+00 0.000000e+00 1.000000e+00
    outer loop
      vertex   4.538024e+01 -2.434921e+01 3.000000e+00
      vertex   -4.496023e+01 -2.511629e+01 3.000000e+00
      vertex   4.452725e+01 -2.587613e+01 3.000000e+00
    endloop
  endfacet
  facet normal 0.000000e+00 0.000000e+00 1.000000e+00
    outer loop
      vertex   4.452725e+01 -2.587613e+01 3.000000e+00
      vertex   -4.496023e+01 -2.511629e+01 3.000000e+00
      vertex   -4.408143e+01 -2.662850e+01 3.000000e+00
    endloop
  endfacet
  facet normal 0.000000e+00 0.000000e+00 1.000000e+00
    outer loop
      vertex   4.452725e+01 -2.587613e+01 3.000000e+00
      vertex   -4.408143e+01 -2.662850e+01 3.000000e+00
      vertex   4.362291e+01 -2.737320e+01 3.000000e+00
    endloop
  endfacet
  facet normal 0.000000e+00 0.000000e+00 1.000000e+00
    outer loop
      vertex   4.362291e+01 -2.737320e+01 3.000000e+00
      vertex   -4.408143e+01 -2.662850e+01 3.000000e+00
      vertex   -4.315180e+01 -2.811000e+01 3.000000e+00
    endloop
  endfacet
  facet normal 0.000000e+00 0.000000e+00 1.000000e+00
    outer loop
      vertex   4.362291e+01 -2.737320e+01 3.000000e+00
      vertex   -4.315180e+01 -2.811000e+01 3.000000e+00
      vertex   4.266825e+01 -2.883870e+01 3.000000e+00
    endloop
  endfacet
  facet normal 0.000000e+00 0.000000e+00 1.000000e+00
    outer loop
      vertex   4.266825e+01 -2.883870e+01 3.000000e+00
      vertex   -4.315180e+01 -2.811000e+01 3.000000e+00
      vertex   -4.217239e+01 -2.955908e+01 3.000000e+00
    endloop
  endfacet
  facet normal 0.000000e+00 0.000000e+00 1.000000e+00
    outer loop
      vertex   4.266825e+01 -2.883870e+01 3.000000e+00
      vertex   -4.217239e+01 -2.955908e+01 3.000000e+00
      vertex   4.166438e+01 -3.027094e+01 3.000000e+00
    endloop
  endfacet
  facet normal 0.000000e+00 0.000000e+00 1.000000e+00
    outer loop
      vertex   4.166438e+01 -3.027094e+01 3.000000e+00
      vertex   -4.217239e+01 -2.955908e+01 3.000000e+00
      vertex   -4.114434e+01 -3.097407e+01 3.000000e+00
    endloop
  endfacet
  facet normal 0.000000e+00 0.000000e+00 1.000000e+00
    outer loop
      vertex   4.166438e+01 -3.027094e+01 3.000000e+00
      vertex   -4.114434e+01 -3.097407e+01 3.000000e+00
      vertex   4.061245e+01 -3.166827e+01 3.000000e+00
    endloop
  endfacet
  facet normal 0.000000e+00 0.000000e+00 1.000000e+00
    outer loop
      vertex   4.061245e+01 -3.166827e+01 3.000000e+00
      vertex   -4.114434e+01 -3.097407e+01 3.000000e+00
      vertex   -4.006884e+01 -3.235333e+01 3.000000e+00
    endloop
  endfacet
  facet normal 0.000000e+00 0.000000e+00 1.000000e+00
    outer loop
      vertex   4.061245e+01 -3.166827e+01 3.000000e+00
      vertex   -4.006884e+01 -3.235333e+01 3.000000e+00
      vertex   3.951368e+01 -3.302906e+01 3.000000e+00
    endloop
  endfacet
  facet normal 0.000000e+00 0.000000e+00 1.000000e+00
    outer loop
      vertex   3.951368e+01 -3.302906e+01 3.000000e+00
      vertex   -4.006884e+01 -3.235333e+01 3.000000e+00
      vertex   -3.894712e+01 -3.369527e+01 3.000000e+00
    endloop
  endfacet
  facet normal 0.000000e+00 0.000000e+00 1.000000e+00
    outer loop
      vertex   3.951368e+01 -3.302906e+01 3.000000e+00
      vertex   -3.894712e+01 -3.369527e+01 3.000000e+00
      vertex   3.836934e+01 -3.435177e+01 3.000000e+00
    endloop
  endfacet
  facet normal 0.000000e+00 0.000000e+00 1.000000e+00
    outer loop
      vertex   3.836934e+01 -3.435177e+01 3.000000e+00
      vertex   -3.894712e+01 -3.369527e+01 3.000000e+00
      vertex   -3.778049e+01 -3.499836e+01 3.000000e+00
    endloop
  endfacet
  facet normal 0.000000e+00 0.000000e+00 1.000000e+00
    outer loop
      vertex   3.836934e+01 -3.435177e+01 3.000000e+00
      vertex   -3.778049e+01 -3.499836e+01 3.000000e+00
      vertex   3.718074e+01 -3.563485e+01 3.000000e+00
    endloop
  endfacet
  facet normal 0.000000e+00 0.000000e+00 1.000000e+00
    outer loop
      vertex   3.718074e+01 -3.563485e+01 3.000000e+00
      vertex   -3.778049e+01 -3.499836e+01 3.000000e+00
      vertex   -3.657027e+01 -3.626107e+01 3.000000e+00
    endloop
  endfacet
  facet normal 0.000000e+00 0.000000e+00 1.000000e+00
    outer loop
      vertex   3.718074e+01 -3.563485e+01 3.000000e+00
      vertex   -3.657027e+01 -3.626107e+01 3.000000e+00
      vertex   3.594926e+01 -3.687683e+01 3.000000e+00
    endloop
  endfacet
  facet normal 0.000000e+00 0.000000e+00 1.000000e+00
    outer loop
      vertex   3.594926e+01 -3.687683e+01 3.000000e+00
      vertex   -3.657027e+01 -3.626107e+01 3.000000e+00
      vertex   -3.531788e+01 -3.748196e+01 3.000000e+00
    endloop
  endfacet
  facet normal 0.000000e+00 0.000000e+00 1.000000e+00
    outer loop
      vertex   3.594926e+01 -3.687683e+01 3.000000e+00
      vertex   -3.531788e+01 -3.748196e+01 3.000000e+00
      vertex   3.467631e+01 -3.807628e+01 3.000000e+00
    endloop
  endfacet
  facet normal 0.000000e+00 0.000000e+00 1.000000e+00
    outer loop
      vertex   3.467631e+01 -3.807628e+01 3.000000e+00
      vertex   -3.531788e+01 -3.748196e+01 3.000000e+00
      vertex   -3.402475e+01 -3.865962e+01 3.000000e+00
    endloop
  endfacet
  facet normal 0.000000e+00 0.000000e+00 1.000000e+00
    outer loop
      vertex   3.467631e+01 -3.807628e+01 3.000000e+00
      vertex   -3.402475e+01 -3.865962e+01 3.000000e+00
      vertex   3.336337e+01 -3.923182e+01 3.000000e+00
    endloop
  endfacet
  facet normal 0.000000e+00 0.000000e+00 1.000000e+00
    outer loop
      vertex   3.336337e+01 -3.923182e+01 3.000000e+00
      vertex   -3.402475e+01 -3.865962e+01 3.000000e+00
      vertex   -3.269238e+01 -3.979269e+01 3.000000e+00
    endloop
  endfacet
  facet normal 0.000000e+00 0.000000e+00 1.000000e+00
    outer loop
      vertex   3.336337e+01 -3.923182e+01 3.000000e+00
      vertex   -3.269238e+01 -3.979269e+01 3.000000e+00
      vertex   3.201195e+01 -4.034210e+01 3.000000e+00
    endloop
  endfacet
  facet normal 0.000000e+00 0.000000e+00 1.000000e+00
    outer loop
      vertex   3.201195e+01 -4.034210e+01 3.000000e+00
      vertex   -3.269238e+01 -3.979269e+01 3.000000e+00
      vertex   -3.132230e+01 -4.087987e+01 3.000000e+00
    endloop
  endfacet
  facet normal 0.000000e+00 0.000000e+00 1.000000e+00
    outer loop
      vertex   3.201195e+01 -4.034210e+01 3.000000e+00
      vertex   -3.132230e+01 -4.087987e+01 3.000000e+00
      vertex   3.062361e+01 -4.140585e+01 3.000000e+00
    endloop
  endfacet
  facet normal 0.000000e+00 0.000000e+00 1.000000e+00
    outer loop
      vertex   3.062361e+01 -4.140585e+01 3.000000e+00
      vertex   -3.132230e+01 -4.087987e+01 3.000000e+00
      vertex   -2.991609e+01 -4.191989e+01 3.000000e+00
    endloop
  endfacet
  facet normal 0.000000e+00 0.000000e+00 1.000000e+00
    outer loop
      vertex   3.062361e+01 -4.140585e+01 3.000000e+00
      vertex   -2.991609e+01 -4.191989e+01 3.000000e+00
      vertex   2.919994e+01 -4.242185e+01 3.000000e+00
    endloop
  endfacet
  facet normal 0.000000e+00 0.000000e+00 1.000000e+00
    outer loop
      vertex   2.919994e+01 -4.242185e+01 3.000000e+00
      vertex   -2.991609e+01 -4.191989e+01 3.000000e+00
      vertex   -2.847538e+01 -4.291157e+01 3.000000e+00
    endloop
  endfacet
  facet normal 0.000000e+00 0.000000e+00 1.000000e+00
    outer loop
      vertex   2.919994e+01 -4.242185e+01 3.000000e+00
      vertex   -2.847538e+01 -4.291157e+01 3.000000e+00
      vertex   2.774260e+01 -4.338892e+01 3.000000e+00
    endloop
  endfacet
  facet normal 0.000000e+00 0.000000e+00 1.000000e+00
    outer loop
      vertex   2.774260e+01 -4.338892e+01 3.000000e+00
      vertex   -2.847538e+01 -4.291157e+01 3.000000e+00
      vertex   -2.700183e+01 -4.385375e+01 3.000000e+00
    endloop
  endfacet
  facet normal 0.000000e+00 0.000000e+00 1.000000e+00
    outer loop
      vertex   2.774260e+01 -4.338892e+01 3.000000e+00
      vertex   -2.700183e+01 -4.385375e+01 3.000000e+00
      vertex   2.625326e+01 -4.430594e+01 3.000000e+00
    endloop
  endfacet
  facet normal 0.000000e+00 0.000000e+00 1.000000e+00
    outer loop
      vertex   2.625326e+01 -4.430594e+01 3.000000e+00
      vertex   -2.700183e+01 -4.385375e+01 3.000000e+00
      vertex   -2.549713e+01 -4.474535e+01 3.000000e+00
    endloop
  endfacet
  facet normal 0.000000e+00 0.000000e+00 1.000000e+00
    outer loop
      vertex   2.625326e+01 -4.430594e+01 3.000000e+00
      vertex   -2.549713e+01 -4.474535e+01 3.000000e+00
      vertex   2.473364e+01 -4.517186e+01 3.000000e+00
    endloop
  endfacet
  facet normal 0.000000e+00 0.000000e+00 1.000000e+00
    outer loop
      vertex   2.473364e+01 -4.517186e+01 3.000000e+00
      vertex   -2.549713e+01 -4.474535e+01 3.000000e+00
      vertex   -2.396302e+01 -4.558534e+01 3.000000e+00
    endloop
  endfacet
  facet normal 0.000000e+00 0.000000e+00 1.000000e+00
    outer loop
      vertex   2.473364e+01 -4.517186e+01 3.000000e+00
      vertex   -2.396302e+01 -4.558534e+01 3.000000e+00
      vertex   2.318549e+01 -4.598568e+01 3.000000e+00
    endloop
  endfacet
  facet normal 0.000000e+00 0.000000e+00 1.000000e+00
    outer loop
      vertex   2.318549e+01 -4.598568e+01 3.000000e+00
      vertex   -2.396302e+01 -4.558534e+01 3.000000e+00
      vertex   -2.240128e+01 -4.637276e+01 3.000000e+00
    endloop
  endfacet
  facet normal 0.000000e+00 0.000000e+00 1.000000e+00
    outer loop
      vertex   2.318549e+01 -4.598568e+01 3.000000e+00
      vertex   -2.240128e+01 -4.637276e+01 3.000000e+00
      vertex   2.161060e+01 -4.674646e+01 3.000000e+00
    endloop
  endfacet
  facet normal 0.000000e+00 0.000000e+00 1.000000e+00
    outer loop
      vertex   2.161060e+01 -4.674646e+01 3.000000e+00
      vertex   -2.240128e+01 -4.637276e+01 3.000000e+00
      vertex   -2.081370e+01 -4.710669e+01 3.000000e+00
    endloop
  endfacet
  facet normal 0.000000e+00 0.000000e+00 1.000000e+00
    outer loop
      vertex   2.161060e+01 -4.674646e+01 3.000000e+00
      vertex   -2.081370e+01 -4.710669e+01 3.000000e+00
      vertex   2.001079e+01 -4.745333e+01 3.000000e+00
    endloop
  endfacet
  facet normal 0.000000e+00 0.000000e+00 1.000000e+00
    outer loop
      vertex   2.001079e+01 -4.745333e+01 3.000000e+00
      vertex   -2.081370e+01 -4.710669e+01 3.000000e+00
      vertex   -1.920211e+01 -4.778628e+01 3.000000e+00
    endloop
  endfacet
  facet normal 0.000000e+00 0.000000e+00 1.000000e+00
    outer loop
      vertex   2.001079e+01 -4.745333e+01 3.000000e+00
      vertex   -1.920211e+01 -4.778628e+01 3.000000e+00
      vertex   1.838789e+01 -4.810546e+01 3.000000e+00
    endloop
  endfacet
  facet normal 0.000000e+00 0.000000e+00 1.000000e+00
    outer loop
      vertex   1.838789e+01 -4.810546e+01 3.000000e+00
      vertex   -1.920211e+01 -4.778628e+01 3.000000e+00
      vertex   -1.756837e+01 -4.841077e+01 3.000000e+00
    endloop
  endfacet
  facet normal 0.000000e+00 0.000000e+00 1.000000e+00
    outer loop
      vertex   1.838789e+01 -4.810546e+01 3.000000e+00
      vertex   -1.756837e+01 -4.841077e+01 3.000000e+00
      vertex   1.674379e+01 -4.870211e+01 3.000000e+00
    endloop
  endfacet
  facet normal 0.000000e+00 0.000000e+00 1.000000e+00
    outer loop
      vertex   1.674379e+01 -4.870211e+01 3.000000e+00
      vertex   -1.756837e+01 -4.841077e+01 3.000000e+00
      vertex   -1.591438e+01 -4.897941e+01 3.000000e+00
    endloop
  endfacet
  facet normal 0.000000e+00 0.000000e+00 1.000000e+00
    outer loop
      vertex   1.674379e+01 -4.870211e+01 3.000000e+00
      vertex   -1.591438e+01 -4.897941e+01 3.000000e+00
      vertex   1.508037e+01 -4.924259e+01 3.000000e+00
    endloop
  endfacet
  facet normal 0.000000e+00 0.000000e+00 1.000000e+00
    outer loop
      vertex   1.508037e+01 -4.924259e+01 3.000000e+00
      vertex   -1.591438e+01 -4.897941e+01 3.000000e+00
      vertex   -1.424202e+01 -4.949156e+01 3.000000e+00
    endloop
  endfacet
  facet normal 0.000000e+00 0.000000e+00 1.000000e+00
    outer loop
      vertex   1.508037e+01 -4.924259e+01 3.000000e+00
      vertex   -1.424202e+01 -4.949156e+01 3.000000e+00
      vertex   1.339956e+01 -4.972627e+01 3.000000e+00
    endloop
  endfacet
  facet normal 0.000000e+00 0.000000e+00 1.000000e+00
    outer loop
      vertex   1.339956e+01 -4.972627e+01 3.000000e+00
      vertex   -1.424202e+01 -4.949156e+01 3.000000e+00
      vertex   -1.255324e+01 -4.994663e+01 3.000000e+00
    endloop
  endfacet
  facet normal 0.000000e+00 0.000000e+00 1.000000e+00
    outer loop
      vertex   1.339956e+01 -4.972627e+01 3.000000e+00
      vertex   -1.255324e+01 -4.994663e+01 3.000000e+00
      vertex   1.170330e+01 -5.015260e+01 3.000000e+00
    endloop
  endfacet
  facet normal 0.000000e+00 0.000000e+00 1.000000e+00
    outer loop
      vertex   1.170330e+01 -5.015260e+01 3.000000e+00
      vertex   -1.255324e+01 -4.994663e+01 3.000000e+00
      vertex   -1.084998e+01 -5.034409e+01 3.000000e+00
    endloop
  endfacet
  facet normal 0.000000e+00 0.000000e+00 1.000000e+00
    outer loop
      vertex   1.170330e+01 -5.015260e+01 3.000000e+00
      vertex   -1.084998e+01 -5.034409e+01 3.000000e+00
      vertex   9.993537e+00 -5.052108e+01 3.000000e+00
    endloop
  endfacet
  facet normal 0.000000e+00 0.000000e+00 1.000000e+00
    outer loop
      vertex   9.993537e+00 -5.052108e+01 3.000000e+00
      vertex   -1.084998e+01 -5.034409e+01 3.000000e+00
      vertex   -9.134209e+00 -5.068349e+01 3.000000e+00
    endloop
  endfacet
  facet normal 0.000000e+00 0.000000e+00 1.000000e+00
    outer loop
      vertex   9.993537e+00 -5.052108e+01 3.000000e+00
      vertex   -9.134209e+00 -5.068349e+01 3.000000e+00
      vertex   8.272248e+00 -5.083129e+01 3.000000e+00
    endloop
  endfacet
  facet normal 0.000000e+00 0.000000e+00 1.000000e+00
    outer loop
      vertex   8.272248e+00 -5.083129e+01 3.000000e+00
      vertex   -9.134209e+00 -5.068349e+01 3.000000e+00
      vertex   -7.407901e+00 -5.096443e+01 3.000000e+00
    endloop
  endfacet
  facet normal 0.000000e+00 0.000000e+00 1.000000e+00
    outer loop
      vertex   8.272248e+00 -5.083129e+01 3.000000e+00
      vertex   -7.407901e+00 -5.096443e+01 3.000000e+00
      vertex   6.541418e+00 -5.108287e+01 3.000000e+00
    endloop
  endfacet
  facet normal 0.000000e+00 0.000000e+00 1.000000e+00
    outer loop
      vertex   6.541418e+00 -5.108287e+01 3.000000e+00
      vertex   -7.407901e+00 -5.096443e+01 3.000000e+00
      vertex   -5.673048e+00 -5.118659e+01 3.000000e+00
    endloop
  endfacet
  facet normal 0.000000e+00 0.000000e+00 1.000000e+00
    outer loop
      vertex   6.541418e+00 -5.108287e+01 3.000000e+00
      vertex   -5.673048e+00 -5.118659e+01 3.000000e+00
      vertex   4.803043e+00 -5.127554e+01 3.000000e+00
    endloop
  endfacet
  facet normal 0.000000e+00 0.000000e+00 1.000000e+00
    outer loop
      vertex   4.803043e+00 -5.127554e+01 3.000000e+00
      vertex   -5.673048e+00 -5.118659e+01 3.000000e+00
      vertex   -3.931652e+00 -5.134970e+01 3.000000e+00
    endloop
  endfacet
  facet normal 0.000000e+00 0.000000e+00 1.000000e+00
    outer loop
      vertex   4.803043e+00 -5.127554e+01 3.000000e+00
      vertex   -3.931652e+00 -5.134970e+01 3.000000e+00
      vertex   3.059128e+00 -5.140906e+01 3.000000e+00
    endloop
  endfacet
  facet normal 0.000000e+00 0.000000e+00 1.000000e+00
    outer loop
      vertex   3.059128e+00 -5.140906e+01 3.000000e+00
      vertex   -3.931652e+00 -5.134970e+01 3.000000e+00
      vertex   -2.185722e+00 -5.145360e+01 3.000000e+00
    endloop
  endfacet
  facet normal 0.000000e+00 0.000000e+00 1.000000e+00
    outer loop
      vertex   3.059128e+00 -5.140906e+01 3.000000e+00
      vertex   -2.185722e+00 -5.145360e+01 3.000000e+00
      vertex   1.311685e+00 -5.148329e+01 3.000000e+00
    endloop
  endfacet
  facet normal 0.000000e+00 0.000000e+00 1.000000e+00
    outer loop
      vertex   1.311685e+00 -5.148329e+01 3.000000e+00
      vertex   -2.185722e+00 -5.145360e+01 3.000000e+00
      vertex   -4.372705e-01 -5.149814e+01 3.000000e+00
    endloop
  endfacet
  facet normal 0.000000e+00 -0.000000e+00 1.000000e+00
    outer loop
      vertex   -1.402914e+01 8.530302e-01 3.000000e+00
      vertex   1.402914e+01 8.530302e-01 3.000000e+00
      vertex   -1.411643e+01 1.702083e+00 3.000000e+00
    endloop
  endfacet
  facet normal -0.000000e+00 0.000000e+00 1.000000e+00
    outer loop
      vertex   -1.411643e+01 1.702083e+00 3.000000e+00
      vertex   1.402914e+01 8.530302e-01 3.000000e+00
      vertex   1.411643e+01 1.702083e+00 3.000000e+00
    endloop
  endfacet
  facet normal 0.000000e+00 -0.000000e+00 1.000000e+00
    outer loop
      vertex   -1.411643e+01 1.702083e+00 3.000000e+00
      vertex   1.411643e+01 1.702083e+00 3.000000e+00
      vertex   -1.426145e+01 2.543200e+00 3.000000e+00
    endloop
  endfacet
  facet normal -0.000000e+00 0.000000e+00 1.000000e+00
    outer loop
      vertex   -1.426145e+01 2.543200e+00 3.000000e+00
      vertex   1.411643e+01 1.702083e+00 3.000000e+00
      vertex   1.426145e+01 2.543200e+00 3.000000e+00
    endloop
  endfacet
  facet normal 0.000000e+00 -0.000000e+00 1.000000e+00
    outer loop
      vertex   -1.426145e+01 2.543200e+00 3.000000e+00
      vertex   1.426145e+01 2.543200e+00 3.000000e+00
      vertex   -1.446353e+01 3.372460e+00 3.000000e+00
    endloop
  endfacet
  facet normal -0.000000e+00 0.000000e+00 1.000000e+00
    outer loop
      vertex   -1.446353e+01 3.372460e+00 3.000000e+00
      vertex   1.426145e+01 2.543200e+00 3.000000e+00
      vertex   1.446353e+01 3.372460e+00 3.000000e+00
    endloop
  endfacet
  facet normal 0.000000e+00 -0.000000e+00 1.000000e+00
    outer loop
      vertex   -1.446353e+01 3.372460e+00 3.000000e+00
      vertex   1.446353e+01 3.372460e+00 3.000000e+00
      vertex   -1.472174e+01 4.185995e+00 3.000000e+00
    endloop
  endfacet
  facet normal -0.000000e+00 0.000000e+00 1.000000e+00
    outer loop
      vertex   -1.472174e+01 4.185995e+00 3.000000e+00
      vertex   1.446353e+01 3.372460e+00 3.000000e+00
      vertex   1.472174e+01 4.185995e+00 3.000000e+00
    endloop
  endfacet
  facet normal 0.000000e+00 -0.000000e+00 1.000000e+00
    outer loop
      vertex   -1.472174e+01 4.185995e+00 3.000000e+00
      vertex   1.472174e+01 4.185995e+00 3.000000e+00
      vertex   -1.503486e+01 4.980014e+00 3.000000e+00
    endloop
  endfacet
  facet normal 0.000000e+00 0.000000e+00 1.000000e+00
    outer loop
      vertex   -1.503486e+01 4.980014e+00 3.000000e+00
      vertex   1.472174e+01 4.185995e+00 3.000000e+00
      vertex   1.503486e+01 4.980014e+00 3.000000e+00
    endloop
  endfacet
  facet normal -0.000000e+00 -0.000000e+00 1.000000e+00
    outer loop
      vertex   -1.503486e+01 4.980014e+00 3.000000e+00
      vertex   1.503486e+01 4.980014e+00 3.000000e+00
      vertex   -1.540143e+01 5.750813e+00 3.000000e+00
    endloop
  endfacet
  facet normal -0.000000e+00 0.000000e+00 1.000000e+00
    outer loop
      vertex   -1.540143e+01 5.750813e+00 3.000000e+00
      vertex   1.503486e+01 4.980014e+00 3.000000e+00
      vertex   1.540143e+01 5.750813e+00 3.000000e+00
    endloop
  endfacet
  facet normal 0.000000e+00 -0.000000e+00 1.000000e+00
    outer loop
      vertex   -1.540143e+01 5.750813e+00 3.000000e+00
      vertex   1.540143e+01 5.750813e+00 3.000000e+00
      vertex   -1.581976e+01 6.494799e+00 3.000000e+00
    endloop
  endfacet
  facet normal 0.000000e+00 0.000000e+00 1.000000e+00
    outer loop
      vertex   -1.581976e+01 6.494799e+00 3.000000e+00
      vertex   1.540143e+01 5.750813e+00 3.000000e+00
      vertex   1.581976e+01 6.494799e+00 3.000000e+00
    endloop
  endfacet
  facet normal -0.000000e+00 -0.000000e+00 1.000000e+00
    outer loop
      vertex   -1.581976e+01 6.494799e+00 3.000000e+00
      vertex   1.581976e+01 6.494799e+00 3.000000e+00
      vertex   -1.628788e+01 7.208504e+00 3.000000e+00
    endloop
  endfacet
  facet normal -0.000000e+00 0.000000e+00 1.000000e+00
    outer loop
      vertex   -1.628788e+01 7.208504e+00 3.000000e+00
      vertex   1.581976e+01 6.494799e+00 3.000000e+00
      vertex   1.628788e+01 7.208504e+00 3.000000e+00
    endloop
  endfacet
  facet normal 0.000000e+00 -0.000000e+00 1.000000e+00
    outer loop
      vertex   -1.628788e+01 7.208504e+00 3.000000e+00
      vertex   1.628788e+01 7.208504e+00 3.000000e+00
      vertex   -1.680361e+01 7.888599e+00 3.000000e+00
    endloop
  endfacet
  facet normal -0.000000e+00 0.000000e+00 1.000000e+00
    outer loop
      vertex   -1.680361e+01 7.888599e+00 3.000000e+00
      vertex   1.628788e+01 7.208504e+00 3.000000e+00
      vertex   1.680361e+01 7.888599e+00 3.000000e+00
    endloop
  endfacet
  facet normal 0.000000e+00 -0.000000e+00 1.000000e+00
    outer loop
      vertex   -1.680361e+01 7.888599e+00 3.000000e+00
      vertex   1.680361e+01 7.888599e+00 3.000000e+00
      vertex   -1.736455e+01 8.531914e+00 3.000000e+00
    endloop
  endfacet
  facet normal -0.000000e+00 0.000000e+00 1.000000e+00
    outer loop
      vertex   -1.736455e+01 8.531914e+00 3.000000e+00
      vertex   1.680361e+01 7.888599e+00 3.000000e+00
      vertex   1.736455e+01 8.531914e+00 3.000000e+00
    endloop
  endfacet
  facet normal 0.000000e+00 -0.000000e+00 1.000000e+00
    outer loop
      vertex   -1.736455e+01 8.531914e+00 3.000000e+00
      vertex   1.736455e+01 8.531914e+00 3.000000e+00
      vertex   -1.796809e+01 9.135450e+00 3.000000e+00
    endloop
  endfacet
  facet normal -0.000000e+00 0.000000e+00 1.000000e+00
    outer loop
      vertex   -1.796809e+01 9.135450e+00 3.000000e+00
      vertex   1.736455e+01 8.531914e+00 3.000000e+00
      vertex   1.796809e+01 9.135450e+00 3.000000e+00
    endloop
  endfacet
  facet normal 0.000000e+00 -0.000000e+00 1.000000e+00
    outer loop
      vertex   -1.796809e+01 9.135450e+00 3.000000e+00
      vertex   1.796809e+01 9.135450e+00 3.000000e+00
      vertex   -1.861140e+01 9.696391e+00 3.000000e+00
    endloop
  endfacet
  facet normal -0.000000e+00 0.000000e+00 1.000000e+00
    outer loop
      vertex   -1.861140e+01 9.696391e+00 3.000000e+00
      vertex   1.796809e+01 9.135450e+00 3.000000e+00
      vertex   1.861140e+01 9.696391e+00 3.000000e+00
    endloop
  endfacet
  facet normal 0.000000e+00 -0.000000e+00 1.000000e+00
    outer loop
      vertex   -1.861140e+01 9.696391e+00 3.000000e+00
      vertex   1.861140e+01 9.696391e+00 3.000000e+00
      vertex   -1.929150e+01 1.021212e+01 3.000000e+00
    endloop
  endfacet
  facet normal -0.000000e+00 0.000000e+00 1.000000e+00
    outer loop
      vertex   -1.929150e+01 1.021212e+01 3.000000e+00
      vertex   1.861140e+01 9.696391e+00 3.000000e+00
      vertex   1.929150e+01 1.021212e+01 3.000000e+00
    endloop
  endfacet
  facet normal 0.000000e+00 -0.000000e+00 1.000000e+00
    outer loop
      vertex   -1.929150e+01 1.021212e+01 3.000000e+00
      vertex   1.929150e+01 1.021212e+01 3.000000e+00
      vertex   -2.000520e+01 1.068024e+01 3.000000e+00
    endloop
  endfacet
  facet normal -0.000000e+00 0.000000e+00 1.000000e+00
    outer loop
      vertex   -2.000520e+01 1.068024e+01 3.000000e+00
      vertex   1.929150e+01 1.021212e+01 3.000000e+00
      vertex   2.000520e+01 1.068024e+01 3.000000e+00
    endloop
  endfacet
  facet normal 0.000000e+00 -0.000000e+00 1.000000e+00
    outer loop
      vertex   -2.000520e+01 1.068024e+01 3.000000e+00
      vertex   2.000520e+01 1.068024e+01 3.000000e+00
      vertex   -2.074919e+01 1.109857e+01 3.000000e+00
    endloop
  endfacet
  facet normal -0.000000e+00 0.000000e+00 1.000000e+00
    outer loop
      vertex   -2.074919e+01 1.109857e+01 3.000000e+00
      vertex   2.000520e+01 1.068024e+01 3.000000e+00
      vertex   2.074919e+01 1.109857e+01 3.000000e+00
    endloop
  endfacet
  facet normal 0.000000e+00 -0.000000e+00 1.000000e+00
    outer loop
      vertex   -2.074919e+01 1.109857e+01 3.000000e+00
      vertex   2.074919e+01 1.109857e+01 3.000000e+00
      vertex   -2.151999e+01 1.146514e+01 3.000000e+00
    endloop
  endfacet
  facet normal -0.000000e+00 0.000000e+00 1.000000e+00
    outer loop
      vertex   -2.151999e+01 1.146514e+01 3.000000e+00
      vertex   2.074919e+01 1.109857e+01 3.000000e+00
      vertex   2.151999e+01 1.146514e+01 3.000000e+00
    endloop
  endfacet
  facet normal 0.000000e+00 -0.000000e+00 1.000000e+00
    outer loop
      vertex   -2.151999e+01 1.146514e+01 3.000000e+00
      vertex   2.151999e+01 1.146514e+01 3.000000e+00
      vertex   -2.231400e+01 1.177826e+01 3.000000e+00
    endloop
  endfacet
  facet normal -0.000000e+00 0.000000e+00 1.000000e+00
    outer loop
      vertex   -2.231400e+01 1.177826e+01 3.000000e+00
      vertex   2.151999e+01 1.146514e+01 3.000000e+00
      vertex   2.231400e+01 1.177826e+01 3.000000e+00
    endloop
  endfacet
  facet normal 0.000000e+00 -0.000000e+00 1.000000e+00
    outer loop
      vertex   -2.231400e+01 1.177826e+01 3.000000e+00
      vertex   2.231400e+01 1.177826e+01 3.000000e+00
      vertex   -2.312754e+01 1.203647e+01 3.000000e+00
    endloop
  endfacet
  facet normal -0.000000e+00 0.000000e+00 1.000000e+00
    outer loop
      vertex   -2.312754e+01 1.203647e+01 3.000000e+00
      vertex   2.231400e+01 1.177826e+01 3.000000e+00
      vertex   2.312754e+01 1.203647e+01 3.000000e+00
    endloop
  endfacet
  facet normal 0.000000e+00 -0.000000e+00 1.000000e+00
    outer loop
      vertex   -2.312754e+01 1.203647e+01 3.000000e+00
      vertex   2.312754e+01 1.203647e+01 3.000000e+00
      vertex   -2.395680e+01 1.223855e+01 3.000000e+00
    endloop
  endfacet
  facet normal -0.000000e+00 0.000000e+00 1.000000e+00
    outer loop
      vertex   -2.395680e+01 1.223855e+01 3.000000e+00
      vertex   2.312754e+01 1.203647e+01 3.000000e+00
      vertex   2.395680e+01 1.223855e+01 3.000000e+00
    endloop
  endfacet
  facet normal 0.000000e+00 -0.000000e+00 1.000000e+00
    outer loop
      vertex   -2.395680e+01 1.223855e+01 3.000000e+00
      vertex   2.395680e+01 1.223855e+01 3.000000e+00
      vertex   -2.479792e+01 1.238357e+01 3.000000e+00
    endloop
  endfacet
  facet normal -0.000000e+00 0.000000e+00 1.000000e+00
    outer loop
      vertex   -2.479792e+01 1.238357e+01 3.000000e+00
      vertex   2.395680e+01 1.223855e+01 3.000000e+00
      vertex   2.479792e+01 1.238357e+01 3.000000e+00
    endloop
  endfacet
  facet normal 0.000000e+00 -0.000000e+00 1.000000e+00
    outer loop
      vertex   -2.479792e+01 1.238357e+01 3.000000e+00
      vertex   2.479792e+01 1.238357e+01 3.000000e+00
      vertex   -2.564697e+01 1.247086e+01 3.000000e+00
    endloop
  endfacet
  facet normal -0.000000e+00 0.000000e+00 1.000000e+00
    outer loop
      vertex   -2.564697e+01 1.247086e+01 3.000000e+00
      vertex   2.479792e+01 1.238357e+01 3.000000e+00
      vertex   2.564697e+01 1.247086e+01 3.000000e+00
    endloop
  endfacet
  facet normal 0.000000e+00 -0.000000e+00 1.000000e+00
    outer loop
      vertex   -2.564697e+01 1.247086e+01 3.000000e+00
      vertex   2.564697e+01 1.247086e+01 3.000000e+00
      vertex   -2.650000e+01 1.250000e+01 3.000000e+00
    endloop
  endfacet
  facet normal -0.000000e+00 0.000000e+00 1.000000e+00
    outer loop
      vertex   -2.650000e+01 1.250000e+01 3.000000e+00
      vertex   2.564697e+01 1.247086e+01 3.000000e+00
      vertex   2.650000e+01 1.250000e+01 3.000000e+00
    endloop
  endfacet
  facet normal 0.000000e+00 0.000000e+00 1.000000e+00
    outer loop
      vertex   -2.650000e+01 1.250000e+01 3.000000e+00
      vertex   2.650000e+01 1.250000e+01 3.000000e+00
      vertex   4.983825e+01 1.297687e+01 3.000000e+00
    endloop
  endfacet
  facet normal 0.000000e+00 0.000000e+00 1.000000e+00
    outer loop
      vertex   4.983825e+01 1.297687e+01 3.000000e+00
      vertex   2.650000e+01 1.250000e+01 3.000000e+00
      vertex   2.735303e+01 1.247086e+01 3.000000e+00
    endloop
  endfacet
  facet normal 0.000000e+00 0.000000e+00 1.000000e+00
    outer loop
      vertex   4.983825e+01 1.297687e+01 3.000000e+00
      vertex   2.735303e+01 1.247086e+01 3.000000e+00
      vertex   5.025016e+01 1.127705e+01 3.000000e+00
    endloop
  endfacet
  facet normal 0.000000e+00 0.000000e+00 1.000000e+00
    outer loop
      vertex   5.025016e+01 1.127705e+01 3.000000e+00
      vertex   2.735303e+01 1.247086e+01 3.000000e+00
      vertex   2.820208e+01 1.238357e+01 3.000000e+00
    endloop
  endfacet
  facet normal 0.000000e+00 0.000000e+00 1.000000e+00
    outer loop
      vertex   5.025016e+01 1.127705e+01 3.000000e+00
      vertex   2.820208e+01 1.238357e+01 3.000000e+00
      vertex   2.904320e+01 1.223855e+01 3.000000e+00
    endloop
  endfacet
  facet normal 0.000000e+00 0.000000e+00 1.000000e+00
    outer loop
      vertex   2.904320e+01 1.223855e+01 3.000000e+00
      vertex   2.987246e+01 1.203647e+01 3.000000e+00
      vertex   5.025016e+01 1.127705e+01 3.000000e+00
    endloop
  endfacet
  facet normal 0.000000e+00 0.000000e+00 1.000000e+00
    outer loop
      vertex   5.025016e+01 1.127705e+01 3.000000e+00
      vertex   2.987246e+01 1.203647e+01 3.000000e+00
      vertex   3.068600e+01 1.177826e+01 3.000000e+00
    endloop
  endfacet
  facet normal 0.000000e+00 0.000000e+00 1.000000e+00
    outer loop
      vertex   5.025016e+01 1.127705e+01 3.000000e+00
      vertex   3.068600e+01 1.177826e+01 3.000000e+00
      vertex   3.148001e+01 1.146514e+01 3.000000e+00
    endloop
  endfacet
  facet normal 0.000000e+00 0.000000e+00 1.000000e+00
    outer loop
      vertex   3.148001e+01 1.146514e+01 3.000000e+00
      vertex   3.225081e+01 1.109857e+01 3.000000e+00
      vertex   5.025016e+01 1.127705e+01 3.000000e+00
    endloop
  endfacet
  facet normal 0.000000e+00 0.000000e+00 1.000000e+00
    outer loop
      vertex   5.025016e+01 1.127705e+01 3.000000e+00
      vertex   3.225081e+01 1.109857e+01 3.000000e+00
      vertex   5.060411e+01 9.564218e+00 3.000000e+00
    endloop
  endfacet
  facet normal 0.000000e+00 0.000000e+00 1.000000e+00
    outer loop
      vertex   5.060411e+01 9.564218e+00 3.000000e+00
      vertex   3.225081e+01 1.109857e+01 3.000000e+00
      vertex   3.299480e+01 1.068024e+01 3.000000e+00
    endloop
  endfacet
  facet normal 0.000000e+00 0.000000e+00 1.000000e+00
    outer loop
      vertex   5.060411e+01 9.564218e+00 3.000000e+00
      vertex   3.299480e+01 1.068024e+01 3.000000e+00
      vertex   3.370850e+01 1.021212e+01 3.000000e+00
    endloop
  endfacet
  facet normal 0.000000e+00 0.000000e+00 1.000000e+00
    outer loop
      vertex   3.370850e+01 1.021212e+01 3.000000e+00
      vertex   3.438860e+01 9.696391e+00 3.000000e+00
      vertex   5.060411e+01 9.564218e+00 3.000000e+00
    endloop
  endfacet
  facet normal 0.000000e+00 0.000000e+00 1.000000e+00
    outer loop
      vertex   5.060411e+01 9.564218e+00 3.000000e+00
      vertex   3.438860e+01 9.696391e+00 3.000000e+00
      vertex   3.503191e+01 9.135450e+00 3.000000e+00
    endloop
  endfacet
  facet normal 0.000000e+00 0.000000e+00 1.000000e+00
    outer loop
      vertex   5.060411e+01 9.564218e+00 3.000000e+00
      vertex   3.503191e+01 9.135450e+00 3.000000e+00
      vertex   5.089969e+01 7.840357e+00 3.000000e+00
    endloop
  endfacet
  facet normal 0.000000e+00 0.000000e+00 1.000000e+00
    outer loop
      vertex   5.089969e+01 7.840357e+00 3.000000e+00
      vertex   3.503191e+01 9.135450e+00 3.000000e+00
      vertex   3.563545e+01 8.531914e+00 3.000000e+00
    endloop
  endfacet
  facet normal 0.000000e+00 0.000000e+00 1.000000e+00
    outer loop
      vertex   5.089969e+01 7.840357e+00 3.000000e+00
      vertex   3.563545e+01 8.531914e+00 3.000000e+00
      vertex   3.619639e+01 7.888599e+00 3.000000e+00
    endloop
  endfacet
  facet normal 0.000000e+00 0.000000e+00 1.000000e+00
    outer loop
      vertex   3.619639e+01 7.888599e+00 3.000000e+00
      vertex   3.671212e+01 7.208504e+00 3.000000e+00
      vertex   5.089969e+01 7.840357e+00 3.000000e+00
    endloop
  endfacet
  facet normal 0.000000e+00 0.000000e+00 1.000000e+00
    outer loop
      vertex   5.089969e+01 7.840357e+00 3.000000e+00
      vertex   3.671212e+01 7.208504e+00 3.000000e+00
      vertex   5.113657e+01 6.107453e+00 3.000000e+00
    endloop
  endfacet
  facet normal 0.000000e+00 0.000000e+00 1.000000e+00
    outer loop
      vertex   5.113657e+01 6.107453e+00 3.000000e+00
      vertex   3.671212e+01 7.208504e+00 3.000000e+00
      vertex   3.718024e+01 6.494799e+00 3.000000e+00
    endloop
  endfacet
  facet normal 0.000000e+00 0.000000e+00 1.000000e+00
    outer loop
      vertex   5.113657e+01 6.107453e+00 3.000000e+00
      vertex   3.718024e+01 6.494799e+00 3.000000e+00
      vertex   3.759857e+01 5.750813e+00 3.000000e+00
    endloop
  endfacet
  facet normal 0.000000e+00 0.000000e+00 1.000000e+00
    outer loop
      vertex   5.113657e+01 6.107453e+00 3.000000e+00
      vertex   3.759857e+01 5.750813e+00 3.000000e+00
      vertex   5.131447e+01 4.367505e+00 3.000000e+00
    endloop
  endfacet
  facet normal 0.000000e+00 0.000000e+00 1.000000e+00
    outer loop
      vertex   5.131447e+01 4.367505e+00 3.000000e+00
      vertex   3.759857e+01 5.750813e+00 3.000000e+00
      vertex   3.796514e+01 4.980014e+00 3.000000e+00
    endloop
  endfacet
  facet normal 0.000000e+00 0.000000e+00 1.000000e+00
    outer loop
      vertex   5.131447e+01 4.367505e+00 3.000000e+00
      vertex   3.796514e+01 4.980014e+00 3.000000e+00
      vertex   3.827826e+01 4.185995e+00 3.000000e+00
    endloop
  endfacet
  facet normal 0.000000e+00 0.000000e+00 1.000000e+00
    outer loop
      vertex   5.131447e+01 4.367505e+00 3.000000e+00
      vertex   3.827826e+01 4.185995e+00 3.000000e+00
      vertex   5.143318e+01 2.622520e+00 3.000000e+00
    endloop
  endfacet
  facet normal 0.000000e+00 0.000000e+00 1.000000e+00
    outer loop
      vertex   5.143318e+01 2.622520e+00 3.000000e+00
      vertex   3.827826e+01 4.185995e+00 3.000000e+00
      vertex   3.853647e+01 3.372460e+00 3.000000e+00
    endloop
  endfacet
  facet normal 0.000000e+00 0.000000e+00 1.000000e+00
    outer loop
      vertex   5.143318e+01 2.622520e+00 3.000000e+00
      vertex   3.853647e+01 3.372460e+00 3.000000e+00
      vertex   3.873855e+01 2.543200e+00 3.000000e+00
    endloop
  endfacet
  facet normal 0.000000e+00 0.000000e+00 1.000000e+00
    outer loop
      vertex   5.143318e+01 2.622520e+00 3.000000e+00
      vertex   3.873855e+01 2.543200e+00 3.000000e+00
      vertex   5.149257e+01 8.745094e-01 3.000000e+00
    endloop
  endfacet
  facet normal 0.000000e+00 0.000000e+00 1.000000e+00
    outer loop
      vertex   5.149257e+01 8.745094e-01 3.000000e+00
      vertex   3.873855e+01 2.543200e+00 3.000000e+00
      vertex   3.888357e+01 1.702083e+00 3.000000e+00
    endloop
  endfacet
  facet normal 0.000000e+00 0.000000e+00 1.000000e+00
    outer loop
      vertex   5.149257e+01 8.745094e-01 3.000000e+00
      vertex   3.888357e+01 1.702083e+00 3.000000e+00
      vertex   3.897086e+01 8.530302e-01 3.000000e+00
    endloop
  endfacet
  facet normal 0.000000e+00 0.000000e+00 1.000000e+00
    outer loop
      vertex   5.149257e+01 8.745094e-01 3.000000e+00
      vertex   3.897086e+01 8.530302e-01 3.000000e+00
      vertex   5.149257e+01 -8.745094e-01 3.000000e+00
    endloop
  endfacet
  facet normal 0.000000e+00 0.000000e+00 1.000000e+00
    outer loop
      vertex   5.149257e+01 -8.745094e-01 3.000000e+00
      vertex   3.897086e+01 8.530302e-01 3.000000e+00
      vertex   3.900000e+01 0.000000e+00 3.000000e+00
    endloop
  endfacet
  facet normal 0.000000e+00 0.000000e+00 1.000000e+00
    outer loop
      vertex   5.149257e+01 -8.745094e-01 3.000000e+00
      vertex   3.900000e+01 0.000000e+00 3.000000e+00
      vertex   3.897086e+01 -8.530302e-01 3.000000e+00
    endloop
  endfacet
  facet normal 0.000000e+00 0.000000e+00 1.000000e+00
    outer loop
      vertex   3.897086e+01 -8.530302e-01 3.000000e+00
      vertex   3.888357e+01 -1.702083e+00 3.000000e+00
      vertex   5.149257e+01 -8.745094e-01 3.000000e+00
    endloop
  endfacet
  facet normal 0.000000e+00 0.000000e+00 1.000000e+00
    outer loop
      vertex   5.149257e+01 -8.745094e-01 3.000000e+00
      vertex   3.888357e+01 -1.702083e+00 3.000000e+00
      vertex   5.143318e+01 -2.622520e+00 3.000000e+00
    endloop
  endfacet
  facet normal 0.000000e+00 0.000000e+00 1.000000e+00
    outer loop
      vertex   5.143318e+01 -2.622520e+00 3.000000e+00
      vertex   3.888357e+01 -1.702083e+00 3.000000e+00
      vertex   3.873855e+01 -2.543200e+00 3.000000e+00
    endloop
  endfacet
  facet normal 0.000000e+00 0.000000e+00 1.000000e+00
    outer loop
      vertex   5.143318e+01 -2.622520e+00 3.000000e+00
      vertex   3.873855e+01 -2.543200e+00 3.000000e+00
      vertex   3.853647e+01 -3.372460e+00 3.000000e+00
    endloop
  endfacet
  facet normal 0.000000e+00 0.000000e+00 1.000000e+00
    outer loop
      vertex   5.143318e+01 -2.622520e+00 3.000000e+00
      vertex   3.853647e+01 -3.372460e+00 3.000000e+00
      vertex   5.131447e+01 -4.367505e+00 3.000000e+00
    endloop
  endfacet
  facet normal 0.000000e+00 0.000000e+00 1.000000e+00
    outer loop
      vertex   5.131447e+01 -4.367505e+00 3.000000e+00
      vertex   3.853647e+01 -3.372460e+00 3.000000e+00
      vertex   3.827826e+01 -4.185995e+00 3.000000e+00
    endloop
  endfacet
  facet normal 0.000000e+00 0.000000e+00 1.000000e+00
    outer loop
      vertex   5.131447e+01 -4.367505e+00 3.000000e+00
      vertex   3.827826e+01 -4.185995e+00 3.000000e+00
      vertex   3.796514e+01 -4.980014e+00 3.000000e+00
    endloop
  endfacet
  facet normal 0.000000e+00 0.000000e+00 1.000000e+00
    outer loop
      vertex   5.131447e+01 -4.367505e+00 3.000000e+00
      vertex   3.796514e+01 -4.980014e+00 3.000000e+00
      vertex   5.113657e+01 -6.107453e+00 3.000000e+00
    endloop
  endfacet
  facet normal 0.000000e+00 0.000000e+00 1.000000e+00
    outer loop
      vertex   5.113657e+01 -6.107453e+00 3.000000e+00
      vertex   3.796514e+01 -4.980014e+00 3.000000e+00
      vertex   3.759857e+01 -5.750813e+00 3.000000e+00
    endloop
  endfacet
  facet normal 0.000000e+00 0.000000e+00 1.000000e+00
    outer loop
      vertex   5.113657e+01 -6.107453e+00 3.000000e+00
      vertex   3.759857e+01 -5.750813e+00 3.000000e+00
      vertex   3.718024e+01 -6.494799e+00 3.000000e+00
    endloop
  endfacet
  facet normal 0.000000e+00 0.000000e+00 1.000000e+00
    outer loop
      vertex   5.113657e+01 -6.107453e+00 3.000000e+00
      vertex   3.718024e+01 -6.494799e+00 3.000000e+00
      vertex   5.089969e+01 -7.840357e+00 3.000000e+00
    endloop
  endfacet
  facet normal 0.000000e+00 0.000000e+00 1.000000e+00
    outer loop
      vertex   5.089969e+01 -7.840357e+00 3.000000e+00
      vertex   3.718024e+01 -6.494799e+00 3.000000e+00
      vertex   3.671212e+01 -7.208504e+00 3.000000e+00
    endloop
  endfacet
  facet normal 0.000000e+00 0.000000e+00 1.000000e+00
    outer loop
      vertex   5.089969e+01 -7.840357e+00 3.000000e+00
      vertex   3.671212e+01 -7.208504e+00 3.000000e+00
      vertex   3.619639e+01 -7.888599e+00 3.000000e+00
    endloop
  endfacet
  facet normal 0.000000e+00 0.000000e+00 1.000000e+00
    outer loop
      vertex   5.089969e+01 -7.840357e+00 3.000000e+00
      vertex   3.619639e+01 -7.888599e+00 3.000000e+00
      vertex   5.060411e+01 -9.564218e+00 3.000000e+00
    endloop
  endfacet
  facet normal 0.000000e+00 0.000000e+00 1.000000e+00
    outer loop
      vertex   5.060411e+01 -9.564218e+00 3.000000e+00
      vertex   3.619639e+01 -7.888599e+00 3.000000e+00
      vertex   3.563545e+01 -8.531914e+00 3.000000e+00
    endloop
  endfacet
  facet normal 0.000000e+00 0.000000e+00 1.000000e+00
    outer loop
      vertex   5.060411e+01 -9.564218e+00 3.000000e+00
      vertex   3.563545e+01 -8.531914e+00 3.000000e+00
      vertex   3.503191e+01 -9.135450e+00 3.000000e+00
    endloop
  endfacet
  facet normal 0.000000e+00 0.000000e+00 1.000000e+00
    outer loop
      vertex   3.503191e+01 -9.135450e+00 3.000000e+00
      vertex   3.438860e+01 -9.696391e+00 3.000000e+00
      vertex   5.060411e+01 -9.564218e+00 3.000000e+00
    endloop
  endfacet
  facet normal 0.000000e+00 0.000000e+00 1.000000e+00
    outer loop
      vertex   5.060411e+01 -9.564218e+00 3.000000e+00
      vertex   3.438860e+01 -9.696391e+00 3.000000e+00
      vertex   5.025016e+01 -1.127705e+01 3.000000e+00
    endloop
  endfacet
  facet normal 0.000000e+00 0.000000e+00 1.000000e+00
    outer loop
      vertex   5.025016e+01 -1.127705e+01 3.000000e+00
      vertex   3.438860e+01 -9.696391e+00 3.000000e+00
      vertex   3.370850e+01 -1.021212e+01 3.000000e+00
    endloop
  endfacet
  facet normal 0.000000e+00 0.000000e+00 1.000000e+00
    outer loop
      vertex   5.025016e+01 -1.127705e+01 3.000000e+00
      vertex   3.370850e+01 -1.021212e+01 3.000000e+00
      vertex   3.299480e+01 -1.068024e+01 3.000000e+00
    endloop
  endfacet
  facet normal 0.000000e+00 0.000000e+00 1.000000e+00
    outer loop
      vertex   3.299480e+01 -1.068024e+01 3.000000e+00
      vertex   3.225081e+01 -1.109857e+01 3.000000e+00
      vertex   5.025016e+01 -1.127705e+01 3.000000e+00
    endloop
  endfacet
  facet normal 0.000000e+00 0.000000e+00 1.000000e+00
    outer loop
      vertex   5.025016e+01 -1.127705e+01 3.000000e+00
      vertex   3.225081e+01 -1.109857e+01 3.000000e+00
      vertex   3.148001e+01 -1.146514e+01 3.000000e+00
    endloop
  endfacet
  facet normal 0.000000e+00 0.000000e+00 1.000000e+00
    outer loop
      vertex   5.025016e+01 -1.127705e+01 3.000000e+00
      vertex   3.148001e+01 -1.146514e+01 3.000000e+00
      vertex   4.983825e+01 -1.297687e+01 3.000000e+00
    endloop
  endfacet
  facet normal 0.000000e+00 0.000000e+00 1.000000e+00
    outer loop
      vertex   4.983825e+01 -1.297687e+01 3.000000e+00
      vertex   3.148001e+01 -1.146514e+01 3.000000e+00
      vertex   3.068600e+01 -1.177826e+01 3.000000e+00
    endloop
  endfacet
  facet normal 0.000000e+00 0.000000e+00 1.000000e+00
    outer loop
      vertex   4.983825e+01 -1.297687e+01 3.000000e+00
      vertex   3.068600e+01 -1.177826e+01 3.000000e+00
      vertex   2.987246e+01 -1.203647e+01 3.000000e+00
    endloop
  endfacet
  facet normal 0.000000e+00 0.000000e+00 1.000000e+00
    outer loop
      vertex   2.987246e+01 -1.203647e+01 3.000000e+00
      vertex   2.904320e+01 -1.223855e+01 3.000000e+00
      vertex   4.983825e+01 -1.297687e+01 3.000000e+00
    endloop
  endfacet
  facet normal 0.000000e+00 0.000000e+00 1.000000e+00
    outer loop
      vertex   4.983825e+01 -1.297687e+01 3.000000e+00
      vertex   2.904320e+01 -1.223855e+01 3.000000e+00
      vertex   2.820208e+01 -1.238357e+01 3.000000e+00
    endloop
  endfacet
  facet normal 0.000000e+00 0.000000e+00 1.000000e+00
    outer loop
      vertex   4.983825e+01 -1.297687e+01 3.000000e+00
      vertex   2.820208e+01 -1.238357e+01 3.000000e+00
      vertex   2.735303e+01 -1.247086e+01 3.000000e+00
    endloop
  endfacet
  facet normal 0.000000e+00 0.000000e+00 1.000000e+00
    outer loop
      vertex   2.735303e+01 -1.247086e+01 3.000000e+00
      vertex   2.650000e+01 -1.250000e+01 3.000000e+00
      vertex   4.983825e+01 -1.297687e+01 3.000000e+00
    endloop
  endfacet
  facet normal 0.000000e+00 0.000000e+00 1.000000e+00
    outer loop
      vertex   -3.897086e+01 -8.530302e-01 3.000000e+00
      vertex   -3.900000e+01 1.530808e-15 3.000000e+00
      vertex   -5.150000e+01 -6.306931e-15 3.000000e+00
    endloop
  endfacet
  facet normal 0.000000e+00 0.000000e+00 1.000000e+00
    outer loop
      vertex   -5.150000e+01 -6.306931e-15 3.000000e+00
      vertex   -3.900000e+01 1.530808e-15 3.000000e+00
      vertex   -3.897086e+01 8.530302e-01 3.000000e+00
    endloop
  endfacet
  facet normal 0.000000e+00 0.000000e+00 1.000000e+00
    outer loop
      vertex   -5.150000e+01 -6.306931e-15 3.000000e+00
      vertex   -3.897086e+01 8.530302e-01 3.000000e+00
      vertex   -3.888357e+01 1.702083e+00 3.000000e+00
    endloop
  endfacet
  facet normal 0.000000e+00 0.000000e+00 1.000000e+00
    outer loop
      vertex   -5.150000e+01 -6.306931e-15 3.000000e+00
      vertex   -3.888357e+01 1.702083e+00 3.000000e+00
      vertex   -5.147030e+01 1.748767e+00 3.000000e+00
    endloop
  endfacet
  facet normal -0.000000e+00 0.000000e+00 1.000000e+00
    outer loop
      vertex   -5.147030e+01 1.748767e+00 3.000000e+00
      vertex   -3.888357e+01 1.702083e+00 3.000000e+00
      vertex   -3.873855e+01 2.543200e+00 3.000000e+00
    endloop
  endfacet
  facet normal 0.000000e+00 0.000000e+00 1.000000e+00
    outer loop
      vertex   -5.147030e+01 1.748767e+00 3.000000e+00
      vertex   -3.873855e+01 2.543200e+00 3.000000e+00
      vertex   -3.853647e+01 3.372460e+00 3.000000e+00
    endloop
  endfacet
  facet normal 0.000000e+00 0.000000e+00 1.000000e+00
    outer loop
      vertex   -5.147030e+01 1.748767e+00 3.000000e+00
      vertex   -3.853647e+01 3.372460e+00 3.000000e+00
      vertex   -5.138124e+01 3.495516e+00 3.000000e+00
    endloop
  endfacet
  facet normal -0.000000e+00 0.000000e+00 1.000000e+00
    outer loop
      vertex   -5.138124e+01 3.495516e+00 3.000000e+00
      vertex   -3.853647e+01 3.372460e+00 3.000000e+00
      vertex   -3.827826e+01 4.185995e+00 3.000000e+00
    endloop
  endfacet
  facet normal 0.000000e+00 0.000000e+00 1.000000e+00
    outer loop
      vertex   -5.138124e+01 3.495516e+00 3.000000e+00
      vertex   -3.827826e+01 4.185995e+00 3.000000e+00
      vertex   -3.796514e+01 4.980014e+00 3.000000e+00
    endloop
  endfacet
  facet normal 0.000000e+00 0.000000e+00 1.000000e+00
    outer loop
      vertex   -5.138124e+01 3.495516e+00 3.000000e+00
      vertex   -3.796514e+01 4.980014e+00 3.000000e+00
      vertex   -5.123291e+01 5.238234e+00 3.000000e+00
    endloop
  endfacet
  facet normal -0.000000e+00 0.000000e+00 1.000000e+00
    outer loop
      vertex   -5.123291e+01 5.238234e+00 3.000000e+00
      vertex   -3.796514e+01 4.980014e+00 3.000000e+00
      vertex   -3.759857e+01 5.750813e+00 3.000000e+00
    endloop
  endfacet
  facet normal 0.000000e+00 0.000000e+00 1.000000e+00
    outer loop
      vertex   -5.123291e+01 5.238234e+00 3.000000e+00
      vertex   -3.759857e+01 5.750813e+00 3.000000e+00
      vertex   -3.718024e+01 6.494799e+00 3.000000e+00
    endloop
  endfacet
  facet normal 0.000000e+00 0.000000e+00 1.000000e+00
    outer loop
      vertex   -5.123291e+01 5.238234e+00 3.000000e+00
      vertex   -3.718024e+01 6.494799e+00 3.000000e+00
      vertex   -5.102549e+01 6.974911e+00 3.000000e+00
    endloop
  endfacet
  facet normal -0.000000e+00 0.000000e+00 1.000000e+00
    outer loop
      vertex   -5.102549e+01 6.974911e+00 3.000000e+00
      vertex   -3.718024e+01 6.494799e+00 3.000000e+00
      vertex   -3.671212e+01 7.208504e+00 3.000000e+00
    endloop
  endfacet
  facet normal 0.000000e+00 0.000000e+00 1.000000e+00
    outer loop
      vertex   -5.102549e+01 6.974911e+00 3.000000e+00
      vertex   -3.671212e+01 7.208504e+00 3.000000e+00
      vertex   -3.619639e+01 7.888599e+00 3.000000e+00
    endloop
  endfacet
  facet normal 0.000000e+00 -0.000000e+00 1.000000e+00
    outer loop
      vertex   -3.619639e+01 7.888599e+00 3.000000e+00
      vertex   -3.563545e+01 8.531914e+00 3.000000e+00
      vertex   -5.102549e+01 6.974911e+00 3.000000e+00
    endloop
  endfacet
  facet normal 0.000000e+00 0.000000e+00 1.000000e+00
    outer loop
      vertex   -5.102549e+01 6.974911e+00 3.000000e+00
      vertex   -3.563545e+01 8.531914e+00 3.000000e+00
      vertex   -5.075922e+01 8.703542e+00 3.000000e+00
    endloop
  endfacet
  facet normal -0.000000e+00 0.000000e+00 1.000000e+00
    outer loop
      vertex   -5.075922e+01 8.703542e+00 3.000000e+00
      vertex   -3.563545e+01 8.531914e+00 3.000000e+00
      vertex   -3.503191e+01 9.135450e+00 3.000000e+00
    endloop
  endfacet
  facet normal 0.000000e+00 0.000000e+00 1.000000e+00
    outer loop
      vertex   -5.075922e+01 8.703542e+00 3.000000e+00
      vertex   -3.503191e+01 9.135450e+00 3.000000e+00
      vertex   -3.438860e+01 9.696391e+00 3.000000e+00
    endloop
  endfacet
  facet normal 0.000000e+00 -0.000000e+00 1.000000e+00
    outer loop
      vertex   -3.438860e+01 9.696391e+00 3.000000e+00
      vertex   -3.370850e+01 1.021212e+01 3.000000e+00
      vertex   -5.075922e+01 8.703542e+00 3.000000e+00
    endloop
  endfacet
  facet normal 0.000000e+00 0.000000e+00 1.000000e+00
    outer loop
      vertex   -5.075922e+01 8.703542e+00 3.000000e+00
      vertex   -3.370850e+01 1.021212e+01 3.000000e+00
      vertex   -5.043440e+01 1.042214e+01 3.000000e+00
    endloop
  endfacet
  facet normal -0.000000e+00 0.000000e+00 1.000000e+00
    outer loop
      vertex   -5.043440e+01 1.042214e+01 3.000000e+00
      vertex   -3.370850e+01 1.021212e+01 3.000000e+00
      vertex   -3.299480e+01 1.068024e+01 3.000000e+00
    endloop
  endfacet
  facet normal 0.000000e+00 0.000000e+00 1.000000e+00
    outer loop
      vertex   -5.043440e+01 1.042214e+01 3.000000e+00
      vertex   -3.299480e+01 1.068024e+01 3.000000e+00
      vertex   -3.225081e+01 1.109857e+01 3.000000e+00
    endloop
  endfacet
  facet normal 0.000000e+00 -0.000000e+00 1.000000e+00
    outer loop
      vertex   -3.225081e+01 1.109857e+01 3.000000e+00
      vertex   -3.148001e+01 1.146514e+01 3.000000e+00
      vertex   -5.043440e+01 1.042214e+01 3.000000e+00
    endloop
  endfacet
  facet normal 0.000000e+00 0.000000e+00 1.000000e+00
    outer loop
      vertex   -5.043440e+01 1.042214e+01 3.000000e+00
      vertex   -3.148001e+01 1.146514e+01 3.000000e+00
      vertex   -3.068600e+01 1.177826e+01 3.000000e+00
    endloop
  endfacet
  facet normal 0.000000e+00 0.000000e+00 1.000000e+00
    outer loop
      vertex   -5.043440e+01 1.042214e+01 3.000000e+00
      vertex   -3.068600e+01 1.177826e+01 3.000000e+00
      vertex   -2.987246e+01 1.203647e+01 3.000000e+00
    endloop
  endfacet
  facet normal 0.000000e+00 0.000000e+00 1.000000e+00
    outer loop
      vertex   -5.043440e+01 1.042214e+01 3.000000e+00
      vertex   -2.987246e+01 1.203647e+01 3.000000e+00
      vertex   -5.005142e+01 1.212871e+01 3.000000e+00
    endloop
  endfacet
  facet normal -0.000000e+00 0.000000e+00 1.000000e+00
    outer loop
      vertex   -5.005142e+01 1.212871e+01 3.000000e+00
      vertex   -2.987246e+01 1.203647e+01 3.000000e+00
      vertex   -2.904320e+01 1.223855e+01 3.000000e+00
    endloop
  endfacet
  facet normal 0.000000e+00 0.000000e+00 1.000000e+00
    outer loop
      vertex   -5.005142e+01 1.212871e+01 3.000000e+00
      vertex   -2.904320e+01 1.223855e+01 3.000000e+00
      vertex   -2.820208e+01 1.238357e+01 3.000000e+00
    endloop
  endfacet
  facet normal 0.000000e+00 -0.000000e+00 1.000000e+00
    outer loop
      vertex   -2.820208e+01 1.238357e+01 3.000000e+00
      vertex   -2.735303e+01 1.247086e+01 3.000000e+00
      vertex   -5.005142e+01 1.212871e+01 3.000000e+00
    endloop
  endfacet
  facet normal 0.000000e+00 0.000000e+00 1.000000e+00
    outer loop
      vertex   -5.005142e+01 1.212871e+01 3.000000e+00
      vertex   -2.735303e+01 1.247086e+01 3.000000e+00
      vertex   -2.650000e+01 1.250000e+01 3.000000e+00
    endloop
  endfacet
  facet normal 0.000000e+00 0.000000e+00 1.000000e+00
    outer loop
      vertex   -5.005142e+01 1.212871e+01 3.000000e+00
      vertex   -2.650000e+01 1.250000e+01 3.000000e+00
      vertex   -4.961070e+01 1.382129e+01 3.000000e+00
    endloop
  endfacet
  facet normal -0.000000e+00 0.000000e+00 1.000000e+00
    outer loop
      vertex   -4.961070e+01 1.382129e+01 3.000000e+00
      vertex   -2.650000e+01 1.250000e+01 3.000000e+00
      vertex   -4.911277e+01 1.549793e+01 3.000000e+00
    endloop
  endfacet
  facet normal -0.000000e+00 0.000000e+00 1.000000e+00
    outer loop
      vertex   -4.911277e+01 1.549793e+01 3.000000e+00
      vertex   -2.650000e+01 1.250000e+01 3.000000e+00
      vertex   -4.855819e+01 1.715670e+01 3.000000e+00
    endloop
  endfacet
  facet normal -0.000000e+00 0.000000e+00 1.000000e+00
    outer loop
      vertex   -4.855819e+01 1.715670e+01 3.000000e+00
      vertex   -2.650000e+01 1.250000e+01 3.000000e+00
      vertex   -4.794760e+01 1.879568e+01 3.000000e+00
    endloop
  endfacet
  facet normal -0.000000e+00 0.000000e+00 1.000000e+00
    outer loop
      vertex   -4.794760e+01 1.879568e+01 3.000000e+00
      vertex   -2.650000e+01 1.250000e+01 3.000000e+00
      vertex   -4.728171e+01 2.041298e+01 3.000000e+00
    endloop
  endfacet
  facet normal -0.000000e+00 0.000000e+00 1.000000e+00
    outer loop
      vertex   -4.728171e+01 2.041298e+01 3.000000e+00
      vertex   -2.650000e+01 1.250000e+01 3.000000e+00
      vertex   -4.656129e+01 2.200673e+01 3.000000e+00
    endloop
  endfacet
  facet normal -0.000000e+00 0.000000e+00 1.000000e+00
    outer loop
      vertex   -4.656129e+01 2.200673e+01 3.000000e+00
      vertex   -2.650000e+01 1.250000e+01 3.000000e+00
      vertex   -4.578716e+01 2.357511e+01 3.000000e+00
    endloop
  endfacet
  facet normal -0.000000e+00 0.000000e+00 1.000000e+00
    outer loop
      vertex   -4.578716e+01 2.357511e+01 3.000000e+00
      vertex   -2.650000e+01 1.250000e+01 3.000000e+00
      vertex   -4.496023e+01 2.511629e+01 3.000000e+00
    endloop
  endfacet
  facet normal -0.000000e+00 0.000000e+00 1.000000e+00
    outer loop
      vertex   -4.496023e+01 2.511629e+01 3.000000e+00
      vertex   -2.650000e+01 1.250000e+01 3.000000e+00
      vertex   -4.408143e+01 2.662850e+01 3.000000e+00
    endloop
  endfacet
  facet normal -0.000000e+00 0.000000e+00 1.000000e+00
    outer loop
      vertex   -4.408143e+01 2.662850e+01 3.000000e+00
      vertex   -2.650000e+01 1.250000e+01 3.000000e+00
      vertex   -4.315180e+01 2.811000e+01 3.000000e+00
    endloop
  endfacet
  facet normal -0.000000e+00 0.000000e+00 1.000000e+00
    outer loop
      vertex   -4.315180e+01 2.811000e+01 3.000000e+00
      vertex   -2.650000e+01 1.250000e+01 3.000000e+00
      vertex   -4.217239e+01 2.955908e+01 3.000000e+00
    endloop
  endfacet
  facet normal -0.000000e+00 0.000000e+00 1.000000e+00
    outer loop
      vertex   -4.217239e+01 2.955908e+01 3.000000e+00
      vertex   -2.650000e+01 1.250000e+01 3.000000e+00
      vertex   -4.114434e+01 3.097407e+01 3.000000e+00
    endloop
  endfacet
  facet normal -0.000000e+00 0.000000e+00 1.000000e+00
    outer loop
      vertex   -4.114434e+01 3.097407e+01 3.000000e+00
      vertex   -2.650000e+01 1.250000e+01 3.000000e+00
      vertex   -4.006884e+01 3.235333e+01 3.000000e+00
    endloop
  endfacet
  facet normal -0.000000e+00 0.000000e+00 1.000000e+00
    outer loop
      vertex   -4.006884e+01 3.235333e+01 3.000000e+00
      vertex   -2.650000e+01 1.250000e+01 3.000000e+00
      vertex   -3.894712e+01 3.369527e+01 3.000000e+00
    endloop
  endfacet
  facet normal -0.000000e+00 0.000000e+00 1.000000e+00
    outer loop
      vertex   -3.894712e+01 3.369527e+01 3.000000e+00
      vertex   -2.650000e+01 1.250000e+01 3.000000e+00
      vertex   -3.778049e+01 3.499836e+01 3.000000e+00
    endloop
  endfacet
  facet normal -0.000000e+00 0.000000e+00 1.000000e+00
    outer loop
      vertex   -3.778049e+01 3.499836e+01 3.000000e+00
      vertex   -2.650000e+01 1.250000e+01 3.000000e+00
      vertex   -3.657027e+01 3.626107e+01 3.000000e+00
    endloop
  endfacet
  facet normal -0.000000e+00 0.000000e+00 1.000000e+00
    outer loop
      vertex   -3.657027e+01 3.626107e+01 3.000000e+00
      vertex   -2.650000e+01 1.250000e+01 3.000000e+00
      vertex   -3.531788e+01 3.748196e+01 3.000000e+00
    endloop
  endfacet
  facet normal -0.000000e+00 0.000000e+00 1.000000e+00
    outer loop
      vertex   -3.531788e+01 3.748196e+01 3.000000e+00
      vertex   -2.650000e+01 1.250000e+01 3.000000e+00
      vertex   -3.402475e+01 3.865962e+01 3.000000e+00
    endloop
  endfacet
  facet normal -0.000000e+00 0.000000e+00 1.000000e+00
    outer loop
      vertex   -3.402475e+01 3.865962e+01 3.000000e+00
      vertex   -2.650000e+01 1.250000e+01 3.000000e+00
      vertex   -3.269238e+01 3.979269e+01 3.000000e+00
    endloop
  endfacet
  facet normal -0.000000e+00 0.000000e+00 1.000000e+00
    outer loop
      vertex   -3.269238e+01 3.979269e+01 3.000000e+00
      vertex   -2.650000e+01 1.250000e+01 3.000000e+00
      vertex   -3.132230e+01 4.087987e+01 3.000000e+00
    endloop
  endfacet
  facet normal -0.000000e+00 0.000000e+00 1.000000e+00
    outer loop
      vertex   -3.132230e+01 4.087987e+01 3.000000e+00
      vertex   -2.650000e+01 1.250000e+01 3.000000e+00
      vertex   -2.991609e+01 4.191989e+01 3.000000e+00
    endloop
  endfacet
  facet normal -0.000000e+00 0.000000e+00 1.000000e+00
    outer loop
      vertex   -2.991609e+01 4.191989e+01 3.000000e+00
      vertex   -2.650000e+01 1.250000e+01 3.000000e+00
      vertex   -2.847538e+01 4.291157e+01 3.000000e+00
    endloop
  endfacet
  facet normal -0.000000e+00 0.000000e+00 1.000000e+00
    outer loop
      vertex   -2.847538e+01 4.291157e+01 3.000000e+00
      vertex   -2.650000e+01 1.250000e+01 3.000000e+00
      vertex   -2.700183e+01 4.385375e+01 3.000000e+00
    endloop
  endfacet
  facet normal -0.000000e+00 0.000000e+00 1.000000e+00
    outer loop
      vertex   -2.700183e+01 4.385375e+01 3.000000e+00
      vertex   -2.650000e+01 1.250000e+01 3.000000e+00
      vertex   -2.549713e+01 4.474535e+01 3.000000e+00
    endloop
  endfacet
  facet normal -0.000000e+00 0.000000e+00 1.000000e+00
    outer loop
      vertex   -2.549713e+01 4.474535e+01 3.000000e+00
      vertex   -2.650000e+01 1.250000e+01 3.000000e+00
      vertex   -2.396302e+01 4.558534e+01 3.000000e+00
    endloop
  endfacet
  facet normal -0.000000e+00 0.000000e+00 1.000000e+00
    outer loop
      vertex   -2.396302e+01 4.558534e+01 3.000000e+00
      vertex   -2.650000e+01 1.250000e+01 3.000000e+00
      vertex   -2.240128e+01 4.637276e+01 3.000000e+00
    endloop
  endfacet
  facet normal -0.000000e+00 0.000000e+00 1.000000e+00
    outer loop
      vertex   -2.240128e+01 4.637276e+01 3.000000e+00
      vertex   -2.650000e+01 1.250000e+01 3.000000e+00
      vertex   -2.081370e+01 4.710669e+01 3.000000e+00
    endloop
  endfacet
  facet normal -0.000000e+00 0.000000e+00 1.000000e+00
    outer loop
      vertex   -2.081370e+01 4.710669e+01 3.000000e+00
      vertex   -2.650000e+01 1.250000e+01 3.000000e+00
      vertex   -1.920211e+01 4.778628e+01 3.000000e+00
    endloop
  endfacet
  facet normal -0.000000e+00 0.000000e+00 1.000000e+00
    outer loop
      vertex   -1.920211e+01 4.778628e+01 3.000000e+00
      vertex   -2.650000e+01 1.250000e+01 3.000000e+00
      vertex   -1.756837e+01 4.841077e+01 3.000000e+00
    endloop
  endfacet
  facet normal -0.000000e+00 0.000000e+00 1.000000e+00
    outer loop
      vertex   -1.756837e+01 4.841077e+01 3.000000e+00
      vertex   -2.650000e+01 1.250000e+01 3.000000e+00
      vertex   -1.591438e+01 4.897941e+01 3.000000e+00
    endloop
  endfacet
  facet normal -0.000000e+00 0.000000e+00 1.000000e+00
    outer loop
      vertex   -1.591438e+01 4.897941e+01 3.000000e+00
      vertex   -2.650000e+01 1.250000e+01 3.000000e+00
      vertex   -1.424202e+01 4.949156e+01 3.000000e+00
    endloop
  endfacet
  facet normal -0.000000e+00 0.000000e+00 1.000000e+00
    outer loop
      vertex   -1.424202e+01 4.949156e+01 3.000000e+00
      vertex   -2.650000e+01 1.250000e+01 3.000000e+00
      vertex   -1.255324e+01 4.994663e+01 3.000000e+00
    endloop
  endfacet
  facet normal -0.000000e+00 0.000000e+00 1.000000e+00
    outer loop
      vertex   -1.255324e+01 4.994663e+01 3.000000e+00
      vertex   -2.650000e+01 1.250000e+01 3.000000e+00
      vertex   -1.084998e+01 5.034409e+01 3.000000e+00
    endloop
  endfacet
  facet normal -0.000000e+00 0.000000e+00 1.000000e+00
    outer loop
      vertex   -1.084998e+01 5.034409e+01 3.000000e+00
      vertex   -2.650000e+01 1.250000e+01 3.000000e+00
      vertex   -9.134209e+00 5.068349e+01 3.000000e+00
    endloop
  endfacet
  facet normal -0.000000e+00 0.000000e+00 1.000000e+00
    outer loop
      vertex   -9.134209e+00 5.068349e+01 3.000000e+00
      vertex   -2.650000e+01 1.250000e+01 3.000000e+00
      vertex   -7.407901e+00 5.096443e+01 3.000000e+00
    endloop
  endfacet
  facet normal -0.000000e+00 0.000000e+00 1.000000e+00
    outer loop
      vertex   -7.407901e+00 5.096443e+01 3.000000e+00
      vertex   -2.650000e+01 1.250000e+01 3.000000e+00
      vertex   -5.673048e+00 5.118659e+01 3.000000e+00
    endloop
  endfacet
  facet normal -0.000000e+00 0.000000e+00 1.000000e+00
    outer loop
      vertex   -5.673048e+00 5.118659e+01 3.000000e+00
      vertex   -2.650000e+01 1.250000e+01 3.000000e+00
      vertex   -3.931652e+00 5.134970e+01 3.000000e+00
    endloop
  endfacet
  facet normal -0.000000e+00 0.000000e+00 1.000000e+00
    outer loop
      vertex   -3.931652e+00 5.134970e+01 3.000000e+00
      vertex   -2.650000e+01 1.250000e+01 3.000000e+00
      vertex   -2.185722e+00 5.145360e+01 3.000000e+00
    endloop
  endfacet
  facet normal -0.000000e+00 0.000000e+00 1.000000e+00
    outer loop
      vertex   -2.185722e+00 5.145360e+01 3.000000e+00
      vertex   -2.650000e+01 1.250000e+01 3.000000e+00
      vertex   -4.372705e-01 5.149814e+01 3.000000e+00
    endloop
  endfacet
  facet normal 0.000000e+00 0.000000e+00 1.000000e+00
    outer loop
      vertex   -4.372705e-01 5.149814e+01 3.000000e+00
      vertex   -2.650000e+01 1.250000e+01 3.000000e+00
      vertex   1.311685e+00 5.148329e+01 3.000000e+00
    endloop
  endfacet
  facet normal 0.000000e+00 0.000000e+00 1.000000e+00
    outer loop
      vertex   1.311685e+00 5.148329e+01 3.000000e+00
      vertex   -2.650000e+01 1.250000e+01 3.000000e+00
      vertex   3.059128e+00 5.140906e+01 3.000000e+00
    endloop
  endfacet
  facet normal 0.000000e+00 0.000000e+00 1.000000e+00
    outer loop
      vertex   3.059128e+00 5.140906e+01 3.000000e+00
      vertex   -2.650000e+01 1.250000e+01 3.000000e+00
      vertex   4.803043e+00 5.127554e+01 3.000000e+00
    endloop
  endfacet
  facet normal 0.000000e+00 0.000000e+00 1.000000e+00
    outer loop
      vertex   4.803043e+00 5.127554e+01 3.000000e+00
      vertex   -2.650000e+01 1.250000e+01 3.000000e+00
      vertex   6.541418e+00 5.108287e+01 3.000000e+00
    endloop
  endfacet
  facet normal 0.000000e+00 0.000000e+00 1.000000e+00
    outer loop
      vertex   6.541418e+00 5.108287e+01 3.000000e+00
      vertex   -2.650000e+01 1.250000e+01 3.000000e+00
      vertex   8.272248e+00 5.083129e+01 3.000000e+00
    endloop
  endfacet
  facet normal 0.000000e+00 0.000000e+00 1.000000e+00
    outer loop
      vertex   8.272248e+00 5.083129e+01 3.000000e+00
      vertex   -2.650000e+01 1.250000e+01 3.000000e+00
      vertex   9.993537e+00 5.052108e+01 3.000000e+00
    endloop
  endfacet
  facet normal 0.000000e+00 0.000000e+00 1.000000e+00
    outer loop
      vertex   9.993537e+00 5.052108e+01 3.000000e+00
      vertex   -2.650000e+01 1.250000e+01 3.000000e+00
      vertex   1.170330e+01 5.015260e+01 3.000000e+00
    endloop
  endfacet
  facet normal 0.000000e+00 0.000000e+00 1.000000e+00
    outer loop
      vertex   1.170330e+01 5.015260e+01 3.000000e+00
      vertex   -2.650000e+01 1.250000e+01 3.000000e+00
      vertex   1.339956e+01 4.972627e+01 3.000000e+00
    endloop
  endfacet
  facet normal 0.000000e+00 0.000000e+00 1.000000e+00
    outer loop
      vertex   1.339956e+01 4.972627e+01 3.000000e+00
      vertex   -2.650000e+01 1.250000e+01 3.000000e+00
      vertex   1.508037e+01 4.924259e+01 3.000000e+00
    endloop
  endfacet
  facet normal 0.000000e+00 0.000000e+00 1.000000e+00
    outer loop
      vertex   1.508037e+01 4.924259e+01 3.000000e+00
      vertex   -2.650000e+01 1.250000e+01 3.000000e+00
      vertex   1.674379e+01 4.870211e+01 3.000000e+00
    endloop
  endfacet
  facet normal 0.000000e+00 0.000000e+00 1.000000e+00
    outer loop
      vertex   1.674379e+01 4.870211e+01 3.000000e+00
      vertex   -2.650000e+01 1.250000e+01 3.000000e+00
      vertex   1.838789e+01 4.810546e+01 3.000000e+00
    endloop
  endfacet
  facet normal 0.000000e+00 0.000000e+00 1.000000e+00
    outer loop
      vertex   1.838789e+01 4.810546e+01 3.000000e+00
      vertex   -2.650000e+01 1.250000e+01 3.000000e+00
      vertex   2.001079e+01 4.745333e+01 3.000000e+00
    endloop
  endfacet
  facet normal 0.000000e+00 0.000000e+00 1.000000e+00
    outer loop
      vertex   2.001079e+01 4.745333e+01 3.000000e+00
      vertex   -2.650000e+01 1.250000e+01 3.000000e+00
      vertex   2.161060e+01 4.674646e+01 3.000000e+00
    endloop
  endfacet
  facet normal 0.000000e+00 0.000000e+00 1.000000e+00
    outer loop
      vertex   2.161060e+01 4.674646e+01 3.000000e+00
      vertex   -2.650000e+01 1.250000e+01 3.000000e+00
      vertex   2.318549e+01 4.598568e+01 3.000000e+00
    endloop
  endfacet
  facet normal 0.000000e+00 0.000000e+00 1.000000e+00
    outer loop
      vertex   2.318549e+01 4.598568e+01 3.000000e+00
      vertex   -2.650000e+01 1.250000e+01 3.000000e+00
      vertex   2.473364e+01 4.517186e+01 3.000000e+00
    endloop
  endfacet
  facet normal 0.000000e+00 0.000000e+00 1.000000e+00
    outer loop
      vertex   2.473364e+01 4.517186e+01 3.000000e+00
      vertex   -2.650000e+01 1.250000e+01 3.000000e+00
      vertex   2.625326e+01 4.430594e+01 3.000000e+00
    endloop
  endfacet
  facet normal 0.000000e+00 0.000000e+00 1.000000e+00
    outer loop
      vertex   2.625326e+01 4.430594e+01 3.000000e+00
      vertex   -2.650000e+01 1.250000e+01 3.000000e+00
      vertex   2.774260e+01 4.338892e+01 3.000000e+00
    endloop
  endfacet
  facet normal 0.000000e+00 0.000000e+00 1.000000e+00
    outer loop
      vertex   2.774260e+01 4.338892e+01 3.000000e+00
      vertex   -2.650000e+01 1.250000e+01 3.000000e+00
      vertex   2.919994e+01 4.242185e+01 3.000000e+00
    endloop
  endfacet
  facet normal 0.000000e+00 0.000000e+00 1.000000e+00
    outer loop
      vertex   2.919994e+01 4.242185e+01 3.000000e+00
      vertex   -2.650000e+01 1.250000e+01 3.000000e+00
      vertex   3.062361e+01 4.140585e+01 3.000000e+00
    endloop
  endfacet
  facet normal 0.000000e+00 0.000000e+00 1.000000e+00
    outer loop
      vertex   3.062361e+01 4.140585e+01 3.000000e+00
      vertex   -2.650000e+01 1.250000e+01 3.000000e+00
      vertex   3.201195e+01 4.034210e+01 3.000000e+00
    endloop
  endfacet
  facet normal 0.000000e+00 0.000000e+00 1.000000e+00
    outer loop
      vertex   3.201195e+01 4.034210e+01 3.000000e+00
      vertex   -2.650000e+01 1.250000e+01 3.000000e+00
      vertex   3.336337e+01 3.923182e+01 3.000000e+00
    endloop
  endfacet
  facet normal 0.000000e+00 0.000000e+00 1.000000e+00
    outer loop
      vertex   3.336337e+01 3.923182e+01 3.000000e+00
      vertex   -2.650000e+01 1.250000e+01 3.000000e+00
      vertex   3.467631e+01 3.807628e+01 3.000000e+00
    endloop
  endfacet
  facet normal 0.000000e+00 0.000000e+00 1.000000e+00
    outer loop
      vertex   3.467631e+01 3.807628e+01 3.000000e+00
      vertex   -2.650000e+01 1.250000e+01 3.000000e+00
      vertex   3.594926e+01 3.687683e+01 3.000000e+00
    endloop
  endfacet
  facet normal 0.000000e+00 0.000000e+00 1.000000e+00
    outer loop
      vertex   3.594926e+01 3.687683e+01 3.000000e+00
      vertex   -2.650000e+01 1.250000e+01 3.000000e+00
      vertex   3.718074e+01 3.563485e+01 3.000000e+00
    endloop
  endfacet
  facet normal 0.000000e+00 0.000000e+00 1.000000e+00
    outer loop
      vertex   3.718074e+01 3.563485e+01 3.000000e+00
      vertex   -2.650000e+01 1.250000e+01 3.000000e+00
      vertex   3.836934e+01 3.435177e+01 3.000000e+00
    endloop
  endfacet
  facet normal 0.000000e+00 0.000000e+00 1.000000e+00
    outer loop
      vertex   3.836934e+01 3.435177e+01 3.000000e+00
      vertex   -2.650000e+01 1.250000e+01 3.000000e+00
      vertex   3.951368e+01 3.302906e+01 3.000000e+00
    endloop
  endfacet
  facet normal 0.000000e+00 0.000000e+00 1.000000e+00
    outer loop
      vertex   3.951368e+01 3.302906e+01 3.000000e+00
      vertex   -2.650000e+01 1.250000e+01 3.000000e+00
      vertex   4.061245e+01 3.166827e+01 3.000000e+00
    endloop
  endfacet
  facet normal 0.000000e+00 0.000000e+00 1.000000e+00
    outer loop
      vertex   4.061245e+01 3.166827e+01 3.000000e+00
      vertex   -2.650000e+01 1.250000e+01 3.000000e+00
      vertex   4.983825e+01 1.297687e+01 3.000000e+00
    endloop
  endfacet
  facet normal 0.000000e+00 0.000000e+00 1.000000e+00
    outer loop
      vertex   4.061245e+01 3.166827e+01 3.000000e+00
      vertex   4.983825e+01 1.297687e+01 3.000000e+00
      vertex   4.166438e+01 3.027094e+01 3.000000e+00
    endloop
  endfacet
  facet normal 0.000000e+00 0.000000e+00 1.000000e+00
    outer loop
      vertex   4.166438e+01 3.027094e+01 3.000000e+00
      vertex   4.983825e+01 1.297687e+01 3.000000e+00
      vertex   4.266825e+01 2.883870e+01 3.000000e+00
    endloop
  endfacet
  facet normal 0.000000e+00 0.000000e+00 1.000000e+00
    outer loop
      vertex   4.266825e+01 2.883870e+01 3.000000e+00
      vertex   4.983825e+01 1.297687e+01 3.000000e+00
      vertex   4.362291e+01 2.737320e+01 3.000000e+00
    endloop
  endfacet
  facet normal 0.000000e+00 0.000000e+00 1.000000e+00
    outer loop
      vertex   4.362291e+01 2.737320e+01 3.000000e+00
      vertex   4.983825e+01 1.297687e+01 3.000000e+00
      vertex   4.452725e+01 2.587613e+01 3.000000e+00
    endloop
  endfacet
  facet normal 0.000000e+00 0.000000e+00 1.000000e+00
    outer loop
      vertex   4.452725e+01 2.587613e+01 3.000000e+00
      vertex   4.983825e+01 1.297687e+01 3.000000e+00
      vertex   4.538024e+01 2.434921e+01 3.000000e+00
    endloop
  endfacet
  facet normal 0.000000e+00 0.000000e+00 1.000000e+00
    outer loop
      vertex   4.538024e+01 2.434921e+01 3.000000e+00
      vertex   4.983825e+01 1.297687e+01 3.000000e+00
      vertex   4.618088e+01 2.279421e+01 3.000000e+00
    endloop
  endfacet
  facet normal 0.000000e+00 0.000000e+00 1.000000e+00
    outer loop
      vertex   4.618088e+01 2.279421e+01 3.000000e+00
      vertex   4.983825e+01 1.297687e+01 3.000000e+00
      vertex   4.692827e+01 2.121291e+01 3.000000e+00
    endloop
  endfacet
  facet normal 0.000000e+00 0.000000e+00 1.000000e+00
    outer loop
      vertex   4.692827e+01 2.121291e+01 3.000000e+00
      vertex   4.983825e+01 1.297687e+01 3.000000e+00
      vertex   4.762152e+01 1.960715e+01 3.000000e+00
    endloop
  endfacet
  facet normal 0.000000e+00 0.000000e+00 1.000000e+00
    outer loop
      vertex   4.762152e+01 1.960715e+01 3.000000e+00
      vertex   4.983825e+01 1.297687e+01 3.000000e+00
      vertex   4.825985e+01 1.797878e+01 3.000000e+00
    endloop
  endfacet
  facet normal 0.000000e+00 0.000000e+00 1.000000e+00
    outer loop
      vertex   4.825985e+01 1.797878e+01 3.000000e+00
      vertex   4.983825e+01 1.297687e+01 3.000000e+00
      vertex   4.884252e+01 1.632967e+01 3.000000e+00
    endloop
  endfacet
  facet normal 0.000000e+00 0.000000e+00 1.000000e+00
    outer loop
      vertex   4.884252e+01 1.632967e+01 3.000000e+00
      vertex   4.983825e+01 1.297687e+01 3.000000e+00
      vertex   4.936885e+01 1.466173e+01 3.000000e+00
    endloop
  endfacet
  facet normal 0.000000e+00 0.000000e+00 1.000000e+00
    outer loop
      vertex   -2.650000e+01 -1.250000e+01 3.000000e+00
      vertex   -2.735303e+01 -1.247086e+01 3.000000e+00
      vertex   -4.961070e+01 -1.382129e+01 3.000000e+00
    endloop
  endfacet
  facet normal 0.000000e+00 0.000000e+00 1.000000e+00
    outer loop
      vertex   -4.961070e+01 -1.382129e+01 3.000000e+00
      vertex   -2.735303e+01 -1.247086e+01 3.000000e+00
      vertex   -2.820208e+01 -1.238357e+01 3.000000e+00
    endloop
  endfacet
  facet normal 0.000000e+00 0.000000e+00 1.000000e+00
    outer loop
      vertex   -4.961070e+01 -1.382129e+01 3.000000e+00
      vertex   -2.820208e+01 -1.238357e+01 3.000000e+00
      vertex   -2.904320e+01 -1.223855e+01 3.000000e+00
    endloop
  endfacet
  facet normal 0.000000e+00 -0.000000e+00 1.000000e+00
    outer loop
      vertex   -4.961070e+01 -1.382129e+01 3.000000e+00
      vertex   -2.904320e+01 -1.223855e+01 3.000000e+00
      vertex   -5.005142e+01 -1.212871e+01 3.000000e+00
    endloop
  endfacet
  facet normal -0.000000e+00 0.000000e+00 1.000000e+00
    outer loop
      vertex   -5.005142e+01 -1.212871e+01 3.000000e+00
      vertex   -2.904320e+01 -1.223855e+01 3.000000e+00
      vertex   -2.987246e+01 -1.203647e+01 3.000000e+00
    endloop
  endfacet
  facet normal 0.000000e+00 0.000000e+00 1.000000e+00
    outer loop
      vertex   -5.005142e+01 -1.212871e+01 3.000000e+00
      vertex   -2.987246e+01 -1.203647e+01 3.000000e+00
      vertex   -3.068600e+01 -1.177826e+01 3.000000e+00
    endloop
  endfacet
  facet normal 0.000000e+00 0.000000e+00 1.000000e+00
    outer loop
      vertex   -3.068600e+01 -1.177826e+01 3.000000e+00
      vertex   -3.148001e+01 -1.146514e+01 3.000000e+00
      vertex   -5.005142e+01 -1.212871e+01 3.000000e+00
    endloop
  endfacet
  facet normal 0.000000e+00 0.000000e+00 1.000000e+00
    outer loop
      vertex   -5.005142e+01 -1.212871e+01 3.000000e+00
      vertex   -3.148001e+01 -1.146514e+01 3.000000e+00
      vertex   -3.225081e+01 -1.109857e+01 3.000000e+00
    endloop
  endfacet
  facet normal 0.000000e+00 0.000000e+00 1.000000e+00
    outer loop
      vertex   -5.005142e+01 -1.212871e+01 3.000000e+00
      vertex   -3.225081e+01 -1.109857e+01 3.000000e+00
      vertex   -3.299480e+01 -1.068024e+01 3.000000e+00
    endloop
  endfacet
  facet normal 0.000000e+00 -0.000000e+00 1.000000e+00
    outer loop
      vertex   -5.005142e+01 -1.212871e+01 3.000000e+00
      vertex   -3.299480e+01 -1.068024e+01 3.000000e+00
      vertex   -5.043440e+01 -1.042214e+01 3.000000e+00
    endloop
  endfacet
  facet normal -0.000000e+00 0.000000e+00 1.000000e+00
    outer loop
      vertex   -5.043440e+01 -1.042214e+01 3.000000e+00
      vertex   -3.299480e+01 -1.068024e+01 3.000000e+00
      vertex   -3.370850e+01 -1.021212e+01 3.000000e+00
    endloop
  endfacet
  facet normal 0.000000e+00 0.000000e+00 1.000000e+00
    outer loop
      vertex   -5.043440e+01 -1.042214e+01 3.000000e+00
      vertex   -3.370850e+01 -1.021212e+01 3.000000e+00
      vertex   -3.438860e+01 -9.696391e+00 3.000000e+00
    endloop
  endfacet
  facet normal 0.000000e+00 0.000000e+00 1.000000e+00
    outer loop
      vertex   -3.438860e+01 -9.696391e+00 3.000000e+00
      vertex   -3.503191e+01 -9.135450e+00 3.000000e+00
      vertex   -5.043440e+01 -1.042214e+01 3.000000e+00
    endloop
  endfacet
  facet normal 0.000000e+00 -0.000000e+00 1.000000e+00
    outer loop
      vertex   -5.043440e+01 -1.042214e+01 3.000000e+00
      vertex   -3.503191e+01 -9.135450e+00 3.000000e+00
      vertex   -5.075922e+01 -8.703542e+00 3.000000e+00
    endloop
  endfacet
  facet normal -0.000000e+00 0.000000e+00 1.000000e+00
    outer loop
      vertex   -5.075922e+01 -8.703542e+00 3.000000e+00
      vertex   -3.503191e+01 -9.135450e+00 3.000000e+00
      vertex   -3.563545e+01 -8.531914e+00 3.000000e+00
    endloop
  endfacet
  facet normal 0.000000e+00 0.000000e+00 1.000000e+00
    outer loop
      vertex   -5.075922e+01 -8.703542e+00 3.000000e+00
      vertex   -3.563545e+01 -8.531914e+00 3.000000e+00
      vertex   -3.619639e+01 -7.888599e+00 3.000000e+00
    endloop
  endfacet
  facet normal 0.000000e+00 0.000000e+00 1.000000e+00
    outer loop
      vertex   -3.619639e+01 -7.888599e+00 3.000000e+00
      vertex   -3.671212e+01 -7.208504e+00 3.000000e+00
      vertex   -5.075922e+01 -8.703542e+00 3.000000e+00
    endloop
  endfacet
  facet normal 0.000000e+00 -0.000000e+00 1.000000e+00
    outer loop
      vertex   -5.075922e+01 -8.703542e+00 3.000000e+00
      vertex   -3.671212e+01 -7.208504e+00 3.000000e+00
      vertex   -5.102549e+01 -6.974911e+00 3.000000e+00
    endloop
  endfacet
  facet normal -0.000000e+00 0.000000e+00 1.000000e+00
    outer loop
      vertex   -5.102549e+01 -6.974911e+00 3.000000e+00
      vertex   -3.671212e+01 -7.208504e+00 3.000000e+00
      vertex   -3.718024e+01 -6.494799e+00 3.000000e+00
    endloop
  endfacet
  facet normal 0.000000e+00 0.000000e+00 1.000000e+00
    outer loop
      vertex   -5.102549e+01 -6.974911e+00 3.000000e+00
      vertex   -3.718024e+01 -6.494799e+00 3.000000e+00
      vertex   -3.759857e+01 -5.750813e+00 3.000000e+00
    endloop
  endfacet
  facet normal 0.000000e+00 -0.000000e+00 1.000000e+00
    outer loop
      vertex   -5.102549e+01 -6.974911e+00 3.000000e+00
      vertex   -3.759857e+01 -5.750813e+00 3.000000e+00
      vertex   -5.123291e+01 -5.238234e+00 3.000000e+00
    endloop
  endfacet
  facet normal -0.000000e+00 0.000000e+00 1.000000e+00
    outer loop
      vertex   -5.123291e+01 -5.238234e+00 3.000000e+00
      vertex   -3.759857e+01 -5.750813e+00 3.000000e+00
      vertex   -3.796514e+01 -4.980014e+00 3.000000e+00
    endloop
  endfacet
  facet normal 0.000000e+00 0.000000e+00 1.000000e+00
    outer loop
      vertex   -5.123291e+01 -5.238234e+00 3.000000e+00
      vertex   -3.796514e+01 -4.980014e+00 3.000000e+00
      vertex   -3.827826e+01 -4.185995e+00 3.000000e+00
    endloop
  endfacet
  facet normal 0.000000e+00 -0.000000e+00 1.000000e+00
    outer loop
      vertex   -5.123291e+01 -5.238234e+00 3.000000e+00
      vertex   -3.827826e+01 -4.185995e+00 3.000000e+00
      vertex   -5.138124e+01 -3.495516e+00 3.000000e+00
    endloop
  endfacet
  facet normal -0.000000e+00 0.000000e+00 1.000000e+00
    outer loop
      vertex   -5.138124e+01 -3.495516e+00 3.000000e+00
      vertex   -3.827826e+01 -4.185995e+00 3.000000e+00
      vertex   -3.853647e+01 -3.372460e+00 3.000000e+00
    endloop
  endfacet
  facet normal 0.000000e+00 0.000000e+00 1.000000e+00
    outer loop
      vertex   -5.138124e+01 -3.495516e+00 3.000000e+00
      vertex   -3.853647e+01 -3.372460e+00 3.000000e+00
      vertex   -3.873855e+01 -2.543200e+00 3.000000e+00
    endloop
  endfacet
  facet normal 0.000000e+00 -0.000000e+00 1.000000e+00
    outer loop
      vertex   -5.138124e+01 -3.495516e+00 3.000000e+00
      vertex   -3.873855e+01 -2.543200e+00 3.000000e+00
      vertex   -5.147030e+01 -1.748767e+00 3.000000e+00
    endloop
  endfacet
  facet normal -0.000000e+00 0.000000e+00 1.000000e+00
    outer loop
      vertex   -5.147030e+01 -1.748767e+00 3.000000e+00
      vertex   -3.873855e+01 -2.543200e+00 3.000000e+00
      vertex   -3.888357e+01 -1.702083e+00 3.000000e+00
    endloop
  endfacet
  facet normal 0.000000e+00 0.000000e+00 1.000000e+00
    outer loop
      vertex   -5.147030e+01 -1.748767e+00 3.000000e+00
      vertex   -3.888357e+01 -1.702083e+00 3.000000e+00
      vertex   -3.897086e+01 -8.530302e-01 3.000000e+00
    endloop
  endfacet
  facet normal 0.000000e+00 -0.000000e+00 1.000000e+00
    outer loop
      vertex   -5.147030e+01 -1.748767e+00 3.000000e+00
      vertex   -3.897086e+01 -8.530302e-01 3.000000e+00
      vertex   -5.150000e+01 -6.306931e-15 3.000000e+00
    endloop
  endfacet
  facet normal -9.998589e-01 -1.679917e-02 2.611116e-16
    outer loop
      vertex   -5.247037e+01 -1.763664e+00 -3.000000e+00
      vertex   -5.247037e+01 -1.763664e+00 0.000000e+00
      vertex   -5.250000e+01 -6.429396e-15 -3.000000e+00
    endloop
  endfacet
  facet normal -9.998589e-01 -1.679917e-02 0.000000e+00
    outer loop
      vertex   -5.250000e+01 -6.429396e-15 -3.000000e+00
      vertex   -5.247037e+01 -1.763664e+00 0.000000e+00
      vertex   -5.250000e+01 -6.429396e-15 0.000000e+00
    endloop
  endfacet
  facet normal -9.998589e-01 1.679917e-02 0.000000e+00
    outer loop
      vertex   -5.250000e+01 -6.429396e-15 -3.000000e+00
      vertex   -5.250000e+01 -6.429396e-15 0.000000e+00
      vertex   -5.247037e+01 1.763664e+00 -3.000000e+00
    endloop
  endfacet
  facet normal -9.998589e-01 1.679917e-02 -2.611116e-16
    outer loop
      vertex   -5.247037e+01 1.763664e+00 -3.000000e+00
      vertex   -5.250000e+01 -6.429396e-15 0.000000e+00
      vertex   -5.247037e+01 1.763664e+00 0.000000e+00
    endloop
  endfacet
  facet normal -9.987302e-01 5.037855e-02 -7.830399e-16
    outer loop
      vertex   -5.247037e+01 1.763664e+00 -3.000000e+00
      vertex   -5.247037e+01 1.763664e+00 0.000000e+00
      vertex   -5.238150e+01 3.525337e+00 -3.000000e+00
    endloop
  endfacet
  facet normal -9.987302e-01 5.037855e-02 -3.952487e-16
    outer loop
      vertex   -5.238150e+01 3.525337e+00 -3.000000e+00
      vertex   -5.247037e+01 1.763664e+00 0.000000e+00
      vertex   -5.238150e+01 3.525337e+00 0.000000e+00
    endloop
  endfacet
  facet normal -9.964741e-01 8.390106e-02 -6.582521e-16
    outer loop
      vertex   -5.238150e+01 3.525337e+00 -3.000000e+00
      vertex   -5.238150e+01 3.525337e+00 0.000000e+00
      vertex   -5.223351e+01 5.283031e+00 -3.000000e+00
    endloop
  endfacet
  facet normal -9.964741e-01 8.390106e-02 -6.706720e-16
    outer loop
      vertex   -5.223351e+01 5.283031e+00 -3.000000e+00
      vertex   -5.238150e+01 3.525337e+00 0.000000e+00
      vertex   -5.223351e+01 5.283031e+00 0.000000e+00
    endloop
  endfacet
  facet normal -9.930931e-01 1.173289e-01 -9.378806e-16
    outer loop
      vertex   -5.223351e+01 5.283031e+00 -3.000000e+00
      vertex   -5.223351e+01 5.283031e+00 0.000000e+00
      vertex   -5.202655e+01 7.034760e+00 -3.000000e+00
    endloop
  endfacet
  facet normal -9.930931e-01 1.173289e-01 0.000000e+00
    outer loop
      vertex   -5.202655e+01 7.034760e+00 -3.000000e+00
      vertex   -5.223351e+01 5.283031e+00 0.000000e+00
      vertex   -5.202655e+01 7.034760e+00 0.000000e+00
    endloop
  endfacet
  facet normal -9.885911e-01 1.506242e-01 0.000000e+00
    outer loop
      vertex   -5.202655e+01 7.034760e+00 -3.000000e+00
      vertex   -5.202655e+01 7.034760e+00 0.000000e+00
      vertex   -5.176086e+01 8.778549e+00 -3.000000e+00
    endloop
  endfacet
  facet normal -9.885911e-01 1.506242e-01 0.000000e+00
    outer loop
      vertex   -5.176086e+01 8.778549e+00 -3.000000e+00
      vertex   -5.202655e+01 7.034760e+00 0.000000e+00
      vertex   -5.176086e+01 8.778549e+00 0.000000e+00
    endloop
  endfacet
  facet normal -9.829731e-01 1.837495e-01 0.000000e+00
    outer loop
      vertex   -5.176086e+01 8.778549e+00 -3.000000e+00
      vertex   -5.176086e+01 8.778549e+00 0.000000e+00
      vertex   -5.143675e+01 1.051243e+01 -3.000000e+00
    endloop
  endfacet
  facet normal -9.829731e-01 1.837495e-01 1.827455e-15
    outer loop
      vertex   -5.143675e+01 1.051243e+01 -3.000000e+00
      vertex   -5.176086e+01 8.778549e+00 0.000000e+00
      vertex   -5.143675e+01 1.051243e+01 0.000000e+00
    endloop
  endfacet
  facet normal -9.762455e-01 2.166674e-01 1.288813e-15
    outer loop
      vertex   -5.143675e+01 1.051243e+01 -3.000000e+00
      vertex   -5.143675e+01 1.051243e+01 0.000000e+00
      vertex   -5.105456e+01 1.223444e+01 -3.000000e+00
    endloop
  endfacet
  facet normal -9.762455e-01 2.166674e-01 2.828327e-15
    outer loop
      vertex   -5.105456e+01 1.223444e+01 -3.000000e+00
      vertex   -5.143675e+01 1.051243e+01 0.000000e+00
      vertex   -5.105456e+01 1.223444e+01 0.000000e+00
    endloop
  endfacet
  facet normal -9.684158e-01 2.493407e-01 2.520388e-15
    outer loop
      vertex   -5.105456e+01 1.223444e+01 -3.000000e+00
      vertex   -5.105456e+01 1.223444e+01 0.000000e+00
      vertex   -5.061475e+01 1.394264e+01 -3.000000e+00
    endloop
  endfacet
  facet normal -9.684158e-01 2.493407e-01 3.743577e-16
    outer loop
      vertex   -5.061475e+01 1.394264e+01 -3.000000e+00
      vertex   -5.105456e+01 1.223444e+01 0.000000e+00
      vertex   -5.061475e+01 1.394264e+01 0.000000e+00
    endloop
  endfacet
  facet normal -9.594930e-01 2.817326e-01 1.038865e-16
    outer loop
      vertex   -5.061475e+01 1.394264e+01 -3.000000e+00
      vertex   -5.061475e+01 1.394264e+01 0.000000e+00
      vertex   -5.011780e+01 1.563510e+01 -3.000000e+00
    endloop
  endfacet
  facet normal -9.594930e-01 2.817326e-01 0.000000e+00
    outer loop
      vertex   -5.011780e+01 1.563510e+01 -3.000000e+00
      vertex   -5.061475e+01 1.394264e+01 0.000000e+00
      vertex   -5.011780e+01 1.563510e+01 0.000000e+00
    endloop
  endfacet
  facet normal -9.494870e-01 3.138064e-01 0.000000e+00
    outer loop
      vertex   -5.011780e+01 1.563510e+01 -3.000000e+00
      vertex   -5.011780e+01 1.563510e+01 0.000000e+00
      vertex   -4.956427e+01 1.730992e+01 -3.000000e+00
    endloop
  endfacet
  facet normal -9.494870e-01 3.138064e-01 0.000000e+00
    outer loop
      vertex   -4.956427e+01 1.730992e+01 -3.000000e+00
      vertex   -5.011780e+01 1.563510e+01 0.000000e+00
      vertex   -4.956427e+01 1.730992e+01 0.000000e+00
    endloop
  endfacet
  facet normal -9.384092e-01 3.455259e-01 0.000000e+00
    outer loop
      vertex   -4.956427e+01 1.730992e+01 -3.000000e+00
      vertex   -4.956427e+01 1.730992e+01 0.000000e+00
      vertex   -4.895479e+01 1.896519e+01 -3.000000e+00
    endloop
  endfacet
  facet normal -9.384092e-01 3.455259e-01 -8.742047e-16
    outer loop
      vertex   -4.895479e+01 1.896519e+01 -3.000000e+00
      vertex   -4.956427e+01 1.730992e+01 0.000000e+00
      vertex   -4.895479e+01 1.896519e+01 0.000000e+00
    endloop
  endfacet
  facet normal -9.262721e-01 3.768554e-01 -1.414019e-15
    outer loop
      vertex   -4.895479e+01 1.896519e+01 -3.000000e+00
      vertex   -4.895479e+01 1.896519e+01 0.000000e+00
      vertex   -4.829005e+01 2.059905e+01 -3.000000e+00
    endloop
  endfacet
  facet normal -9.262721e-01 3.768554e-01 -3.757952e-17
    outer loop
      vertex   -4.829005e+01 2.059905e+01 -3.000000e+00
      vertex   -4.895479e+01 1.896519e+01 0.000000e+00
      vertex   -4.829005e+01 2.059905e+01 0.000000e+00
    endloop
  endfacet
  facet normal -9.130893e-01 4.077596e-01 -2.517916e-16
    outer loop
      vertex   -4.829005e+01 2.059905e+01 -3.000000e+00
      vertex   -4.829005e+01 2.059905e+01 0.000000e+00
      vertex   -4.757080e+01 2.220966e+01 -3.000000e+00
    endloop
  endfacet
  facet normal -9.130893e-01 4.077596e-01 -2.517916e-16
    outer loop
      vertex   -4.757080e+01 2.220966e+01 -3.000000e+00
      vertex   -4.829005e+01 2.059905e+01 0.000000e+00
      vertex   -4.757080e+01 2.220966e+01 0.000000e+00
    endloop
  endfacet
  facet normal -8.988759e-01 4.382034e-01 -4.657194e-16
    outer loop
      vertex   -4.757080e+01 2.220966e+01 -3.000000e+00
      vertex   -4.757080e+01 2.220966e+01 0.000000e+00
      vertex   -4.679785e+01 2.379520e+01 -3.000000e+00
    endloop
  endfacet
  facet normal -8.988759e-01 4.382034e-01 0.000000e+00
    outer loop
      vertex   -4.679785e+01 2.379520e+01 -3.000000e+00
      vertex   -4.757080e+01 2.220966e+01 0.000000e+00
      vertex   -4.679785e+01 2.379520e+01 0.000000e+00
    endloop
  endfacet
  facet normal -8.836477e-01 4.681525e-01 0.000000e+00
    outer loop
      vertex   -4.679785e+01 2.379520e+01 -3.000000e+00
      vertex   -4.679785e+01 2.379520e+01 0.000000e+00
      vertex   -4.597207e+01 2.535388e+01 -3.000000e+00
    endloop
  endfacet
  facet normal -8.836477e-01 4.681525e-01 0.000000e+00
    outer loop
      vertex   -4.597207e+01 2.535388e+01 -3.000000e+00
      vertex   -4.679785e+01 2.379520e+01 0.000000e+00
      vertex   -4.597207e+01 2.535388e+01 0.000000e+00
    endloop
  endfacet
  facet normal -8.674220e-01 4.975732e-01 0.000000e+00
    outer loop
      vertex   -4.597207e+01 2.535388e+01 -3.000000e+00
      vertex   -4.597207e+01 2.535388e+01 0.000000e+00
      vertex   -4.509439e+01 2.688393e+01 -3.000000e+00
    endloop
  endfacet
  facet normal -8.674220e-01 4.975732e-01 -3.182911e-16
    outer loop
      vertex   -4.509439e+01 2.688393e+01 -3.000000e+00
      vertex   -4.597207e+01 2.535388e+01 0.000000e+00
      vertex   -4.509439e+01 2.688393e+01 0.000000e+00
    endloop
  endfacet
  facet normal -8.502171e-01 5.264322e-01 -8.164740e-16
    outer loop
      vertex   -4.509439e+01 2.688393e+01 -3.000000e+00
      vertex   -4.509439e+01 2.688393e+01 0.000000e+00
      vertex   -4.416581e+01 2.838364e+01 -3.000000e+00
    endloop
  endfacet
  facet normal -8.502171e-01 5.264322e-01 -1.726807e-15
    outer loop
      vertex   -4.416581e+01 2.838364e+01 -3.000000e+00
      vertex   -4.509439e+01 2.688393e+01 0.000000e+00
      vertex   -4.416581e+01 2.838364e+01 0.000000e+00
    endloop
  endfacet
  facet normal -8.320525e-01 5.546969e-01 -1.970662e-15
    outer loop
      vertex   -4.416581e+01 2.838364e+01 -3.000000e+00
      vertex   -4.416581e+01 2.838364e+01 0.000000e+00
      vertex   -4.318737e+01 2.985131e+01 -3.000000e+00
    endloop
  endfacet
  facet normal -8.320525e-01 5.546969e-01 6.569270e-16
    outer loop
      vertex   -4.318737e+01 2.985131e+01 -3.000000e+00
      vertex   -4.416581e+01 2.838364e+01 0.000000e+00
      vertex   -4.318737e+01 2.985131e+01 0.000000e+00
    endloop
  endfacet
  facet normal -8.129486e-01 5.823354e-01 4.027797e-16
    outer loop
      vertex   -4.318737e+01 2.985131e+01 -3.000000e+00
      vertex   -4.318737e+01 2.985131e+01 0.000000e+00
      vertex   -4.216018e+01 3.128528e+01 -3.000000e+00
    endloop
  endfacet
  facet normal -8.129486e-01 5.823354e-01 0.000000e+00
    outer loop
      vertex   -4.216018e+01 3.128528e+01 -3.000000e+00
      vertex   -4.318737e+01 2.985131e+01 0.000000e+00
      vertex   -4.216018e+01 3.128528e+01 0.000000e+00
    endloop
  endfacet
  facet normal -7.929270e-01 6.093166e-01 0.000000e+00
    outer loop
      vertex   -4.216018e+01 3.128528e+01 -3.000000e+00
      vertex   -4.216018e+01 3.128528e+01 0.000000e+00
      vertex   -4.108540e+01 3.268394e+01 -3.000000e+00
    endloop
  endfacet
  facet normal -7.929270e-01 6.093166e-01 0.000000e+00
    outer loop
      vertex   -4.108540e+01 3.268394e+01 -3.000000e+00
      vertex   -4.216018e+01 3.128528e+01 0.000000e+00
      vertex   -4.108540e+01 3.268394e+01 0.000000e+00
    endloop
  endfacet
  facet normal -7.720103e-01 6.356100e-01 0.000000e+00
    outer loop
      vertex   -4.108540e+01 3.268394e+01 -3.000000e+00
      vertex   -4.108540e+01 3.268394e+01 0.000000e+00
      vertex   -3.996424e+01 3.404569e+01 -3.000000e+00
    endloop
  endfacet
  facet normal -7.720103e-01 6.356100e-01 -2.041671e-15
    outer loop
      vertex   -3.996424e+01 3.404569e+01 -3.000000e+00
      vertex   -4.108540e+01 3.268394e+01 0.000000e+00
      vertex   -3.996424e+01 3.404569e+01 0.000000e+00
    endloop
  endfacet
  facet normal -7.502222e-01 6.611858e-01 -2.499364e-15
    outer loop
      vertex   -3.996424e+01 3.404569e+01 -3.000000e+00
      vertex   -3.996424e+01 3.404569e+01 0.000000e+00
      vertex   -3.879797e+01 3.536902e+01 -3.000000e+00
    endloop
  endfacet
  facet normal -7.502222e-01 6.611858e-01 1.054402e-15
    outer loop
      vertex   -3.879797e+01 3.536902e+01 -3.000000e+00
      vertex   -3.996424e+01 3.404569e+01 0.000000e+00
      vertex   -3.879797e+01 3.536902e+01 0.000000e+00
    endloop
  endfacet
  facet normal -7.275871e-01 6.860153e-01 4.923089e-16
    outer loop
      vertex   -3.879797e+01 3.536902e+01 -3.000000e+00
      vertex   -3.879797e+01 3.536902e+01 0.000000e+00
      vertex   -3.758790e+01 3.665242e+01 -3.000000e+00
    endloop
  endfacet
  facet normal -7.275871e-01 6.860153e-01 1.969236e-16
    outer loop
      vertex   -3.758790e+01 3.665242e+01 -3.000000e+00
      vertex   -3.879797e+01 3.536902e+01 0.000000e+00
      vertex   -3.758790e+01 3.665242e+01 0.000000e+00
    endloop
  endfacet
  facet normal -7.041307e-01 7.100704e-01 -2.813591e-17
    outer loop
      vertex   -3.758790e+01 3.665242e+01 -3.000000e+00
      vertex   -3.758790e+01 3.665242e+01 0.000000e+00
      vertex   -3.633539e+01 3.789445e+01 -3.000000e+00
    endloop
  endfacet
  facet normal -7.041307e-01 7.100704e-01 0.000000e+00
    outer loop
      vertex   -3.633539e+01 3.789445e+01 -3.000000e+00
      vertex   -3.758790e+01 3.665242e+01 0.000000e+00
      vertex   -3.633539e+01 3.789445e+01 0.000000e+00
    endloop
  endfacet
  facet normal -6.798795e-01 7.333239e-01 0.000000e+00
    outer loop
      vertex   -3.633539e+01 3.789445e+01 -3.000000e+00
      vertex   -3.633539e+01 3.789445e+01 0.000000e+00
      vertex   -3.504188e+01 3.909369e+01 -3.000000e+00
    endloop
  endfacet
  facet normal -6.798795e-01 7.333239e-01 0.000000e+00
    outer loop
      vertex   -3.504188e+01 3.909369e+01 -3.000000e+00
      vertex   -3.633539e+01 3.789445e+01 0.000000e+00
      vertex   -3.504188e+01 3.909369e+01 0.000000e+00
    endloop
  endfacet
  facet normal -6.548607e-01 7.557496e-01 0.000000e+00
    outer loop
      vertex   -3.504188e+01 3.909369e+01 -3.000000e+00
      vertex   -3.504188e+01 3.909369e+01 0.000000e+00
      vertex   -3.370880e+01 4.024881e+01 -3.000000e+00
    endloop
  endfacet
  facet normal -6.548607e-01 7.557496e-01 -1.194764e-15
    outer loop
      vertex   -3.370880e+01 4.024881e+01 -3.000000e+00
      vertex   -3.504188e+01 3.909369e+01 0.000000e+00
      vertex   -3.370880e+01 4.024881e+01 0.000000e+00
    endloop
  endfacet
  facet normal -6.291028e-01 7.773221e-01 -1.755270e-15
    outer loop
      vertex   -3.370880e+01 4.024881e+01 -3.000000e+00
      vertex   -3.370880e+01 4.024881e+01 0.000000e+00
      vertex   -3.233767e+01 4.135849e+01 -3.000000e+00
    endloop
  endfacet
  facet normal -6.291028e-01 7.773221e-01 8.579867e-17
    outer loop
      vertex   -3.233767e+01 4.135849e+01 -3.000000e+00
      vertex   -3.370880e+01 4.024881e+01 0.000000e+00
      vertex   -3.233767e+01 4.135849e+01 0.000000e+00
    endloop
  endfacet
  facet normal -6.026346e-01 7.980172e-01 -4.237102e-16
    outer loop
      vertex   -3.233767e+01 4.135849e+01 -3.000000e+00
      vertex   -3.233767e+01 4.135849e+01 0.000000e+00
      vertex   -3.093004e+01 4.242149e+01 -3.000000e+00
    endloop
  endfacet
  facet normal -6.026346e-01 7.980172e-01 -2.101940e-15
    outer loop
      vertex   -3.093004e+01 4.242149e+01 -3.000000e+00
      vertex   -3.233767e+01 4.135849e+01 0.000000e+00
      vertex   -3.093004e+01 4.242149e+01 0.000000e+00
    endloop
  endfacet
  facet normal -5.754862e-01 8.178115e-01 -2.403337e-15
    outer loop
      vertex   -3.093004e+01 4.242149e+01 -3.000000e+00
      vertex   -3.093004e+01 4.242149e+01 0.000000e+00
      vertex   -2.948749e+01 4.343660e+01 -3.000000e+00
    endloop
  endfacet
  facet normal -5.754862e-01 8.178115e-01 1.470596e-15
    outer loop
      vertex   -2.948749e+01 4.343660e+01 -3.000000e+00
      vertex   -3.093004e+01 4.242149e+01 0.000000e+00
      vertex   -2.948749e+01 4.343660e+01 0.000000e+00
    endloop
  endfacet
  facet normal -5.476882e-01 8.366825e-01 1.261303e-15
    outer loop
      vertex   -2.948749e+01 4.343660e+01 -3.000000e+00
      vertex   -2.948749e+01 4.343660e+01 0.000000e+00
      vertex   -2.801165e+01 4.440267e+01 -3.000000e+00
    endloop
  endfacet
  facet normal -5.476882e-01 8.366825e-01 0.000000e+00
    outer loop
      vertex   -2.801165e+01 4.440267e+01 -3.000000e+00
      vertex   -2.948749e+01 4.343660e+01 0.000000e+00
      vertex   -2.801165e+01 4.440267e+01 0.000000e+00
    endloop
  endfacet
  facet normal -5.192719e-01 8.546091e-01 0.000000e+00
    outer loop
      vertex   -2.801165e+01 4.440267e+01 -3.000000e+00
      vertex   -2.801165e+01 4.440267e+01 0.000000e+00
      vertex   -2.650420e+01 4.531862e+01 -3.000000e+00
    endloop
  endfacet
  facet normal -5.192719e-01 8.546091e-01 6.919927e-16
    outer loop
      vertex   -2.650420e+01 4.531862e+01 -3.000000e+00
      vertex   -2.801165e+01 4.440267e+01 0.000000e+00
      vertex   -2.650420e+01 4.531862e+01 0.000000e+00
    endloop
  endfacet
  facet normal -4.902694e-01 8.715710e-01 1.936672e-16
    outer loop
      vertex   -2.650420e+01 4.531862e+01 -3.000000e+00
      vertex   -2.650420e+01 4.531862e+01 0.000000e+00
      vertex   -2.496682e+01 4.618341e+01 -3.000000e+00
    endloop
  endfacet
  facet normal -4.902694e-01 8.715710e-01 2.257962e-15
    outer loop
      vertex   -2.496682e+01 4.618341e+01 -3.000000e+00
      vertex   -2.650420e+01 4.531862e+01 0.000000e+00
      vertex   -2.496682e+01 4.618341e+01 0.000000e+00
    endloop
  endfacet
  facet normal -4.607135e-01 8.875489e-01 1.797261e-15
    outer loop
      vertex   -2.496682e+01 4.618341e+01 -3.000000e+00
      vertex   -2.496682e+01 4.618341e+01 0.000000e+00
      vertex   -2.340126e+01 4.699607e+01 -3.000000e+00
    endloop
  endfacet
  facet normal -4.607135e-01 8.875489e-01 1.717022e-15
    outer loop
      vertex   -2.340126e+01 4.699607e+01 -3.000000e+00
      vertex   -2.496682e+01 4.618341e+01 0.000000e+00
      vertex   -2.340126e+01 4.699607e+01 0.000000e+00
    endloop
  endfacet
  facet normal -4.306375e-01 9.025250e-01 1.432232e-15
    outer loop
      vertex   -2.340126e+01 4.699607e+01 -3.000000e+00
      vertex   -2.340126e+01 4.699607e+01 0.000000e+00
      vertex   -2.180929e+01 4.775568e+01 -3.000000e+00
    endloop
  endfacet
  facet normal -4.306375e-01 9.025250e-01 -6.076770e-16
    outer loop
      vertex   -2.180929e+01 4.775568e+01 -3.000000e+00
      vertex   -2.340126e+01 4.699607e+01 0.000000e+00
      vertex   -2.180929e+01 4.775568e+01 0.000000e+00
    endloop
  endfacet
  facet normal -4.000753e-01 9.164823e-01 -7.493129e-16
    outer loop
      vertex   -2.180929e+01 4.775568e+01 -3.000000e+00
      vertex   -2.180929e+01 4.775568e+01 0.000000e+00
      vertex   -2.019269e+01 4.846138e+01 -3.000000e+00
    endloop
  endfacet
  facet normal -4.000753e-01 9.164823e-01 1.895137e-15
    outer loop
      vertex   -2.019269e+01 4.846138e+01 -3.000000e+00
      vertex   -2.180929e+01 4.775568e+01 0.000000e+00
      vertex   -2.019269e+01 4.846138e+01 0.000000e+00
    endloop
  endfacet
  facet normal -3.690616e-01 9.294049e-01 1.748227e-15
    outer loop
      vertex   -2.019269e+01 4.846138e+01 -3.000000e+00
      vertex   -2.019269e+01 4.846138e+01 0.000000e+00
      vertex   -1.855330e+01 4.911237e+01 -3.000000e+00
    endloop
  endfacet
  facet normal -3.690616e-01 9.294049e-01 4.050775e-16
    outer loop
      vertex   -1.855330e+01 4.911237e+01 -3.000000e+00
      vertex   -2.019269e+01 4.846138e+01 0.000000e+00
      vertex   -1.855330e+01 4.911237e+01 0.000000e+00
    endloop
  endfacet
  facet normal -3.376312e-01 9.412785e-01 -6.059810e-17
    outer loop
      vertex   -1.855330e+01 4.911237e+01 -3.000000e+00
      vertex   -1.855330e+01 4.911237e+01 0.000000e+00
      vertex   -1.689297e+01 4.970792e+01 -3.000000e+00
    endloop
  endfacet
  facet normal -3.376312e-01 9.412785e-01 1.768961e-15
    outer loop
      vertex   -1.689297e+01 4.970792e+01 -3.000000e+00
      vertex   -1.855330e+01 4.911237e+01 0.000000e+00
      vertex   -1.689297e+01 4.970792e+01 0.000000e+00
    endloop
  endfacet
  facet normal -3.058197e-01 9.520894e-01 1.366632e-15
    outer loop
      vertex   -1.689297e+01 4.970792e+01 -3.000000e+00
      vertex   -1.689297e+01 4.970792e+01 0.000000e+00
      vertex   -1.521357e+01 5.024736e+01 -3.000000e+00
    endloop
  endfacet
  facet normal -3.058197e-01 9.520894e-01 2.354061e-15
    outer loop
      vertex   -1.521357e+01 5.024736e+01 -3.000000e+00
      vertex   -1.689297e+01 4.970792e+01 0.000000e+00
      vertex   -1.521357e+01 5.024736e+01 0.000000e+00
    endloop
  endfacet
  facet normal -2.736630e-01 9.618256e-01 2.106534e-15
    outer loop
      vertex   -1.521357e+01 5.024736e+01 -3.000000e+00
      vertex   -1.521357e+01 5.024736e+01 0.000000e+00
      vertex   -1.351699e+01 5.073008e+01 -3.000000e+00
    endloop
  endfacet
  facet normal -2.736630e-01 9.618256e-01 -9.486167e-18
    outer loop
      vertex   -1.351699e+01 5.073008e+01 -3.000000e+00
      vertex   -1.521357e+01 5.024736e+01 0.000000e+00
      vertex   -1.351699e+01 5.073008e+01 0.000000e+00
    endloop
  endfacet
  facet normal -2.411973e-01 9.704761e-01 -2.991039e-16
    outer loop
      vertex   -1.351699e+01 5.073008e+01 -3.000000e+00
      vertex   -1.351699e+01 5.073008e+01 0.000000e+00
      vertex   -1.180516e+01 5.115553e+01 -3.000000e+00
    endloop
  endfacet
  facet normal -2.411973e-01 9.704761e-01 9.997226e-16
    outer loop
      vertex   -1.180516e+01 5.115553e+01 -3.000000e+00
      vertex   -1.351699e+01 5.073008e+01 0.000000e+00
      vertex   -1.180516e+01 5.115553e+01 0.000000e+00
    endloop
  endfacet
  facet normal -2.084594e-01 9.780310e-01 8.640294e-16
    outer loop
      vertex   -1.180516e+01 5.115553e+01 -3.000000e+00
      vertex   -1.180516e+01 5.115553e+01 0.000000e+00
      vertex   -1.007999e+01 5.152323e+01 -3.000000e+00
    endloop
  endfacet
  facet normal -2.084594e-01 9.780310e-01 0.000000e+00
    outer loop
      vertex   -1.007999e+01 5.152323e+01 -3.000000e+00
      vertex   -1.180516e+01 5.115553e+01 0.000000e+00
      vertex   -1.007999e+01 5.152323e+01 0.000000e+00
    endloop
  endfacet
  facet normal -1.754862e-01 9.844819e-01 0.000000e+00
    outer loop
      vertex   -1.007999e+01 5.152323e+01 -3.000000e+00
      vertex   -1.007999e+01 5.152323e+01 0.000000e+00
      vertex   -8.343454e+00 5.183278e+01 -3.000000e+00
    endloop
  endfacet
  facet normal -1.754862e-01 9.844819e-01 -3.574564e-16
    outer loop
      vertex   -8.343454e+00 5.183278e+01 -3.000000e+00
      vertex   -1.007999e+01 5.152323e+01 0.000000e+00
      vertex   -8.343454e+00 5.183278e+01 0.000000e+00
    endloop
  endfacet
  facet normal -1.423148e-01 9.898214e-01 -7.432892e-16
    outer loop
      vertex   -8.343454e+00 5.183278e+01 -3.000000e+00
      vertex   -8.343454e+00 5.183278e+01 0.000000e+00
      vertex   -6.597495e+00 5.208381e+01 -3.000000e+00
    endloop
  endfacet
  facet normal -1.423148e-01 9.898214e-01 1.095475e-15
    outer loop
      vertex   -6.597495e+00 5.208381e+01 -3.000000e+00
      vertex   -8.343454e+00 5.183278e+01 0.000000e+00
      vertex   -6.597495e+00 5.208381e+01 0.000000e+00
    endloop
  endfacet
  facet normal -1.089828e-01 9.940436e-01 8.389005e-16
    outer loop
      vertex   -6.597495e+00 5.208381e+01 -3.000000e+00
      vertex   -6.597495e+00 5.208381e+01 0.000000e+00
      vertex   -4.844089e+00 5.227604e+01 -3.000000e+00
    endloop
  endfacet
  facet normal -1.089828e-01 9.940436e-01 -1.515468e-15
    outer loop
      vertex   -4.844089e+00 5.227604e+01 -3.000000e+00
      vertex   -6.597495e+00 5.208381e+01 0.000000e+00
      vertex   -4.844089e+00 5.227604e+01 0.000000e+00
    endloop
  endfacet
  facet normal -7.552783e-02 9.971437e-01 -1.780332e-15
    outer loop
      vertex   -4.844089e+00 5.227604e+01 -3.000000e+00
      vertex   -4.844089e+00 5.227604e+01 0.000000e+00
      vertex   -3.085214e+00 5.240927e+01 -3.000000e+00
    endloop
  endfacet
  facet normal -7.552783e-02 9.971437e-01 3.018699e-16
    outer loop
      vertex   -3.085214e+00 5.240927e+01 -3.000000e+00
      vertex   -4.844089e+00 5.227604e+01 0.000000e+00
      vertex   -3.085214e+00 5.240927e+01 0.000000e+00
    endloop
  endfacet
  facet normal -4.198755e-02 9.991181e-01 1.678160e-16
    outer loop
      vertex   -3.085214e+00 5.240927e+01 -3.000000e+00
      vertex   -3.085214e+00 5.240927e+01 0.000000e+00
      vertex   -1.322857e+00 5.248333e+01 -3.000000e+00
    endloop
  endfacet
  facet normal -4.198755e-02 9.991181e-01 0.000000e+00
    outer loop
      vertex   -1.322857e+00 5.248333e+01 -3.000000e+00
      vertex   -3.085214e+00 5.240927e+01 0.000000e+00
      vertex   -1.322857e+00 5.248333e+01 0.000000e+00
    endloop
  endfacet
  facet normal -8.399882e-03 9.999647e-01 0.000000e+00
    outer loop
      vertex   -1.322857e+00 5.248333e+01 -3.000000e+00
      vertex   -1.322857e+00 5.248333e+01 0.000000e+00
      vertex   4.409938e-01 5.249815e+01 -3.000000e+00
    endloop
  endfacet
  facet normal -8.399882e-03 9.999647e-01 9.792029e-17
    outer loop
      vertex   4.409938e-01 5.249815e+01 -3.000000e+00
      vertex   -1.322857e+00 5.248333e+01 0.000000e+00
      vertex   4.409938e-01 5.249815e+01 0.000000e+00
    endloop
  endfacet
  facet normal 2.519727e-02 9.996825e-01 -2.937332e-16
    outer loop
      vertex   4.409938e-01 5.249815e+01 -3.000000e+00
      vertex   4.409938e-01 5.249815e+01 0.000000e+00
      vertex   2.204347e+00 5.245370e+01 -3.000000e+00
    endloop
  endfacet
  facet normal 2.519727e-02 9.996825e-01 -1.976871e-16
    outer loop
      vertex   2.204347e+00 5.245370e+01 -3.000000e+00
      vertex   4.409938e-01 5.249815e+01 0.000000e+00
      vertex   2.204347e+00 5.245370e+01 0.000000e+00
    endloop
  endfacet
  facet normal 5.876599e-02 9.982718e-01 -4.610530e-16
    outer loop
      vertex   2.204347e+00 5.245370e+01 -3.000000e+00
      vertex   2.204347e+00 5.245370e+01 0.000000e+00
      vertex   3.965211e+00 5.235004e+01 -3.000000e+00
    endloop
  endfacet
  facet normal 5.876599e-02 9.982718e-01 -4.523539e-16
    outer loop
      vertex   3.965211e+00 5.235004e+01 -3.000000e+00
      vertex   2.204347e+00 5.245370e+01 0.000000e+00
      vertex   3.965211e+00 5.235004e+01 0.000000e+00
    endloop
  endfacet
  facet normal 9.226836e-02 9.957342e-01 -7.102400e-16
    outer loop
      vertex   3.965211e+00 5.235004e+01 -3.000000e+00
      vertex   3.965211e+00 5.235004e+01 0.000000e+00
      vertex   5.721599e+00 5.218729e+01 -3.000000e+00
    endloop
  endfacet
  facet normal 9.226836e-02 9.957342e-01 -3.824369e-16
    outer loop
      vertex   5.721599e+00 5.218729e+01 -3.000000e+00
      vertex   3.965211e+00 5.235004e+01 0.000000e+00
      vertex   5.721599e+00 5.218729e+01 0.000000e+00
    endloop
  endfacet
  facet normal 1.256666e-01 9.920725e-01 -5.208669e-16
    outer loop
      vertex   5.721599e+00 5.218729e+01 -3.000000e+00
      vertex   5.721599e+00 5.218729e+01 0.000000e+00
      vertex   7.471529e+00 5.196563e+01 -3.000000e+00
    endloop
  endfacet
  facet normal 1.256666e-01 9.920725e-01 -0.000000e+00
    outer loop
      vertex   7.471529e+00 5.196563e+01 -3.000000e+00
      vertex   5.721599e+00 5.218729e+01 0.000000e+00
      vertex   7.471529e+00 5.196563e+01 0.000000e+00
    endloop
  endfacet
  facet normal 1.589229e-01 9.872910e-01 -0.000000e+00
    outer loop
      vertex   7.471529e+00 5.196563e+01 -3.000000e+00
      vertex   7.471529e+00 5.196563e+01 0.000000e+00
      vertex   9.213024e+00 5.168530e+01 -3.000000e+00
    endloop
  endfacet
  facet normal 1.589229e-01 9.872910e-01 -1.882026e-15
    outer loop
      vertex   9.213024e+00 5.168530e+01 -3.000000e+00
      vertex   7.471529e+00 5.196563e+01 0.000000e+00
      vertex   9.213024e+00 5.168530e+01 0.000000e+00
    endloop
  endfacet
  facet normal 1.919999e-01 9.813949e-01 -2.273735e-15
    outer loop
      vertex   9.213024e+00 5.168530e+01 -3.000000e+00
      vertex   9.213024e+00 5.168530e+01 0.000000e+00
      vertex   1.094412e+01 5.134663e+01 -3.000000e+00
    endloop
  endfacet
  facet normal 1.919999e-01 9.813949e-01 2.375085e-15
    outer loop
      vertex   1.094412e+01 5.134663e+01 -3.000000e+00
      vertex   9.213024e+00 5.168530e+01 0.000000e+00
      vertex   1.094412e+01 5.134663e+01 0.000000e+00
    endloop
  endfacet
  facet normal 2.248601e-01 9.743911e-01 1.952765e-15
    outer loop
      vertex   1.094412e+01 5.134663e+01 -3.000000e+00
      vertex   1.094412e+01 5.134663e+01 0.000000e+00
      vertex   1.266286e+01 5.094999e+01 -3.000000e+00
    endloop
  endfacet
  facet normal 2.248601e-01 9.743911e-01 -1.730871e-15
    outer loop
      vertex   1.266286e+01 5.094999e+01 -3.000000e+00
      vertex   1.094412e+01 5.134663e+01 0.000000e+00
      vertex   1.266286e+01 5.094999e+01 0.000000e+00
    endloop
  endfacet
  facet normal 2.574665e-01 9.662872e-01 -1.981860e-15
    outer loop
      vertex   1.266286e+01 5.094999e+01 -3.000000e+00
      vertex   1.266286e+01 5.094999e+01 0.000000e+00
      vertex   1.436731e+01 5.049585e+01 -3.000000e+00
    endloop
  endfacet
  facet normal 2.574665e-01 9.662872e-01 -9.147048e-16
    outer loop
      vertex   1.436731e+01 5.049585e+01 -3.000000e+00
      vertex   1.266286e+01 5.094999e+01 0.000000e+00
      vertex   1.436731e+01 5.049585e+01 0.000000e+00
    endloop
  endfacet
  facet normal 2.897822e-01 9.570926e-01 -1.029513e-15
    outer loop
      vertex   1.436731e+01 5.049585e+01 -3.000000e+00
      vertex   1.436731e+01 5.049585e+01 0.000000e+00
      vertex   1.605553e+01 4.998470e+01 -3.000000e+00
    endloop
  endfacet
  facet normal 2.897822e-01 9.570926e-01 -0.000000e+00
    outer loop
      vertex   1.605553e+01 4.998470e+01 -3.000000e+00
      vertex   1.436731e+01 5.049585e+01 0.000000e+00
      vertex   1.605553e+01 4.998470e+01 0.000000e+00
    endloop
  endfacet
  facet normal 3.217709e-01 9.468176e-01 -0.000000e+00
    outer loop
      vertex   1.605553e+01 4.998470e+01 -3.000000e+00
      vertex   1.605553e+01 4.998470e+01 0.000000e+00
      vertex   1.772564e+01 4.941712e+01 -3.000000e+00
    endloop
  endfacet
  facet normal 3.217709e-01 9.468176e-01 1.055550e-15
    outer loop
      vertex   1.772564e+01 4.941712e+01 -3.000000e+00
      vertex   1.605553e+01 4.998470e+01 0.000000e+00
      vertex   1.772564e+01 4.941712e+01 0.000000e+00
    endloop
  endfacet
  facet normal 3.533963e-01 9.354737e-01 6.647465e-16
    outer loop
      vertex   1.772564e+01 4.941712e+01 -3.000000e+00
      vertex   1.772564e+01 4.941712e+01 0.000000e+00
      vertex   1.937573e+01 4.879376e+01 -3.000000e+00
    endloop
  endfacet
  facet normal 3.533963e-01 9.354737e-01 2.880393e-15
    outer loop
      vertex   1.937573e+01 4.879376e+01 -3.000000e+00
      vertex   1.772564e+01 4.941712e+01 0.000000e+00
      vertex   1.937573e+01 4.879376e+01 0.000000e+00
    endloop
  endfacet
  facet normal 3.846227e-01 9.230739e-01 2.459471e-15
    outer loop
      vertex   1.937573e+01 4.879376e+01 -3.000000e+00
      vertex   1.937573e+01 4.879376e+01 0.000000e+00
      vertex   2.100395e+01 4.811532e+01 -3.000000e+00
    endloop
  endfacet
  facet normal 3.846227e-01 9.230739e-01 -5.466308e-16
    outer loop
      vertex   2.100395e+01 4.811532e+01 -3.000000e+00
      vertex   1.937573e+01 4.879376e+01 0.000000e+00
      vertex   2.100395e+01 4.811532e+01 0.000000e+00
    endloop
  endfacet
  facet normal 4.154150e-01 9.096320e-01 -7.972598e-16
    outer loop
      vertex   2.100395e+01 4.811532e+01 -3.000000e+00
      vertex   2.100395e+01 4.811532e+01 0.000000e+00
      vertex   2.260847e+01 4.738256e+01 -3.000000e+00
    endloop
  endfacet
  facet normal 4.154150e-01 9.096320e-01 -7.972598e-16
    outer loop
      vertex   2.260847e+01 4.738256e+01 -3.000000e+00
      vertex   2.100395e+01 4.811532e+01 0.000000e+00
      vertex   2.260847e+01 4.738256e+01 0.000000e+00
    endloop
  endfacet
  facet normal 4.457384e-01 8.951633e-01 -1.046989e-15
    outer loop
      vertex   2.260847e+01 4.738256e+01 -3.000000e+00
      vertex   2.260847e+01 4.738256e+01 0.000000e+00
      vertex   2.418746e+01 4.659632e+01 -3.000000e+00
    endloop
  endfacet
  facet normal 4.457384e-01 8.951633e-01 -0.000000e+00
    outer loop
      vertex   2.418746e+01 4.659632e+01 -3.000000e+00
      vertex   2.260847e+01 4.738256e+01 0.000000e+00
      vertex   2.418746e+01 4.659632e+01 0.000000e+00
    endloop
  endfacet
  facet normal 4.755585e-01 8.796841e-01 -0.000000e+00
    outer loop
      vertex   2.418746e+01 4.659632e+01 -3.000000e+00
      vertex   2.418746e+01 4.659632e+01 0.000000e+00
      vertex   2.573914e+01 4.575748e+01 -3.000000e+00
    endloop
  endfacet
  facet normal 4.755585e-01 8.796841e-01 -2.591072e-15
    outer loop
      vertex   2.573914e+01 4.575748e+01 -3.000000e+00
      vertex   2.418746e+01 4.659632e+01 0.000000e+00
      vertex   2.573914e+01 4.575748e+01 0.000000e+00
    endloop
  endfacet
  facet normal 5.048419e-01 8.632118e-01 -3.085242e-15
    outer loop
      vertex   2.573914e+01 4.575748e+01 -3.000000e+00
      vertex   2.573914e+01 4.575748e+01 0.000000e+00
      vertex   2.726177e+01 4.486698e+01 -3.000000e+00
    endloop
  endfacet
  facet normal 5.048419e-01 8.632118e-01 -2.140474e-15
    outer loop
      vertex   2.726177e+01 4.486698e+01 -3.000000e+00
      vertex   2.573914e+01 4.575748e+01 0.000000e+00
      vertex   2.726177e+01 4.486698e+01 0.000000e+00
    endloop
  endfacet
  facet normal 5.335553e-01 8.457652e-01 -2.419821e-15
    outer loop
      vertex   2.726177e+01 4.486698e+01 -3.000000e+00
      vertex   2.726177e+01 4.486698e+01 0.000000e+00
      vertex   2.875363e+01 4.392583e+01 -3.000000e+00
    endloop
  endfacet
  facet normal 5.335553e-01 8.457652e-01 -3.051677e-15
    outer loop
      vertex   2.875363e+01 4.392583e+01 -3.000000e+00
      vertex   2.726177e+01 4.486698e+01 0.000000e+00
      vertex   2.875363e+01 4.392583e+01 0.000000e+00
    endloop
  endfacet
  facet normal 5.616665e-01 8.273638e-01 -3.361583e-15
    outer loop
      vertex   2.875363e+01 4.392583e+01 -3.000000e+00
      vertex   2.875363e+01 4.392583e+01 0.000000e+00
      vertex   3.021303e+01 4.293510e+01 -3.000000e+00
    endloop
  endfacet
  facet normal 5.616665e-01 8.273638e-01 -1.366142e-15
    outer loop
      vertex   3.021303e+01 4.293510e+01 -3.000000e+00
      vertex   2.875363e+01 4.392583e+01 0.000000e+00
      vertex   3.021303e+01 4.293510e+01 0.000000e+00
    endloop
  endfacet
  facet normal 5.891436e-01 8.080284e-01 -1.574635e-15
    outer loop
      vertex   3.021303e+01 4.293510e+01 -3.000000e+00
      vertex   3.021303e+01 4.293510e+01 0.000000e+00
      vertex   3.163832e+01 4.189590e+01 -3.000000e+00
    endloop
  endfacet
  facet normal 5.891436e-01 8.080284e-01 -0.000000e+00
    outer loop
      vertex   3.163832e+01 4.189590e+01 -3.000000e+00
      vertex   3.021303e+01 4.293510e+01 0.000000e+00
      vertex   3.163832e+01 4.189590e+01 0.000000e+00
    endloop
  endfacet
  facet normal 6.159556e-01 7.877809e-01 -0.000000e+00
    outer loop
      vertex   3.163832e+01 4.189590e+01 -3.000000e+00
      vertex   3.163832e+01 4.189590e+01 0.000000e+00
      vertex   3.302790e+01 4.080941e+01 -3.000000e+00
    endloop
  endfacet
  facet normal 6.159556e-01 7.877809e-01 -1.696860e-15
    outer loop
      vertex   3.302790e+01 4.080941e+01 -3.000000e+00
      vertex   3.163832e+01 4.189590e+01 0.000000e+00
      vertex   3.302790e+01 4.080941e+01 0.000000e+00
    endloop
  endfacet
  facet normal 6.420724e-01 7.666440e-01 -2.156331e-15
    outer loop
      vertex   3.302790e+01 4.080941e+01 -3.000000e+00
      vertex   3.302790e+01 4.080941e+01 0.000000e+00
      vertex   3.438019e+01 3.967685e+01 -3.000000e+00
    endloop
  endfacet
  facet normal 6.420724e-01 7.666440e-01 -9.306428e-16
    outer loop
      vertex   3.438019e+01 3.967685e+01 -3.000000e+00
      vertex   3.302790e+01 4.080941e+01 0.000000e+00
      vertex   3.438019e+01 3.967685e+01 0.000000e+00
    endloop
  endfacet
  facet normal 6.674643e-01 7.446418e-01 -1.215287e-15
    outer loop
      vertex   3.438019e+01 3.967685e+01 -3.000000e+00
      vertex   3.438019e+01 3.967685e+01 0.000000e+00
      vertex   3.569367e+01 3.849950e+01 -3.000000e+00
    endloop
  endfacet
  facet normal 6.674643e-01 7.446418e-01 3.655862e-16
    outer loop
      vertex   3.569367e+01 3.849950e+01 -3.000000e+00
      vertex   3.438019e+01 3.967685e+01 0.000000e+00
      vertex   3.569367e+01 3.849950e+01 0.000000e+00
    endloop
  endfacet
  facet normal 6.921028e-01 7.217990e-01 1.406696e-16
    outer loop
      vertex   3.569367e+01 3.849950e+01 -3.000000e+00
      vertex   3.569367e+01 3.849950e+01 0.000000e+00
      vertex   3.696686e+01 3.727869e+01 -3.000000e+00
    endloop
  endfacet
  facet normal 6.921028e-01 7.217990e-01 2.110044e-16
    outer loop
      vertex   3.696686e+01 3.727869e+01 -3.000000e+00
      vertex   3.569367e+01 3.849950e+01 0.000000e+00
      vertex   3.696686e+01 3.727869e+01 0.000000e+00
    endloop
  endfacet
  facet normal 7.159599e-01 6.981414e-01 -1.266086e-16
    outer loop
      vertex   3.696686e+01 3.727869e+01 -3.000000e+00
      vertex   3.696686e+01 3.727869e+01 0.000000e+00
      vertex   3.819832e+01 3.601580e+01 -3.000000e+00
    endloop
  endfacet
  facet normal 7.159599e-01 6.981414e-01 -8.440574e-17
    outer loop
      vertex   3.819832e+01 3.601580e+01 -3.000000e+00
      vertex   3.696686e+01 3.727869e+01 0.000000e+00
      vertex   3.819832e+01 3.601580e+01 0.000000e+00
    endloop
  endfacet
  facet normal 7.390089e-01 6.736956e-01 -3.093858e-16
    outer loop
      vertex   3.819832e+01 3.601580e+01 -3.000000e+00
      vertex   3.819832e+01 3.601580e+01 0.000000e+00
      vertex   3.938666e+01 3.471226e+01 -3.000000e+00
    endloop
  endfacet
  facet normal 7.390089e-01 6.736956e-01 -4.640787e-16
    outer loop
      vertex   3.938666e+01 3.471226e+01 -3.000000e+00
      vertex   3.819832e+01 3.601580e+01 0.000000e+00
      vertex   3.938666e+01 3.471226e+01 0.000000e+00
    endloop
  endfacet
  facet normal 7.612237e-01 6.484894e-01 -8.010250e-16
    outer loop
      vertex   3.938666e+01 3.471226e+01 -3.000000e+00
      vertex   3.938666e+01 3.471226e+01 0.000000e+00
      vertex   4.053054e+01 3.336952e+01 -3.000000e+00
    endloop
  endfacet
  facet normal 7.612237e-01 6.484894e-01 -0.000000e+00
    outer loop
      vertex   4.053054e+01 3.336952e+01 -3.000000e+00
      vertex   3.938666e+01 3.471226e+01 0.000000e+00
      vertex   4.053054e+01 3.336952e+01 0.000000e+00
    endloop
  endfacet
  facet normal 7.825791e-01 6.225512e-01 -0.000000e+00
    outer loop
      vertex   4.053054e+01 3.336952e+01 -3.000000e+00
      vertex   4.053054e+01 3.336952e+01 0.000000e+00
      vertex   4.162867e+01 3.198912e+01 -3.000000e+00
    endloop
  endfacet
  facet normal 7.825791e-01 6.225512e-01 -2.079597e-17
    outer loop
      vertex   4.162867e+01 3.198912e+01 -3.000000e+00
      vertex   4.053054e+01 3.336952e+01 0.000000e+00
      vertex   4.162867e+01 3.198912e+01 0.000000e+00
    endloop
  endfacet
  facet normal 8.030511e-01 5.959101e-01 -2.755176e-16
    outer loop
      vertex   4.162867e+01 3.198912e+01 -3.000000e+00
      vertex   4.162867e+01 3.198912e+01 0.000000e+00
      vertex   4.267980e+01 3.057261e+01 -3.000000e+00
    endloop
  endfacet
  facet normal 8.030511e-01 5.959101e-01 -2.755176e-16
    outer loop
      vertex   4.267980e+01 3.057261e+01 -3.000000e+00
      vertex   4.162867e+01 3.198912e+01 0.000000e+00
      vertex   4.267980e+01 3.057261e+01 0.000000e+00
    endloop
  endfacet
  facet normal 8.226166e-01 5.685964e-01 -5.299282e-16
    outer loop
      vertex   4.267980e+01 3.057261e+01 -3.000000e+00
      vertex   4.267980e+01 3.057261e+01 0.000000e+00
      vertex   4.368276e+01 2.912159e+01 -3.000000e+00
    endloop
  endfacet
  facet normal 8.226166e-01 5.685964e-01 8.167787e-16
    outer loop
      vertex   4.368276e+01 2.912159e+01 -3.000000e+00
      vertex   4.267980e+01 3.057261e+01 0.000000e+00
      vertex   4.368276e+01 2.912159e+01 0.000000e+00
    endloop
  endfacet
  facet normal 8.412535e-01 5.406408e-01 4.967542e-16
    outer loop
      vertex   4.368276e+01 2.912159e+01 -3.000000e+00
      vertex   4.368276e+01 2.912159e+01 0.000000e+00
      vertex   4.463640e+01 2.763769e+01 -3.000000e+00
    endloop
  endfacet
  facet normal 8.412535e-01 5.406408e-01 -3.416476e-15
    outer loop
      vertex   4.463640e+01 2.763769e+01 -3.000000e+00
      vertex   4.368276e+01 2.912159e+01 0.000000e+00
      vertex   4.463640e+01 2.763769e+01 0.000000e+00
    endloop
  endfacet
  facet normal 8.589408e-01 5.120749e-01 -3.677467e-15
    outer loop
      vertex   4.463640e+01 2.763769e+01 -3.000000e+00
      vertex   4.463640e+01 2.763769e+01 0.000000e+00
      vertex   4.553966e+01 2.612259e+01 -3.000000e+00
    endloop
  endfacet
  facet normal 8.589408e-01 5.120749e-01 -1.036668e-15
    outer loop
      vertex   4.553966e+01 2.612259e+01 -3.000000e+00
      vertex   4.463640e+01 2.763769e+01 0.000000e+00
      vertex   4.553966e+01 2.612259e+01 0.000000e+00
    endloop
  endfacet
  facet normal 8.756584e-01 4.829310e-01 -1.288426e-15
    outer loop
      vertex   4.553966e+01 2.612259e+01 -3.000000e+00
      vertex   4.553966e+01 2.612259e+01 0.000000e+00
      vertex   4.639150e+01 2.457801e+01 -3.000000e+00
    endloop
  endfacet
  facet normal 8.756584e-01 4.829310e-01 1.357455e-15
    outer loop
      vertex   4.639150e+01 2.457801e+01 -3.000000e+00
      vertex   4.553966e+01 2.612259e+01 0.000000e+00
      vertex   4.639150e+01 2.457801e+01 0.000000e+00
    endloop
  endfacet
  facet normal 8.913876e-01 4.532419e-01 1.109248e-15
    outer loop
      vertex   4.639150e+01 2.457801e+01 -3.000000e+00
      vertex   4.639150e+01 2.457801e+01 0.000000e+00
      vertex   4.719098e+01 2.300568e+01 -3.000000e+00
    endloop
  endfacet
  facet normal 8.913876e-01 4.532419e-01 1.109248e-15
    outer loop
      vertex   4.719098e+01 2.300568e+01 -3.000000e+00
      vertex   4.639150e+01 2.457801e+01 0.000000e+00
      vertex   4.719098e+01 2.300568e+01 0.000000e+00
    endloop
  endfacet
  facet normal 9.061105e-01 4.230412e-01 8.597875e-16
    outer loop
      vertex   4.719098e+01 2.300568e+01 -3.000000e+00
      vertex   4.719098e+01 2.300568e+01 0.000000e+00
      vertex   4.793719e+01 2.140738e+01 -3.000000e+00
    endloop
  endfacet
  facet normal 9.061105e-01 4.230412e-01 -3.432414e-15
    outer loop
      vertex   4.793719e+01 2.140738e+01 -3.000000e+00
      vertex   4.719098e+01 2.300568e+01 0.000000e+00
      vertex   4.793719e+01 2.140738e+01 0.000000e+00
    endloop
  endfacet
  facet normal 9.198105e-01 3.923629e-01 -3.747741e-15
    outer loop
      vertex   4.793719e+01 2.140738e+01 -3.000000e+00
      vertex   4.793719e+01 2.140738e+01 0.000000e+00
      vertex   4.862928e+01 1.978491e+01 -3.000000e+00
    endloop
  endfacet
  facet normal 9.198105e-01 3.923629e-01 1.074008e-15
    outer loop
      vertex   4.862928e+01 1.978491e+01 -3.000000e+00
      vertex   4.793719e+01 2.140738e+01 0.000000e+00
      vertex   4.862928e+01 1.978491e+01 0.000000e+00
    endloop
  endfacet
  facet normal 9.324722e-01 3.612417e-01 7.860346e-16
    outer loop
      vertex   4.862928e+01 1.978491e+01 -3.000000e+00
      vertex   4.862928e+01 1.978491e+01 0.000000e+00
      vertex   4.926648e+01 1.814011e+01 -3.000000e+00
    endloop
  endfacet
  facet normal 9.324722e-01 3.612417e-01 3.582385e-16
    outer loop
      vertex   4.926648e+01 1.814011e+01 -3.000000e+00
      vertex   4.862928e+01 1.978491e+01 0.000000e+00
      vertex   4.926648e+01 1.814011e+01 0.000000e+00
    endloop
  endfacet
  facet normal 9.440813e-01 3.297127e-01 1.067157e-16
    outer loop
      vertex   4.926648e+01 1.814011e+01 -3.000000e+00
      vertex   4.926648e+01 1.814011e+01 0.000000e+00
      vertex   4.984807e+01 1.647483e+01 -3.000000e+00
    endloop
  endfacet
  facet normal 9.440813e-01 3.297127e-01 2.342749e-15
    outer loop
      vertex   4.984807e+01 1.647483e+01 -3.000000e+00
      vertex   4.926648e+01 1.814011e+01 0.000000e+00
      vertex   4.984807e+01 1.647483e+01 0.000000e+00
    endloop
  endfacet
  facet normal 9.546247e-01 2.978115e-01 2.116078e-15
    outer loop
      vertex   4.984807e+01 1.647483e+01 -3.000000e+00
      vertex   4.984807e+01 1.647483e+01 0.000000e+00
      vertex   5.037338e+01 1.479096e+01 -3.000000e+00
    endloop
  endfacet
  facet normal 9.546247e-01 2.978115e-01 -2.405933e-15
    outer loop
      vertex   5.037338e+01 1.479096e+01 -3.000000e+00
      vertex   4.984807e+01 1.647483e+01 0.000000e+00
      vertex   5.037338e+01 1.479096e+01 0.000000e+00
    endloop
  endfacet
  facet normal 9.640904e-01 2.655741e-01 -2.679832e-15
    outer loop
      vertex   5.037338e+01 1.479096e+01 -3.000000e+00
      vertex   5.037338e+01 1.479096e+01 0.000000e+00
      vertex   5.084183e+01 1.309039e+01 -3.000000e+00
    endloop
  endfacet
  facet normal 9.640904e-01 2.655741e-01 1.887018e-15
    outer loop
      vertex   5.084183e+01 1.309039e+01 -3.000000e+00
      vertex   5.037338e+01 1.479096e+01 0.000000e+00
      vertex   5.084183e+01 1.309039e+01 0.000000e+00
    endloop
  endfacet
  facet normal 9.724679e-01 2.330369e-01 1.655827e-15
    outer loop
      vertex   5.084183e+01 1.309039e+01 -3.000000e+00
      vertex   5.084183e+01 1.309039e+01 0.000000e+00
      vertex   5.125289e+01 1.137504e+01 -3.000000e+00
    endloop
  endfacet
  facet normal 9.724679e-01 2.330369e-01 1.655827e-15
    outer loop
      vertex   5.125289e+01 1.137504e+01 -3.000000e+00
      vertex   5.084183e+01 1.309039e+01 0.000000e+00
      vertex   5.125289e+01 1.137504e+01 0.000000e+00
    endloop
  endfacet
  facet normal 9.797475e-01 2.002367e-01 1.422767e-15
    outer loop
      vertex   5.125289e+01 1.137504e+01 -3.000000e+00
      vertex   5.125289e+01 1.137504e+01 0.000000e+00
      vertex   5.160609e+01 9.646850e+00 -3.000000e+00
    endloop
  endfacet
  facet normal 9.797475e-01 2.002367e-01 1.422767e-15
    outer loop
      vertex   5.160609e+01 9.646850e+00 -3.000000e+00
      vertex   5.125289e+01 1.137504e+01 0.000000e+00
      vertex   5.160609e+01 9.646850e+00 0.000000e+00
    endloop
  endfacet
  facet normal 9.859212e-01 1.672105e-01 1.188102e-15
    outer loop
      vertex   5.160609e+01 9.646850e+00 -3.000000e+00
      vertex   5.160609e+01 9.646850e+00 0.000000e+00
      vertex   5.190103e+01 7.907771e+00 -3.000000e+00
    endloop
  endfacet
  facet normal 9.859212e-01 1.672105e-01 -9.985161e-16
    outer loop
      vertex   5.190103e+01 7.907771e+00 -3.000000e+00
      vertex   5.160609e+01 9.646850e+00 0.000000e+00
      vertex   5.190103e+01 7.907771e+00 0.000000e+00
    endloop
  endfacet
  facet normal 9.909819e-01 1.339954e-01 -1.276010e-15
    outer loop
      vertex   5.190103e+01 7.907771e+00 -3.000000e+00
      vertex   5.190103e+01 7.907771e+00 0.000000e+00
      vertex   5.213739e+01 6.159765e+00 -3.000000e+00
    endloop
  endfacet
  facet normal 9.909819e-01 1.339954e-01 1.031436e-15
    outer loop
      vertex   5.213739e+01 6.159765e+00 -3.000000e+00
      vertex   5.190103e+01 7.907771e+00 0.000000e+00
      vertex   5.213739e+01 6.159765e+00 0.000000e+00
    endloop
  endfacet
  facet normal 9.949240e-01 1.006292e-01 7.745976e-16
    outer loop
      vertex   5.213739e+01 6.159765e+00 -3.000000e+00
      vertex   5.213739e+01 6.159765e+00 0.000000e+00
      vertex   5.231489e+01 4.404805e+00 -3.000000e+00
    endloop
  endfacet
  facet normal 9.949240e-01 1.006292e-01 -0.000000e+00
    outer loop
      vertex   5.231489e+01 4.404805e+00 -3.000000e+00
      vertex   5.213739e+01 6.159765e+00 0.000000e+00
      vertex   5.231489e+01 4.404805e+00 0.000000e+00
    endloop
  endfacet
  facet normal 9.977429e-01 6.714928e-02 -0.000000e+00
    outer loop
      vertex   5.231489e+01 4.404805e+00 -3.000000e+00
      vertex   5.231489e+01 4.404805e+00 0.000000e+00
      vertex   5.243334e+01 2.644874e+00 -3.000000e+00
    endloop
  endfacet
  facet normal 9.977429e-01 6.714928e-02 5.268248e-16
    outer loop
      vertex   5.243334e+01 2.644874e+00 -3.000000e+00
      vertex   5.231489e+01 4.404805e+00 0.000000e+00
      vertex   5.243334e+01 2.644874e+00 0.000000e+00
    endloop
  endfacet
  facet normal 9.994356e-01 3.359360e-02 2.635611e-16
    outer loop
      vertex   5.243334e+01 2.644874e+00 -3.000000e+00
      vertex   5.243334e+01 2.644874e+00 0.000000e+00
      vertex   5.249259e+01 8.819564e-01 -3.000000e+00
    endloop
  endfacet
  facet normal 9.994356e-01 3.359360e-02 2.610747e-16
    outer loop
      vertex   5.249259e+01 8.819564e-01 -3.000000e+00
      vertex   5.243334e+01 2.644874e+00 0.000000e+00
      vertex   5.249259e+01 8.819564e-01 0.000000e+00
    endloop
  endfacet
  facet normal 1.000000e+00 0.000000e+00 0.000000e+00
    outer loop
      vertex   5.249259e+01 8.819564e-01 -3.000000e+00
      vertex   5.249259e+01 8.819564e-01 0.000000e+00
      vertex   5.249259e+01 -8.819564e-01 -3.000000e+00
    endloop
  endfacet
  facet normal 1.000000e+00 0.000000e+00 -0.000000e+00
    outer loop
      vertex   5.249259e+01 -8.819564e-01 -3.000000e+00
      vertex   5.249259e+01 8.819564e-01 0.000000e+00
      vertex   5.249259e+01 -8.819564e-01 0.000000e+00
    endloop
  endfacet
  facet normal 9.994356e-01 -3.359360e-02 -2.610747e-16
    outer loop
      vertex   5.249259e+01 -8.819564e-01 -3.000000e+00
      vertex   5.249259e+01 -8.819564e-01 0.000000e+00
      vertex   5.243334e+01 -2.644874e+00 -3.000000e+00
    endloop
  endfacet
  facet normal 9.994356e-01 -3.359360e-02 -2.635611e-16
    outer loop
      vertex   5.243334e+01 -2.644874e+00 -3.000000e+00
      vertex   5.249259e+01 -8.819564e-01 0.000000e+00
      vertex   5.243334e+01 -2.644874e+00 0.000000e+00
    endloop
  endfacet
  facet normal 9.977429e-01 -6.714928e-02 -5.268248e-16
    outer loop
      vertex   5.243334e+01 -2.644874e+00 -3.000000e+00
      vertex   5.243334e+01 -2.644874e+00 0.000000e+00
      vertex   5.231489e+01 -4.404805e+00 -3.000000e+00
    endloop
  endfacet
  facet normal 9.977429e-01 -6.714928e-02 0.000000e+00
    outer loop
      vertex   5.231489e+01 -4.404805e+00 -3.000000e+00
      vertex   5.243334e+01 -2.644874e+00 0.000000e+00
      vertex   5.231489e+01 -4.404805e+00 0.000000e+00
    endloop
  endfacet
  facet normal 9.949240e-01 -1.006292e-01 0.000000e+00
    outer loop
      vertex   5.231489e+01 -4.404805e+00 -3.000000e+00
      vertex   5.231489e+01 -4.404805e+00 0.000000e+00
      vertex   5.213739e+01 -6.159765e+00 -3.000000e+00
    endloop
  endfacet
  facet normal 9.949240e-01 -1.006292e-01 -7.745976e-16
    outer loop
      vertex   5.213739e+01 -6.159765e+00 -3.000000e+00
      vertex   5.231489e+01 -4.404805e+00 0.000000e+00
      vertex   5.213739e+01 -6.159765e+00 0.000000e+00
    endloop
  endfacet
  facet normal 9.909819e-01 -1.339954e-01 -1.031436e-15
    outer loop
      vertex   5.213739e+01 -6.159765e+00 -3.000000e+00
      vertex   5.213739e+01 -6.159765e+00 0.000000e+00
      vertex   5.190103e+01 -7.907771e+00 -3.000000e+00
    endloop
  endfacet
  facet normal 9.909819e-01 -1.339954e-01 1.276010e-15
    outer loop
      vertex   5.190103e+01 -7.907771e+00 -3.000000e+00
      vertex   5.213739e+01 -6.159765e+00 0.000000e+00
      vertex   5.190103e+01 -7.907771e+00 0.000000e+00
    endloop
  endfacet
  facet normal 9.859212e-01 -1.672105e-01 9.985161e-16
    outer loop
      vertex   5.190103e+01 -7.907771e+00 -3.000000e+00
      vertex   5.190103e+01 -7.907771e+00 0.000000e+00
      vertex   5.160609e+01 -9.646850e+00 -3.000000e+00
    endloop
  endfacet
  facet normal 9.859212e-01 -1.672105e-01 -1.188102e-15
    outer loop
      vertex   5.160609e+01 -9.646850e+00 -3.000000e+00
      vertex   5.190103e+01 -7.907771e+00 0.000000e+00
      vertex   5.160609e+01 -9.646850e+00 0.000000e+00
    endloop
  endfacet
  facet normal 9.797475e-01 -2.002367e-01 -1.422767e-15
    outer loop
      vertex   5.160609e+01 -9.646850e+00 -3.000000e+00
      vertex   5.160609e+01 -9.646850e+00 0.000000e+00
      vertex   5.125289e+01 -1.137504e+01 -3.000000e+00
    endloop
  endfacet
  facet normal 9.797475e-01 -2.002367e-01 -1.422767e-15
    outer loop
      vertex   5.125289e+01 -1.137504e+01 -3.000000e+00
      vertex   5.160609e+01 -9.646850e+00 0.000000e+00
      vertex   5.125289e+01 -1.137504e+01 0.000000e+00
    endloop
  endfacet
  facet normal 9.724679e-01 -2.330369e-01 -1.655827e-15
    outer loop
      vertex   5.125289e+01 -1.137504e+01 -3.000000e+00
      vertex   5.125289e+01 -1.137504e+01 0.000000e+00
      vertex   5.084183e+01 -1.309039e+01 -3.000000e+00
    endloop
  endfacet
  facet normal 9.724679e-01 -2.330369e-01 -1.655827e-15
    outer loop
      vertex   5.084183e+01 -1.309039e+01 -3.000000e+00
      vertex   5.125289e+01 -1.137504e+01 0.000000e+00
      vertex   5.084183e+01 -1.309039e+01 0.000000e+00
    endloop
  endfacet
  facet normal 9.640904e-01 -2.655741e-01 -1.887018e-15
    outer loop
      vertex   5.084183e+01 -1.309039e+01 -3.000000e+00
      vertex   5.084183e+01 -1.309039e+01 0.000000e+00
      vertex   5.037338e+01 -1.479096e+01 -3.000000e+00
    endloop
  endfacet
  facet normal 9.640904e-01 -2.655741e-01 2.679832e-15
    outer loop
      vertex   5.037338e+01 -1.479096e+01 -3.000000e+00
      vertex   5.084183e+01 -1.309039e+01 0.000000e+00
      vertex   5.037338e+01 -1.479096e+01 0.000000e+00
    endloop
  endfacet
  facet normal 9.546247e-01 -2.978115e-01 2.405933e-15
    outer loop
      vertex   5.037338e+01 -1.479096e+01 -3.000000e+00
      vertex   5.037338e+01 -1.479096e+01 0.000000e+00
      vertex   4.984807e+01 -1.647483e+01 -3.000000e+00
    endloop
  endfacet
  facet normal 9.546247e-01 -2.978115e-01 -2.116078e-15
    outer loop
      vertex   4.984807e+01 -1.647483e+01 -3.000000e+00
      vertex   5.037338e+01 -1.479096e+01 0.000000e+00
      vertex   4.984807e+01 -1.647483e+01 0.000000e+00
    endloop
  endfacet
  facet normal 9.440813e-01 -3.297127e-01 -2.342749e-15
    outer loop
      vertex   4.984807e+01 -1.647483e+01 -3.000000e+00
      vertex   4.984807e+01 -1.647483e+01 0.000000e+00
      vertex   4.926648e+01 -1.814011e+01 -3.000000e+00
    endloop
  endfacet
  facet normal 9.440813e-01 -3.297127e-01 -1.067157e-16
    outer loop
      vertex   4.926648e+01 -1.814011e+01 -3.000000e+00
      vertex   4.984807e+01 -1.647483e+01 0.000000e+00
      vertex   4.926648e+01 -1.814011e+01 0.000000e+00
    endloop
  endfacet
  facet normal 9.324722e-01 -3.612417e-01 -3.582385e-16
    outer loop
      vertex   4.926648e+01 -1.814011e+01 -3.000000e+00
      vertex   4.926648e+01 -1.814011e+01 0.000000e+00
      vertex   4.862928e+01 -1.978491e+01 -3.000000e+00
    endloop
  endfacet
  facet normal 9.324722e-01 -3.612417e-01 -7.860346e-16
    outer loop
      vertex   4.862928e+01 -1.978491e+01 -3.000000e+00
      vertex   4.926648e+01 -1.814011e+01 0.000000e+00
      vertex   4.862928e+01 -1.978491e+01 0.000000e+00
    endloop
  endfacet
  facet normal 9.198105e-01 -3.923629e-01 -1.074008e-15
    outer loop
      vertex   4.862928e+01 -1.978491e+01 -3.000000e+00
      vertex   4.862928e+01 -1.978491e+01 0.000000e+00
      vertex   4.793719e+01 -2.140738e+01 -3.000000e+00
    endloop
  endfacet
  facet normal 9.198105e-01 -3.923629e-01 3.747741e-15
    outer loop
      vertex   4.793719e+01 -2.140738e+01 -3.000000e+00
      vertex   4.862928e+01 -1.978491e+01 0.000000e+00
      vertex   4.793719e+01 -2.140738e+01 0.000000e+00
    endloop
  endfacet
  facet normal 9.061105e-01 -4.230412e-01 3.432414e-15
    outer loop
      vertex   4.793719e+01 -2.140738e+01 -3.000000e+00
      vertex   4.793719e+01 -2.140738e+01 0.000000e+00
      vertex   4.719098e+01 -2.300568e+01 -3.000000e+00
    endloop
  endfacet
  facet normal 9.061105e-01 -4.230412e-01 -8.597875e-16
    outer loop
      vertex   4.719098e+01 -2.300568e+01 -3.000000e+00
      vertex   4.793719e+01 -2.140738e+01 0.000000e+00
      vertex   4.719098e+01 -2.300568e+01 0.000000e+00
    endloop
  endfacet
  facet normal 8.913876e-01 -4.532419e-01 -1.109248e-15
    outer loop
      vertex   4.719098e+01 -2.300568e+01 -3.000000e+00
      vertex   4.719098e+01 -2.300568e+01 0.000000e+00
      vertex   4.639150e+01 -2.457801e+01 -3.000000e+00
    endloop
  endfacet
  facet normal 8.913876e-01 -4.532419e-01 -1.109248e-15
    outer loop
      vertex   4.639150e+01 -2.457801e+01 -3.000000e+00
      vertex   4.719098e+01 -2.300568e+01 0.000000e+00
      vertex   4.639150e+01 -2.457801e+01 0.000000e+00
    endloop
  endfacet
  facet normal 8.756584e-01 -4.829310e-01 -1.357455e-15
    outer loop
      vertex   4.639150e+01 -2.457801e+01 -3.000000e+00
      vertex   4.639150e+01 -2.457801e+01 0.000000e+00
      vertex   4.553966e+01 -2.612259e+01 -3.000000e+00
    endloop
  endfacet
  facet normal 8.756584e-01 -4.829310e-01 1.288426e-15
    outer loop
      vertex   4.553966e+01 -2.612259e+01 -3.000000e+00
      vertex   4.639150e+01 -2.457801e+01 0.000000e+00
      vertex   4.553966e+01 -2.612259e+01 0.000000e+00
    endloop
  endfacet
  facet normal 8.589408e-01 -5.120749e-01 1.036668e-15
    outer loop
      vertex   4.553966e+01 -2.612259e+01 -3.000000e+00
      vertex   4.553966e+01 -2.612259e+01 0.000000e+00
      vertex   4.463640e+01 -2.763769e+01 -3.000000e+00
    endloop
  endfacet
  facet normal 8.589408e-01 -5.120749e-01 3.677467e-15
    outer loop
      vertex   4.463640e+01 -2.763769e+01 -3.000000e+00
      vertex   4.553966e+01 -2.612259e+01 0.000000e+00
      vertex   4.463640e+01 -2.763769e+01 0.000000e+00
    endloop
  endfacet
  facet normal 8.412535e-01 -5.406408e-01 3.416476e-15
    outer loop
      vertex   4.463640e+01 -2.763769e+01 -3.000000e+00
      vertex   4.463640e+01 -2.763769e+01 0.000000e+00
      vertex   4.368276e+01 -2.912159e+01 -3.000000e+00
    endloop
  endfacet
  facet normal 8.412535e-01 -5.406408e-01 -4.967542e-16
    outer loop
      vertex   4.368276e+01 -2.912159e+01 -3.000000e+00
      vertex   4.463640e+01 -2.763769e+01 0.000000e+00
      vertex   4.368276e+01 -2.912159e+01 0.000000e+00
    endloop
  endfacet
  facet normal 8.226166e-01 -5.685964e-01 -8.167787e-16
    outer loop
      vertex   4.368276e+01 -2.912159e+01 -3.000000e+00
      vertex   4.368276e+01 -2.912159e+01 0.000000e+00
      vertex   4.267980e+01 -3.057261e+01 -3.000000e+00
    endloop
  endfacet
  facet normal 8.226166e-01 -5.685964e-01 5.299282e-16
    outer loop
      vertex   4.267980e+01 -3.057261e+01 -3.000000e+00
      vertex   4.368276e+01 -2.912159e+01 0.000000e+00
      vertex   4.267980e+01 -3.057261e+01 0.000000e+00
    endloop
  endfacet
  facet normal 8.030511e-01 -5.959101e-01 2.755176e-16
    outer loop
      vertex   4.267980e+01 -3.057261e+01 -3.000000e+00
      vertex   4.267980e+01 -3.057261e+01 0.000000e+00
      vertex   4.162867e+01 -3.198912e+01 -3.000000e+00
    endloop
  endfacet
  facet normal 8.030511e-01 -5.959101e-01 2.755176e-16
    outer loop
      vertex   4.162867e+01 -3.198912e+01 -3.000000e+00
      vertex   4.267980e+01 -3.057261e+01 0.000000e+00
      vertex   4.162867e+01 -3.198912e+01 0.000000e+00
    endloop
  endfacet
  facet normal 7.825791e-01 -6.225512e-01 2.079597e-17
    outer loop
      vertex   4.162867e+01 -3.198912e+01 -3.000000e+00
      vertex   4.162867e+01 -3.198912e+01 0.000000e+00
      vertex   4.053054e+01 -3.336952e+01 -3.000000e+00
    endloop
  endfacet
  facet normal 7.825791e-01 -6.225512e-01 0.000000e+00
    outer loop
      vertex   4.053054e+01 -3.336952e+01 -3.000000e+00
      vertex   4.162867e+01 -3.198912e+01 0.000000e+00
      vertex   4.053054e+01 -3.336952e+01 0.000000e+00
    endloop
  endfacet
  facet normal 7.612237e-01 -6.484894e-01 0.000000e+00
    outer loop
      vertex   4.053054e+01 -3.336952e+01 -3.000000e+00
      vertex   4.053054e+01 -3.336952e+01 0.000000e+00
      vertex   3.938666e+01 -3.471226e+01 -3.000000e+00
    endloop
  endfacet
  facet normal 7.612237e-01 -6.484894e-01 8.010250e-16
    outer loop
      vertex   3.938666e+01 -3.471226e+01 -3.000000e+00
      vertex   4.053054e+01 -3.336952e+01 0.000000e+00
      vertex   3.938666e+01 -3.471226e+01 0.000000e+00
    endloop
  endfacet
  facet normal 7.390089e-01 -6.736956e-01 4.640787e-16
    outer loop
      vertex   3.938666e+01 -3.471226e+01 -3.000000e+00
      vertex   3.938666e+01 -3.471226e+01 0.000000e+00
      vertex   3.819832e+01 -3.601580e+01 -3.000000e+00
    endloop
  endfacet
  facet normal 7.390089e-01 -6.736956e-01 3.093858e-16
    outer loop
      vertex   3.819832e+01 -3.601580e+01 -3.000000e+00
      vertex   3.938666e+01 -3.471226e+01 0.000000e+00
      vertex   3.819832e+01 -3.601580e+01 0.000000e+00
    endloop
  endfacet
  facet normal 7.159599e-01 -6.981414e-01 8.440574e-17
    outer loop
      vertex   3.819832e+01 -3.601580e+01 -3.000000e+00
      vertex   3.819832e+01 -3.601580e+01 0.000000e+00
      vertex   3.696686e+01 -3.727869e+01 -3.000000e+00
    endloop
  endfacet
  facet normal 7.159599e-01 -6.981414e-01 1.266086e-16
    outer loop
      vertex   3.696686e+01 -3.727869e+01 -3.000000e+00
      vertex   3.819832e+01 -3.601580e+01 0.000000e+00
      vertex   3.696686e+01 -3.727869e+01 0.000000e+00
    endloop
  endfacet
  facet normal 6.921028e-01 -7.217990e-01 -2.110044e-16
    outer loop
      vertex   3.696686e+01 -3.727869e+01 -3.000000e+00
      vertex   3.696686e+01 -3.727869e+01 0.000000e+00
      vertex   3.569367e+01 -3.849950e+01 -3.000000e+00
    endloop
  endfacet
  facet normal 6.921028e-01 -7.217990e-01 -1.406696e-16
    outer loop
      vertex   3.569367e+01 -3.849950e+01 -3.000000e+00
      vertex   3.696686e+01 -3.727869e+01 0.000000e+00
      vertex   3.569367e+01 -3.849950e+01 0.000000e+00
    endloop
  endfacet
  facet normal 6.674643e-01 -7.446418e-01 -3.655862e-16
    outer loop
      vertex   3.569367e+01 -3.849950e+01 -3.000000e+00
      vertex   3.569367e+01 -3.849950e+01 0.000000e+00
      vertex   3.438019e+01 -3.967685e+01 -3.000000e+00
    endloop
  endfacet
  facet normal 6.674643e-01 -7.446418e-01 1.215287e-15
    outer loop
      vertex   3.438019e+01 -3.967685e+01 -3.000000e+00
      vertex   3.569367e+01 -3.849950e+01 0.000000e+00
      vertex   3.438019e+01 -3.967685e+01 0.000000e+00
    endloop
  endfacet
  facet normal 6.420724e-01 -7.666440e-01 9.306428e-16
    outer loop
      vertex   3.438019e+01 -3.967685e+01 -3.000000e+00
      vertex   3.438019e+01 -3.967685e+01 0.000000e+00
      vertex   3.302790e+01 -4.080941e+01 -3.000000e+00
    endloop
  endfacet
  facet normal 6.420724e-01 -7.666440e-01 2.156331e-15
    outer loop
      vertex   3.302790e+01 -4.080941e+01 -3.000000e+00
      vertex   3.438019e+01 -3.967685e+01 0.000000e+00
      vertex   3.302790e+01 -4.080941e+01 0.000000e+00
    endloop
  endfacet
  facet normal 6.159556e-01 -7.877809e-01 1.696860e-15
    outer loop
      vertex   3.302790e+01 -4.080941e+01 -3.000000e+00
      vertex   3.302790e+01 -4.080941e+01 0.000000e+00
      vertex   3.163832e+01 -4.189590e+01 -3.000000e+00
    endloop
  endfacet
  facet normal 6.159556e-01 -7.877809e-01 0.000000e+00
    outer loop
      vertex   3.163832e+01 -4.189590e+01 -3.000000e+00
      vertex   3.302790e+01 -4.080941e+01 0.000000e+00
      vertex   3.163832e+01 -4.189590e+01 0.000000e+00
    endloop
  endfacet
  facet normal 5.891436e-01 -8.080284e-01 0.000000e+00
    outer loop
      vertex   3.163832e+01 -4.189590e+01 -3.000000e+00
      vertex   3.163832e+01 -4.189590e+01 0.000000e+00
      vertex   3.021303e+01 -4.293510e+01 -3.000000e+00
    endloop
  endfacet
  facet normal 5.891436e-01 -8.080284e-01 1.574635e-15
    outer loop
      vertex   3.021303e+01 -4.293510e+01 -3.000000e+00
      vertex   3.163832e+01 -4.189590e+01 0.000000e+00
      vertex   3.021303e+01 -4.293510e+01 0.000000e+00
    endloop
  endfacet
  facet normal 5.616665e-01 -8.273638e-01 1.366142e-15
    outer loop
      vertex   3.021303e+01 -4.293510e+01 -3.000000e+00
      vertex   3.021303e+01 -4.293510e+01 0.000000e+00
      vertex   2.875363e+01 -4.392583e+01 -3.000000e+00
    endloop
  endfacet
  facet normal 5.616665e-01 -8.273638e-01 3.361583e-15
    outer loop
      vertex   2.875363e+01 -4.392583e+01 -3.000000e+00
      vertex   3.021303e+01 -4.293510e+01 0.000000e+00
      vertex   2.875363e+01 -4.392583e+01 0.000000e+00
    endloop
  endfacet
  facet normal 5.335553e-01 -8.457652e-01 3.051677e-15
    outer loop
      vertex   2.875363e+01 -4.392583e+01 -3.000000e+00
      vertex   2.875363e+01 -4.392583e+01 0.000000e+00
      vertex   2.726177e+01 -4.486698e+01 -3.000000e+00
    endloop
  endfacet
  facet normal 5.335553e-01 -8.457652e-01 2.419821e-15
    outer loop
      vertex   2.726177e+01 -4.486698e+01 -3.000000e+00
      vertex   2.875363e+01 -4.392583e+01 0.000000e+00
      vertex   2.726177e+01 -4.486698e+01 0.000000e+00
    endloop
  endfacet
  facet normal 5.048419e-01 -8.632118e-01 2.140474e-15
    outer loop
      vertex   2.726177e+01 -4.486698e+01 -3.000000e+00
      vertex   2.726177e+01 -4.486698e+01 0.000000e+00
      vertex   2.573914e+01 -4.575748e+01 -3.000000e+00
    endloop
  endfacet
  facet normal 5.048419e-01 -8.632118e-01 3.085242e-15
    outer loop
      vertex   2.573914e+01 -4.575748e+01 -3.000000e+00
      vertex   2.726177e+01 -4.486698e+01 0.000000e+00
      vertex   2.573914e+01 -4.575748e+01 0.000000e+00
    endloop
  endfacet
  facet normal 4.755585e-01 -8.796841e-01 2.591072e-15
    outer loop
      vertex   2.573914e+01 -4.575748e+01 -3.000000e+00
      vertex   2.573914e+01 -4.575748e+01 0.000000e+00
      vertex   2.418746e+01 -4.659632e+01 -3.000000e+00
    endloop
  endfacet
  facet normal 4.755585e-01 -8.796841e-01 0.000000e+00
    outer loop
      vertex   2.418746e+01 -4.659632e+01 -3.000000e+00
      vertex   2.573914e+01 -4.575748e+01 0.000000e+00
      vertex   2.418746e+01 -4.659632e+01 0.000000e+00
    endloop
  endfacet
  facet normal 4.457384e-01 -8.951633e-01 0.000000e+00
    outer loop
      vertex   2.418746e+01 -4.659632e+01 -3.000000e+00
      vertex   2.418746e+01 -4.659632e+01 0.000000e+00
      vertex   2.260847e+01 -4.738256e+01 -3.000000e+00
    endloop
  endfacet
  facet normal 4.457384e-01 -8.951633e-01 1.046989e-15
    outer loop
      vertex   2.260847e+01 -4.738256e+01 -3.000000e+00
      vertex   2.418746e+01 -4.659632e+01 0.000000e+00
      vertex   2.260847e+01 -4.738256e+01 0.000000e+00
    endloop
  endfacet
  facet normal 4.154150e-01 -9.096320e-01 7.972598e-16
    outer loop
      vertex   2.260847e+01 -4.738256e+01 -3.000000e+00
      vertex   2.260847e+01 -4.738256e+01 0.000000e+00
      vertex   2.100395e+01 -4.811532e+01 -3.000000e+00
    endloop
  endfacet
  facet normal 4.154150e-01 -9.096320e-01 7.972598e-16
    outer loop
      vertex   2.100395e+01 -4.811532e+01 -3.000000e+00
      vertex   2.260847e+01 -4.738256e+01 0.000000e+00
      vertex   2.100395e+01 -4.811532e+01 0.000000e+00
    endloop
  endfacet
  facet normal 3.846227e-01 -9.230739e-01 5.466308e-16
    outer loop
      vertex   2.100395e+01 -4.811532e+01 -3.000000e+00
      vertex   2.100395e+01 -4.811532e+01 0.000000e+00
      vertex   1.937573e+01 -4.879376e+01 -3.000000e+00
    endloop
  endfacet
  facet normal 3.846227e-01 -9.230739e-01 -2.459471e-15
    outer loop
      vertex   1.937573e+01 -4.879376e+01 -3.000000e+00
      vertex   2.100395e+01 -4.811532e+01 0.000000e+00
      vertex   1.937573e+01 -4.879376e+01 0.000000e+00
    endloop
  endfacet
  facet normal 3.533963e-01 -9.354737e-01 -2.880393e-15
    outer loop
      vertex   1.937573e+01 -4.879376e+01 -3.000000e+00
      vertex   1.937573e+01 -4.879376e+01 0.000000e+00
      vertex   1.772564e+01 -4.941712e+01 -3.000000e+00
    endloop
  endfacet
  facet normal 3.533963e-01 -9.354737e-01 -6.647465e-16
    outer loop
      vertex   1.772564e+01 -4.941712e+01 -3.000000e+00
      vertex   1.937573e+01 -4.879376e+01 0.000000e+00
      vertex   1.772564e+01 -4.941712e+01 0.000000e+00
    endloop
  endfacet
  facet normal 3.217709e-01 -9.468176e-01 -1.055550e-15
    outer loop
      vertex   1.772564e+01 -4.941712e+01 -3.000000e+00
      vertex   1.772564e+01 -4.941712e+01 0.000000e+00
      vertex   1.605553e+01 -4.998470e+01 -3.000000e+00
    endloop
  endfacet
  facet normal 3.217709e-01 -9.468176e-01 0.000000e+00
    outer loop
      vertex   1.605553e+01 -4.998470e+01 -3.000000e+00
      vertex   1.772564e+01 -4.941712e+01 0.000000e+00
      vertex   1.605553e+01 -4.998470e+01 0.000000e+00
    endloop
  endfacet
  facet normal 2.897822e-01 -9.570926e-01 0.000000e+00
    outer loop
      vertex   1.605553e+01 -4.998470e+01 -3.000000e+00
      vertex   1.605553e+01 -4.998470e+01 0.000000e+00
      vertex   1.436731e+01 -5.049585e+01 -3.000000e+00
    endloop
  endfacet
  facet normal 2.897822e-01 -9.570926e-01 1.029513e-15
    outer loop
      vertex   1.436731e+01 -5.049585e+01 -3.000000e+00
      vertex   1.605553e+01 -4.998470e+01 0.000000e+00
      vertex   1.436731e+01 -5.049585e+01 0.000000e+00
    endloop
  endfacet
  facet normal 2.574665e-01 -9.662872e-01 9.147048e-16
    outer loop
      vertex   1.436731e+01 -5.049585e+01 -3.000000e+00
      vertex   1.436731e+01 -5.049585e+01 0.000000e+00
      vertex   1.266286e+01 -5.094999e+01 -3.000000e+00
    endloop
  endfacet
  facet normal 2.574665e-01 -9.662872e-01 1.981860e-15
    outer loop
      vertex   1.266286e+01 -5.094999e+01 -3.000000e+00
      vertex   1.436731e+01 -5.049585e+01 0.000000e+00
      vertex   1.266286e+01 -5.094999e+01 0.000000e+00
    endloop
  endfacet
  facet normal 2.248601e-01 -9.743911e-01 1.730871e-15
    outer loop
      vertex   1.266286e+01 -5.094999e+01 -3.000000e+00
      vertex   1.266286e+01 -5.094999e+01 0.000000e+00
      vertex   1.094412e+01 -5.134663e+01 -3.000000e+00
    endloop
  endfacet
  facet normal 2.248601e-01 -9.743911e-01 -1.952765e-15
    outer loop
      vertex   1.094412e+01 -5.134663e+01 -3.000000e+00
      vertex   1.266286e+01 -5.094999e+01 0.000000e+00
      vertex   1.094412e+01 -5.134663e+01 0.000000e+00
    endloop
  endfacet
  facet normal 1.919999e-01 -9.813949e-01 -2.375085e-15
    outer loop
      vertex   1.094412e+01 -5.134663e+01 -3.000000e+00
      vertex   1.094412e+01 -5.134663e+01 0.000000e+00
      vertex   9.213024e+00 -5.168530e+01 -3.000000e+00
    endloop
  endfacet
  facet normal 1.919999e-01 -9.813949e-01 2.273735e-15
    outer loop
      vertex   9.213024e+00 -5.168530e+01 -3.000000e+00
      vertex   1.094412e+01 -5.134663e+01 0.000000e+00
      vertex   9.213024e+00 -5.168530e+01 0.000000e+00
    endloop
  endfacet
  facet normal 1.589229e-01 -9.872910e-01 1.882026e-15
    outer loop
      vertex   9.213024e+00 -5.168530e+01 -3.000000e+00
      vertex   9.213024e+00 -5.168530e+01 0.000000e+00
      vertex   7.471529e+00 -5.196563e+01 -3.000000e+00
    endloop
  endfacet
  facet normal 1.589229e-01 -9.872910e-01 0.000000e+00
    outer loop
      vertex   7.471529e+00 -5.196563e+01 -3.000000e+00
      vertex   9.213024e+00 -5.168530e+01 0.000000e+00
      vertex   7.471529e+00 -5.196563e+01 0.000000e+00
    endloop
  endfacet
  facet normal 1.256666e-01 -9.920725e-01 0.000000e+00
    outer loop
      vertex   7.471529e+00 -5.196563e+01 -3.000000e+00
      vertex   7.471529e+00 -5.196563e+01 0.000000e+00
      vertex   5.721599e+00 -5.218729e+01 -3.000000e+00
    endloop
  endfacet
  facet normal 1.256666e-01 -9.920725e-01 5.208669e-16
    outer loop
      vertex   5.721599e+00 -5.218729e+01 -3.000000e+00
      vertex   7.471529e+00 -5.196563e+01 0.000000e+00
      vertex   5.721599e+00 -5.218729e+01 0.000000e+00
    endloop
  endfacet
  facet normal 9.226836e-02 -9.957342e-01 3.824369e-16
    outer loop
      vertex   5.721599e+00 -5.218729e+01 -3.000000e+00
      vertex   5.721599e+00 -5.218729e+01 0.000000e+00
      vertex   3.965211e+00 -5.235004e+01 -3.000000e+00
    endloop
  endfacet
  facet normal 9.226836e-02 -9.957342e-01 7.102400e-16
    outer loop
      vertex   3.965211e+00 -5.235004e+01 -3.000000e+00
      vertex   5.721599e+00 -5.218729e+01 0.000000e+00
      vertex   3.965211e+00 -5.235004e+01 0.000000e+00
    endloop
  endfacet
  facet normal 5.876599e-02 -9.982718e-01 4.523539e-16
    outer loop
      vertex   3.965211e+00 -5.235004e+01 -3.000000e+00
      vertex   3.965211e+00 -5.235004e+01 0.000000e+00
      vertex   2.204347e+00 -5.245370e+01 -3.000000e+00
    endloop
  endfacet
  facet normal 5.876599e-02 -9.982718e-01 4.610530e-16
    outer loop
      vertex   2.204347e+00 -5.245370e+01 -3.000000e+00
      vertex   3.965211e+00 -5.235004e+01 0.000000e+00
      vertex   2.204347e+00 -5.245370e+01 0.000000e+00
    endloop
  endfacet
  facet normal 2.519727e-02 -9.996825e-01 1.976871e-16
    outer loop
      vertex   2.204347e+00 -5.245370e+01 -3.000000e+00
      vertex   2.204347e+00 -5.245370e+01 0.000000e+00
      vertex   4.409938e-01 -5.249815e+01 -3.000000e+00
    endloop
  endfacet
  facet normal 2.519727e-02 -9.996825e-01 2.937332e-16
    outer loop
      vertex   4.409938e-01 -5.249815e+01 -3.000000e+00
      vertex   2.204347e+00 -5.245370e+01 0.000000e+00
      vertex   4.409938e-01 -5.249815e+01 0.000000e+00
    endloop
  endfacet
  facet normal -8.399882e-03 -9.999647e-01 -9.792029e-17
    outer loop
      vertex   4.409938e-01 -5.249815e+01 -3.000000e+00
      vertex   4.409938e-01 -5.249815e+01 0.000000e+00
      vertex   -1.322857e+00 -5.248333e+01 -3.000000e+00
    endloop
  endfacet
  facet normal -8.399882e-03 -9.999647e-01 0.000000e+00
    outer loop
      vertex   -1.322857e+00 -5.248333e+01 -3.000000e+00
      vertex   4.409938e-01 -5.249815e+01 0.000000e+00
      vertex   -1.322857e+00 -5.248333e+01 0.000000e+00
    endloop
  endfacet
  facet normal -4.198755e-02 -9.991181e-01 0.000000e+00
    outer loop
      vertex   -1.322857e+00 -5.248333e+01 -3.000000e+00
      vertex   -1.322857e+00 -5.248333e+01 0.000000e+00
      vertex   -3.085214e+00 -5.240927e+01 -3.000000e+00
    endloop
  endfacet
  facet normal -4.198755e-02 -9.991181e-01 -1.678160e-16
    outer loop
      vertex   -3.085214e+00 -5.240927e+01 -3.000000e+00
      vertex   -1.322857e+00 -5.248333e+01 0.000000e+00
      vertex   -3.085214e+00 -5.240927e+01 0.000000e+00
    endloop
  endfacet
  facet normal -7.552783e-02 -9.971437e-01 -3.018699e-16
    outer loop
      vertex   -3.085214e+00 -5.240927e+01 -3.000000e+00
      vertex   -3.085214e+00 -5.240927e+01 0.000000e+00
      vertex   -4.844089e+00 -5.227604e+01 -3.000000e+00
    endloop
  endfacet
  facet normal -7.552783e-02 -9.971437e-01 1.780332e-15
    outer loop
      vertex   -4.844089e+00 -5.227604e+01 -3.000000e+00
      vertex   -3.085214e+00 -5.240927e+01 0.000000e+00
      vertex   -4.844089e+00 -5.227604e+01 0.000000e+00
    endloop
  endfacet
  facet normal -1.089828e-01 -9.940436e-01 1.515468e-15
    outer loop
      vertex   -4.844089e+00 -5.227604e+01 -3.000000e+00
      vertex   -4.844089e+00 -5.227604e+01 0.000000e+00
      vertex   -6.597495e+00 -5.208381e+01 -3.000000e+00
    endloop
  endfacet
  facet normal -1.089828e-01 -9.940436e-01 -8.389005e-16
    outer loop
      vertex   -6.597495e+00 -5.208381e+01 -3.000000e+00
      vertex   -4.844089e+00 -5.227604e+01 0.000000e+00
      vertex   -6.597495e+00 -5.208381e+01 0.000000e+00
    endloop
  endfacet
  facet normal -1.423148e-01 -9.898214e-01 -1.095475e-15
    outer loop
      vertex   -6.597495e+00 -5.208381e+01 -3.000000e+00
      vertex   -6.597495e+00 -5.208381e+01 0.000000e+00
      vertex   -8.343454e+00 -5.183278e+01 -3.000000e+00
    endloop
  endfacet
  facet normal -1.423148e-01 -9.898214e-01 7.432892e-16
    outer loop
      vertex   -8.343454e+00 -5.183278e+01 -3.000000e+00
      vertex   -6.597495e+00 -5.208381e+01 0.000000e+00
      vertex   -8.343454e+00 -5.183278e+01 0.000000e+00
    endloop
  endfacet
  facet normal -1.754862e-01 -9.844819e-01 3.574564e-16
    outer loop
      vertex   -8.343454e+00 -5.183278e+01 -3.000000e+00
      vertex   -8.343454e+00 -5.183278e+01 0.000000e+00
      vertex   -1.007999e+01 -5.152323e+01 -3.000000e+00
    endloop
  endfacet
  facet normal -1.754862e-01 -9.844819e-01 0.000000e+00
    outer loop
      vertex   -1.007999e+01 -5.152323e+01 -3.000000e+00
      vertex   -8.343454e+00 -5.183278e+01 0.000000e+00
      vertex   -1.007999e+01 -5.152323e+01 0.000000e+00
    endloop
  endfacet
  facet normal -2.084594e-01 -9.780310e-01 0.000000e+00
    outer loop
      vertex   -1.007999e+01 -5.152323e+01 -3.000000e+00
      vertex   -1.007999e+01 -5.152323e+01 0.000000e+00
      vertex   -1.180516e+01 -5.115553e+01 -3.000000e+00
    endloop
  endfacet
  facet normal -2.084594e-01 -9.780310e-01 -8.640294e-16
    outer loop
      vertex   -1.180516e+01 -5.115553e+01 -3.000000e+00
      vertex   -1.007999e+01 -5.152323e+01 0.000000e+00
      vertex   -1.180516e+01 -5.115553e+01 0.000000e+00
    endloop
  endfacet
  facet normal -2.411973e-01 -9.704761e-01 -9.997226e-16
    outer loop
      vertex   -1.180516e+01 -5.115553e+01 -3.000000e+00
      vertex   -1.180516e+01 -5.115553e+01 0.000000e+00
      vertex   -1.351699e+01 -5.073008e+01 -3.000000e+00
    endloop
  endfacet
  facet normal -2.411973e-01 -9.704761e-01 2.991039e-16
    outer loop
      vertex   -1.351699e+01 -5.073008e+01 -3.000000e+00
      vertex   -1.180516e+01 -5.115553e+01 0.000000e+00
      vertex   -1.351699e+01 -5.073008e+01 0.000000e+00
    endloop
  endfacet
  facet normal -2.736630e-01 -9.618256e-01 9.486167e-18
    outer loop
      vertex   -1.351699e+01 -5.073008e+01 -3.000000e+00
      vertex   -1.351699e+01 -5.073008e+01 0.000000e+00
      vertex   -1.521357e+01 -5.024736e+01 -3.000000e+00
    endloop
  endfacet
  facet normal -2.736630e-01 -9.618256e-01 -2.106534e-15
    outer loop
      vertex   -1.521357e+01 -5.024736e+01 -3.000000e+00
      vertex   -1.351699e+01 -5.073008e+01 0.000000e+00
      vertex   -1.521357e+01 -5.024736e+01 0.000000e+00
    endloop
  endfacet
  facet normal -3.058197e-01 -9.520894e-01 -2.354061e-15
    outer loop
      vertex   -1.521357e+01 -5.024736e+01 -3.000000e+00
      vertex   -1.521357e+01 -5.024736e+01 0.000000e+00
      vertex   -1.689297e+01 -4.970792e+01 -3.000000e+00
    endloop
  endfacet
  facet normal -3.058197e-01 -9.520894e-01 -1.366632e-15
    outer loop
      vertex   -1.689297e+01 -4.970792e+01 -3.000000e+00
      vertex   -1.521357e+01 -5.024736e+01 0.000000e+00
      vertex   -1.689297e+01 -4.970792e+01 0.000000e+00
    endloop
  endfacet
  facet normal -3.376312e-01 -9.412785e-01 -1.768961e-15
    outer loop
      vertex   -1.689297e+01 -4.970792e+01 -3.000000e+00
      vertex   -1.689297e+01 -4.970792e+01 0.000000e+00
      vertex   -1.855330e+01 -4.911237e+01 -3.000000e+00
    endloop
  endfacet
  facet normal -3.376312e-01 -9.412785e-01 6.059810e-17
    outer loop
      vertex   -1.855330e+01 -4.911237e+01 -3.000000e+00
      vertex   -1.689297e+01 -4.970792e+01 0.000000e+00
      vertex   -1.855330e+01 -4.911237e+01 0.000000e+00
    endloop
  endfacet
  facet normal -3.690616e-01 -9.294049e-01 -4.050775e-16
    outer loop
      vertex   -1.855330e+01 -4.911237e+01 -3.000000e+00
      vertex   -1.855330e+01 -4.911237e+01 0.000000e+00
      vertex   -2.019269e+01 -4.846138e+01 -3.000000e+00
    endloop
  endfacet
  facet normal -3.690616e-01 -9.294049e-01 -1.748227e-15
    outer loop
      vertex   -2.019269e+01 -4.846138e+01 -3.000000e+00
      vertex   -1.855330e+01 -4.911237e+01 0.000000e+00
      vertex   -2.019269e+01 -4.846138e+01 0.000000e+00
    endloop
  endfacet
  facet normal -4.000753e-01 -9.164823e-01 -1.895137e-15
    outer loop
      vertex   -2.019269e+01 -4.846138e+01 -3.000000e+00
      vertex   -2.019269e+01 -4.846138e+01 0.000000e+00
      vertex   -2.180929e+01 -4.775568e+01 -3.000000e+00
    endloop
  endfacet
  facet normal -4.000753e-01 -9.164823e-01 7.493129e-16
    outer loop
      vertex   -2.180929e+01 -4.775568e+01 -3.000000e+00
      vertex   -2.019269e+01 -4.846138e+01 0.000000e+00
      vertex   -2.180929e+01 -4.775568e+01 0.000000e+00
    endloop
  endfacet
  facet normal -4.306375e-01 -9.025250e-01 6.076770e-16
    outer loop
      vertex   -2.180929e+01 -4.775568e+01 -3.000000e+00
      vertex   -2.180929e+01 -4.775568e+01 0.000000e+00
      vertex   -2.340126e+01 -4.699607e+01 -3.000000e+00
    endloop
  endfacet
  facet normal -4.306375e-01 -9.025250e-01 -1.432232e-15
    outer loop
      vertex   -2.340126e+01 -4.699607e+01 -3.000000e+00
      vertex   -2.180929e+01 -4.775568e+01 0.000000e+00
      vertex   -2.340126e+01 -4.699607e+01 0.000000e+00
    endloop
  endfacet
  facet normal -4.607135e-01 -8.875489e-01 -1.717022e-15
    outer loop
      vertex   -2.340126e+01 -4.699607e+01 -3.000000e+00
      vertex   -2.340126e+01 -4.699607e+01 0.000000e+00
      vertex   -2.496682e+01 -4.618341e+01 -3.000000e+00
    endloop
  endfacet
  facet normal -4.607135e-01 -8.875489e-01 -1.797261e-15
    outer loop
      vertex   -2.496682e+01 -4.618341e+01 -3.000000e+00
      vertex   -2.340126e+01 -4.699607e+01 0.000000e+00
      vertex   -2.496682e+01 -4.618341e+01 0.000000e+00
    endloop
  endfacet
  facet normal -4.902694e-01 -8.715710e-01 -2.257962e-15
    outer loop
      vertex   -2.496682e+01 -4.618341e+01 -3.000000e+00
      vertex   -2.496682e+01 -4.618341e+01 0.000000e+00
      vertex   -2.650420e+01 -4.531862e+01 -3.000000e+00
    endloop
  endfacet
  facet normal -4.902694e-01 -8.715710e-01 -1.936672e-16
    outer loop
      vertex   -2.650420e+01 -4.531862e+01 -3.000000e+00
      vertex   -2.496682e+01 -4.618341e+01 0.000000e+00
      vertex   -2.650420e+01 -4.531862e+01 0.000000e+00
    endloop
  endfacet
  facet normal -5.192719e-01 -8.546091e-01 -6.919927e-16
    outer loop
      vertex   -2.650420e+01 -4.531862e+01 -3.000000e+00
      vertex   -2.650420e+01 -4.531862e+01 0.000000e+00
      vertex   -2.801165e+01 -4.440267e+01 -3.000000e+00
    endloop
  endfacet
  facet normal -5.192719e-01 -8.546091e-01 0.000000e+00
    outer loop
      vertex   -2.801165e+01 -4.440267e+01 -3.000000e+00
      vertex   -2.650420e+01 -4.531862e+01 0.000000e+00
      vertex   -2.801165e+01 -4.440267e+01 0.000000e+00
    endloop
  endfacet
  facet normal -5.476882e-01 -8.366825e-01 0.000000e+00
    outer loop
      vertex   -2.801165e+01 -4.440267e+01 -3.000000e+00
      vertex   -2.801165e+01 -4.440267e+01 0.000000e+00
      vertex   -2.948749e+01 -4.343660e+01 -3.000000e+00
    endloop
  endfacet
  facet normal -5.476882e-01 -8.366825e-01 -1.261303e-15
    outer loop
      vertex   -2.948749e+01 -4.343660e+01 -3.000000e+00
      vertex   -2.801165e+01 -4.440267e+01 0.000000e+00
      vertex   -2.948749e+01 -4.343660e+01 0.000000e+00
    endloop
  endfacet
  facet normal -5.754862e-01 -8.178115e-01 -1.470596e-15
    outer loop
      vertex   -2.948749e+01 -4.343660e+01 -3.000000e+00
      vertex   -2.948749e+01 -4.343660e+01 0.000000e+00
      vertex   -3.093004e+01 -4.242149e+01 -3.000000e+00
    endloop
  endfacet
  facet normal -5.754862e-01 -8.178115e-01 2.403337e-15
    outer loop
      vertex   -3.093004e+01 -4.242149e+01 -3.000000e+00
      vertex   -2.948749e+01 -4.343660e+01 0.000000e+00
      vertex   -3.093004e+01 -4.242149e+01 0.000000e+00
    endloop
  endfacet
  facet normal -6.026346e-01 -7.980172e-01 2.101940e-15
    outer loop
      vertex   -3.093004e+01 -4.242149e+01 -3.000000e+00
      vertex   -3.093004e+01 -4.242149e+01 0.000000e+00
      vertex   -3.233767e+01 -4.135849e+01 -3.000000e+00
    endloop
  endfacet
  facet normal -6.026346e-01 -7.980172e-01 4.237102e-16
    outer loop
      vertex   -3.233767e+01 -4.135849e+01 -3.000000e+00
      vertex   -3.093004e+01 -4.242149e+01 0.000000e+00
      vertex   -3.233767e+01 -4.135849e+01 0.000000e+00
    endloop
  endfacet
  facet normal -6.291028e-01 -7.773221e-01 -8.579867e-17
    outer loop
      vertex   -3.233767e+01 -4.135849e+01 -3.000000e+00
      vertex   -3.233767e+01 -4.135849e+01 0.000000e+00
      vertex   -3.370880e+01 -4.024881e+01 -3.000000e+00
    endloop
  endfacet
  facet normal -6.291028e-01 -7.773221e-01 1.755270e-15
    outer loop
      vertex   -3.370880e+01 -4.024881e+01 -3.000000e+00
      vertex   -3.233767e+01 -4.135849e+01 0.000000e+00
      vertex   -3.370880e+01 -4.024881e+01 0.000000e+00
    endloop
  endfacet
  facet normal -6.548607e-01 -7.557496e-01 1.194764e-15
    outer loop
      vertex   -3.370880e+01 -4.024881e+01 -3.000000e+00
      vertex   -3.370880e+01 -4.024881e+01 0.000000e+00
      vertex   -3.504188e+01 -3.909369e+01 -3.000000e+00
    endloop
  endfacet
  facet normal -6.548607e-01 -7.557496e-01 0.000000e+00
    outer loop
      vertex   -3.504188e+01 -3.909369e+01 -3.000000e+00
      vertex   -3.370880e+01 -4.024881e+01 0.000000e+00
      vertex   -3.504188e+01 -3.909369e+01 0.000000e+00
    endloop
  endfacet
  facet normal -6.798795e-01 -7.333239e-01 0.000000e+00
    outer loop
      vertex   -3.504188e+01 -3.909369e+01 -3.000000e+00
      vertex   -3.504188e+01 -3.909369e+01 0.000000e+00
      vertex   -3.633539e+01 -3.789445e+01 -3.000000e+00
    endloop
  endfacet
  facet normal -6.798795e-01 -7.333239e-01 0.000000e+00
    outer loop
      vertex   -3.633539e+01 -3.789445e+01 -3.000000e+00
      vertex   -3.504188e+01 -3.909369e+01 0.000000e+00
      vertex   -3.633539e+01 -3.789445e+01 0.000000e+00
    endloop
  endfacet
  facet normal -7.041307e-01 -7.100704e-01 0.000000e+00
    outer loop
      vertex   -3.633539e+01 -3.789445e+01 -3.000000e+00
      vertex   -3.633539e+01 -3.789445e+01 0.000000e+00
      vertex   -3.758790e+01 -3.665242e+01 -3.000000e+00
    endloop
  endfacet
  facet normal -7.041307e-01 -7.100704e-01 2.813591e-17
    outer loop
      vertex   -3.758790e+01 -3.665242e+01 -3.000000e+00
      vertex   -3.633539e+01 -3.789445e+01 0.000000e+00
      vertex   -3.758790e+01 -3.665242e+01 0.000000e+00
    endloop
  endfacet
  facet normal -7.275871e-01 -6.860153e-01 -1.969236e-16
    outer loop
      vertex   -3.758790e+01 -3.665242e+01 -3.000000e+00
      vertex   -3.758790e+01 -3.665242e+01 0.000000e+00
      vertex   -3.879797e+01 -3.536902e+01 -3.000000e+00
    endloop
  endfacet
  facet normal -7.275871e-01 -6.860153e-01 -4.923089e-16
    outer loop
      vertex   -3.879797e+01 -3.536902e+01 -3.000000e+00
      vertex   -3.758790e+01 -3.665242e+01 0.000000e+00
      vertex   -3.879797e+01 -3.536902e+01 0.000000e+00
    endloop
  endfacet
  facet normal -7.502222e-01 -6.611858e-01 -1.054402e-15
    outer loop
      vertex   -3.879797e+01 -3.536902e+01 -3.000000e+00
      vertex   -3.879797e+01 -3.536902e+01 0.000000e+00
      vertex   -3.996424e+01 -3.404569e+01 -3.000000e+00
    endloop
  endfacet
  facet normal -7.502222e-01 -6.611858e-01 2.499364e-15
    outer loop
      vertex   -3.996424e+01 -3.404569e+01 -3.000000e+00
      vertex   -3.879797e+01 -3.536902e+01 0.000000e+00
      vertex   -3.996424e+01 -3.404569e+01 0.000000e+00
    endloop
  endfacet
  facet normal -7.720103e-01 -6.356100e-01 2.041671e-15
    outer loop
      vertex   -3.996424e+01 -3.404569e+01 -3.000000e+00
      vertex   -3.996424e+01 -3.404569e+01 0.000000e+00
      vertex   -4.108540e+01 -3.268394e+01 -3.000000e+00
    endloop
  endfacet
  facet normal -7.720103e-01 -6.356100e-01 0.000000e+00
    outer loop
      vertex   -4.108540e+01 -3.268394e+01 -3.000000e+00
      vertex   -3.996424e+01 -3.404569e+01 0.000000e+00
      vertex   -4.108540e+01 -3.268394e+01 0.000000e+00
    endloop
  endfacet
  facet normal -7.929270e-01 -6.093166e-01 0.000000e+00
    outer loop
      vertex   -4.108540e+01 -3.268394e+01 -3.000000e+00
      vertex   -4.108540e+01 -3.268394e+01 0.000000e+00
      vertex   -4.216018e+01 -3.128528e+01 -3.000000e+00
    endloop
  endfacet
  facet normal -7.929270e-01 -6.093166e-01 0.000000e+00
    outer loop
      vertex   -4.216018e+01 -3.128528e+01 -3.000000e+00
      vertex   -4.108540e+01 -3.268394e+01 0.000000e+00
      vertex   -4.216018e+01 -3.128528e+01 0.000000e+00
    endloop
  endfacet
  facet normal -8.129486e-01 -5.823354e-01 0.000000e+00
    outer loop
      vertex   -4.216018e+01 -3.128528e+01 -3.000000e+00
      vertex   -4.216018e+01 -3.128528e+01 0.000000e+00
      vertex   -4.318737e+01 -2.985131e+01 -3.000000e+00
    endloop
  endfacet
  facet normal -8.129486e-01 -5.823354e-01 -4.027797e-16
    outer loop
      vertex   -4.318737e+01 -2.985131e+01 -3.000000e+00
      vertex   -4.216018e+01 -3.128528e+01 0.000000e+00
      vertex   -4.318737e+01 -2.985131e+01 0.000000e+00
    endloop
  endfacet
  facet normal -8.320525e-01 -5.546969e-01 -6.569270e-16
    outer loop
      vertex   -4.318737e+01 -2.985131e+01 -3.000000e+00
      vertex   -4.318737e+01 -2.985131e+01 0.000000e+00
      vertex   -4.416581e+01 -2.838364e+01 -3.000000e+00
    endloop
  endfacet
  facet normal -8.320525e-01 -5.546969e-01 1.970662e-15
    outer loop
      vertex   -4.416581e+01 -2.838364e+01 -3.000000e+00
      vertex   -4.318737e+01 -2.985131e+01 0.000000e+00
      vertex   -4.416581e+01 -2.838364e+01 0.000000e+00
    endloop
  endfacet
  facet normal -8.502171e-01 -5.264322e-01 1.726807e-15
    outer loop
      vertex   -4.416581e+01 -2.838364e+01 -3.000000e+00
      vertex   -4.416581e+01 -2.838364e+01 0.000000e+00
      vertex   -4.509439e+01 -2.688393e+01 -3.000000e+00
    endloop
  endfacet
  facet normal -8.502171e-01 -5.264322e-01 8.164740e-16
    outer loop
      vertex   -4.509439e+01 -2.688393e+01 -3.000000e+00
      vertex   -4.416581e+01 -2.838364e+01 0.000000e+00
      vertex   -4.509439e+01 -2.688393e+01 0.000000e+00
    endloop
  endfacet
  facet normal -8.674220e-01 -4.975732e-01 3.182911e-16
    outer loop
      vertex   -4.509439e+01 -2.688393e+01 -3.000000e+00
      vertex   -4.509439e+01 -2.688393e+01 0.000000e+00
      vertex   -4.597207e+01 -2.535388e+01 -3.000000e+00
    endloop
  endfacet
  facet normal -8.674220e-01 -4.975732e-01 0.000000e+00
    outer loop
      vertex   -4.597207e+01 -2.535388e+01 -3.000000e+00
      vertex   -4.509439e+01 -2.688393e+01 0.000000e+00
      vertex   -4.597207e+01 -2.535388e+01 0.000000e+00
    endloop
  endfacet
  facet normal -8.836477e-01 -4.681525e-01 0.000000e+00
    outer loop
      vertex   -4.597207e+01 -2.535388e+01 -3.000000e+00
      vertex   -4.597207e+01 -2.535388e+01 0.000000e+00
      vertex   -4.679785e+01 -2.379520e+01 -3.000000e+00
    endloop
  endfacet
  facet normal -8.836477e-01 -4.681525e-01 0.000000e+00
    outer loop
      vertex   -4.679785e+01 -2.379520e+01 -3.000000e+00
      vertex   -4.597207e+01 -2.535388e+01 0.000000e+00
      vertex   -4.679785e+01 -2.379520e+01 0.000000e+00
    endloop
  endfacet
  facet normal -8.988759e-01 -4.382034e-01 0.000000e+00
    outer loop
      vertex   -4.679785e+01 -2.379520e+01 -3.000000e+00
      vertex   -4.679785e+01 -2.379520e+01 0.000000e+00
      vertex   -4.757080e+01 -2.220966e+01 -3.000000e+00
    endloop
  endfacet
  facet normal -8.988759e-01 -4.382034e-01 4.657194e-16
    outer loop
      vertex   -4.757080e+01 -2.220966e+01 -3.000000e+00
      vertex   -4.679785e+01 -2.379520e+01 0.000000e+00
      vertex   -4.757080e+01 -2.220966e+01 0.000000e+00
    endloop
  endfacet
  facet normal -9.130893e-01 -4.077596e-01 2.517916e-16
    outer loop
      vertex   -4.757080e+01 -2.220966e+01 -3.000000e+00
      vertex   -4.757080e+01 -2.220966e+01 0.000000e+00
      vertex   -4.829005e+01 -2.059905e+01 -3.000000e+00
    endloop
  endfacet
  facet normal -9.130893e-01 -4.077596e-01 2.517916e-16
    outer loop
      vertex   -4.829005e+01 -2.059905e+01 -3.000000e+00
      vertex   -4.757080e+01 -2.220966e+01 0.000000e+00
      vertex   -4.829005e+01 -2.059905e+01 0.000000e+00
    endloop
  endfacet
  facet normal -9.262721e-01 -3.768554e-01 3.757952e-17
    outer loop
      vertex   -4.829005e+01 -2.059905e+01 -3.000000e+00
      vertex   -4.829005e+01 -2.059905e+01 0.000000e+00
      vertex   -4.895479e+01 -1.896519e+01 -3.000000e+00
    endloop
  endfacet
  facet normal -9.262721e-01 -3.768554e-01 1.414019e-15
    outer loop
      vertex   -4.895479e+01 -1.896519e+01 -3.000000e+00
      vertex   -4.829005e+01 -2.059905e+01 0.000000e+00
      vertex   -4.895479e+01 -1.896519e+01 0.000000e+00
    endloop
  endfacet
  facet normal -9.384092e-01 -3.455259e-01 8.742047e-16
    outer loop
      vertex   -4.895479e+01 -1.896519e+01 -3.000000e+00
      vertex   -4.895479e+01 -1.896519e+01 0.000000e+00
      vertex   -4.956427e+01 -1.730992e+01 -3.000000e+00
    endloop
  endfacet
  facet normal -9.384092e-01 -3.455259e-01 0.000000e+00
    outer loop
      vertex   -4.956427e+01 -1.730992e+01 -3.000000e+00
      vertex   -4.895479e+01 -1.896519e+01 0.000000e+00
      vertex   -4.956427e+01 -1.730992e+01 0.000000e+00
    endloop
  endfacet
  facet normal -9.494870e-01 -3.138064e-01 0.000000e+00
    outer loop
      vertex   -4.956427e+01 -1.730992e+01 -3.000000e+00
      vertex   -4.956427e+01 -1.730992e+01 0.000000e+00
      vertex   -5.011780e+01 -1.563510e+01 -3.000000e+00
    endloop
  endfacet
  facet normal -9.494870e-01 -3.138064e-01 0.000000e+00
    outer loop
      vertex   -5.011780e+01 -1.563510e+01 -3.000000e+00
      vertex   -4.956427e+01 -1.730992e+01 0.000000e+00
      vertex   -5.011780e+01 -1.563510e+01 0.000000e+00
    endloop
  endfacet
  facet normal -9.594930e-01 -2.817326e-01 0.000000e+00
    outer loop
      vertex   -5.011780e+01 -1.563510e+01 -3.000000e+00
      vertex   -5.011780e+01 -1.563510e+01 0.000000e+00
      vertex   -5.061475e+01 -1.394264e+01 -3.000000e+00
    endloop
  endfacet
  facet normal -9.594930e-01 -2.817326e-01 -1.038865e-16
    outer loop
      vertex   -5.061475e+01 -1.394264e+01 -3.000000e+00
      vertex   -5.011780e+01 -1.563510e+01 0.000000e+00
      vertex   -5.061475e+01 -1.394264e+01 0.000000e+00
    endloop
  endfacet
  facet normal -9.684158e-01 -2.493407e-01 -3.743577e-16
    outer loop
      vertex   -5.061475e+01 -1.394264e+01 -3.000000e+00
      vertex   -5.061475e+01 -1.394264e+01 0.000000e+00
      vertex   -5.105456e+01 -1.223444e+01 -3.000000e+00
    endloop
  endfacet
  facet normal -9.684158e-01 -2.493407e-01 -2.520388e-15
    outer loop
      vertex   -5.105456e+01 -1.223444e+01 -3.000000e+00
      vertex   -5.061475e+01 -1.394264e+01 0.000000e+00
      vertex   -5.105456e+01 -1.223444e+01 0.000000e+00
    endloop
  endfacet
  facet normal -9.762455e-01 -2.166674e-01 -2.828327e-15
    outer loop
      vertex   -5.105456e+01 -1.223444e+01 -3.000000e+00
      vertex   -5.105456e+01 -1.223444e+01 0.000000e+00
      vertex   -5.143675e+01 -1.051243e+01 -3.000000e+00
    endloop
  endfacet
  facet normal -9.762455e-01 -2.166674e-01 -1.288813e-15
    outer loop
      vertex   -5.143675e+01 -1.051243e+01 -3.000000e+00
      vertex   -5.105456e+01 -1.223444e+01 0.000000e+00
      vertex   -5.143675e+01 -1.051243e+01 0.000000e+00
    endloop
  endfacet
  facet normal -9.829731e-01 -1.837495e-01 -1.827455e-15
    outer loop
      vertex   -5.143675e+01 -1.051243e+01 -3.000000e+00
      vertex   -5.143675e+01 -1.051243e+01 0.000000e+00
      vertex   -5.176086e+01 -8.778549e+00 -3.000000e+00
    endloop
  endfacet
  facet normal -9.829731e-01 -1.837495e-01 0.000000e+00
    outer loop
      vertex   -5.176086e+01 -8.778549e+00 -3.000000e+00
      vertex   -5.143675e+01 -1.051243e+01 0.000000e+00
      vertex   -5.176086e+01 -8.778549e+00 0.000000e+00
    endloop
  endfacet
  facet normal -9.885911e-01 -1.506242e-01 0.000000e+00
    outer loop
      vertex   -5.176086e+01 -8.778549e+00 -3.000000e+00
      vertex   -5.176086e+01 -8.778549e+00 0.000000e+00
      vertex   -5.202655e+01 -7.034760e+00 -3.000000e+00
    endloop
  endfacet
  facet normal -9.885911e-01 -1.506242e-01 0.000000e+00
    outer loop
      vertex   -5.202655e+01 -7.034760e+00 -3.000000e+00
      vertex   -5.176086e+01 -8.778549e+00 0.000000e+00
      vertex   -5.202655e+01 -7.034760e+00 0.000000e+00
    endloop
  endfacet
  facet normal -9.930931e-01 -1.173289e-01 0.000000e+00
    outer loop
      vertex   -5.202655e+01 -7.034760e+00 -3.000000e+00
      vertex   -5.202655e+01 -7.034760e+00 0.000000e+00
      vertex   -5.223351e+01 -5.283031e+00 -3.000000e+00
    endloop
  endfacet
  facet normal -9.930931e-01 -1.173289e-01 9.378806e-16
    outer loop
      vertex   -5.223351e+01 -5.283031e+00 -3.000000e+00
      vertex   -5.202655e+01 -7.034760e+00 0.000000e+00
      vertex   -5.223351e+01 -5.283031e+00 0.000000e+00
    endloop
  endfacet
  facet normal -9.964741e-01 -8.390106e-02 6.706720e-16
    outer loop
      vertex   -5.223351e+01 -5.283031e+00 -3.000000e+00
      vertex   -5.223351e+01 -5.283031e+00 0.000000e+00
      vertex   -5.238150e+01 -3.525337e+00 -3.000000e+00
    endloop
  endfacet
  facet normal -9.964741e-01 -8.390106e-02 6.582521e-16
    outer loop
      vertex   -5.238150e+01 -3.525337e+00 -3.000000e+00
      vertex   -5.223351e+01 -5.283031e+00 0.000000e+00
      vertex   -5.238150e+01 -3.525337e+00 0.000000e+00
    endloop
  endfacet
  facet normal -9.987302e-01 -5.037855e-02 3.952487e-16
    outer loop
      vertex   -5.238150e+01 -3.525337e+00 -3.000000e+00
      vertex   -5.238150e+01 -3.525337e+00 0.000000e+00
      vertex   -5.247037e+01 -1.763664e+00 -3.000000e+00
    endloop
  endfacet
  facet normal -9.987302e-01 -5.037855e-02 7.830399e-16
    outer loop
      vertex   -5.247037e+01 -1.763664e+00 -3.000000e+00
      vertex   -5.238150e+01 -3.525337e+00 0.000000e+00
      vertex   -5.247037e+01 -1.763664e+00 0.000000e+00
    endloop
  endfacet
  facet normal 0.000000e+00 0.000000e+00 1.000000e+00
    outer loop
      vertex   -5.147030e+01 1.748767e+00 0.000000e+00
      vertex   -5.247037e+01 1.763664e+00 0.000000e+00
      vertex   -5.150000e+01 -6.306931e-15 0.000000e+00
    endloop
  endfacet
  facet normal 0.000000e+00 0.000000e+00 1.000000e+00
    outer loop
      vertex   -5.150000e+01 -6.306931e-15 0.000000e+00
      vertex   -5.247037e+01 1.763664e+00 0.000000e+00
      vertex   -5.250000e+01 -6.429396e-15 0.000000e+00
    endloop
  endfacet
  facet normal 0.000000e+00 0.000000e+00 1.000000e+00
    outer loop
      vertex   -5.150000e+01 -6.306931e-15 0.000000e+00
      vertex   -5.250000e+01 -6.429396e-15 0.000000e+00
      vertex   -5.247037e+01 -1.763664e+00 0.000000e+00
    endloop
  endfacet
  facet normal -0.000000e+00 0.000000e+00 1.000000e+00
    outer loop
      vertex   -5.247037e+01 1.763664e+00 0.000000e+00
      vertex   -5.147030e+01 1.748767e+00 0.000000e+00
      vertex   -5.238150e+01 3.525337e+00 0.000000e+00
    endloop
  endfacet
  facet normal 0.000000e+00 0.000000e+00 1.000000e+00
    outer loop
      vertex   -5.238150e+01 3.525337e+00 0.000000e+00
      vertex   -5.147030e+01 1.748767e+00 0.000000e+00
      vertex   -5.138124e+01 3.495516e+00 0.000000e+00
    endloop
  endfacet
  facet normal -0.000000e+00 0.000000e+00 1.000000e+00
    outer loop
      vertex   -5.238150e+01 3.525337e+00 0.000000e+00
      vertex   -5.138124e+01 3.495516e+00 0.000000e+00
      vertex   -5.223351e+01 5.283031e+00 0.000000e+00
    endloop
  endfacet
  facet normal 0.000000e+00 0.000000e+00 1.000000e+00
    outer loop
      vertex   -5.223351e+01 5.283031e+00 0.000000e+00
      vertex   -5.138124e+01 3.495516e+00 0.000000e+00
      vertex   -5.123291e+01 5.238234e+00 0.000000e+00
    endloop
  endfacet
  facet normal -0.000000e+00 0.000000e+00 1.000000e+00
    outer loop
      vertex   -5.223351e+01 5.283031e+00 0.000000e+00
      vertex   -5.123291e+01 5.238234e+00 0.000000e+00
      vertex   -5.202655e+01 7.034760e+00 0.000000e+00
    endloop
  endfacet
  facet normal 0.000000e+00 0.000000e+00 1.000000e+00
    outer loop
      vertex   -5.202655e+01 7.034760e+00 0.000000e+00
      vertex   -5.123291e+01 5.238234e+00 0.000000e+00
      vertex   -5.102549e+01 6.974911e+00 0.000000e+00
    endloop
  endfacet
  facet normal -0.000000e+00 0.000000e+00 1.000000e+00
    outer loop
      vertex   -5.202655e+01 7.034760e+00 0.000000e+00
      vertex   -5.102549e+01 6.974911e+00 0.000000e+00
      vertex   -5.176086e+01 8.778549e+00 0.000000e+00
    endloop
  endfacet
  facet normal 0.000000e+00 0.000000e+00 1.000000e+00
    outer loop
      vertex   -5.176086e+01 8.778549e+00 0.000000e+00
      vertex   -5.102549e+01 6.974911e+00 0.000000e+00
      vertex   -5.075922e+01 8.703542e+00 0.000000e+00
    endloop
  endfacet
  facet normal -0.000000e+00 0.000000e+00 1.000000e+00
    outer loop
      vertex   -5.176086e+01 8.778549e+00 0.000000e+00
      vertex   -5.075922e+01 8.703542e+00 0.000000e+00
      vertex   -5.143675e+01 1.051243e+01 0.000000e+00
    endloop
  endfacet
  facet normal 0.000000e+00 0.000000e+00 1.000000e+00
    outer loop
      vertex   -5.143675e+01 1.051243e+01 0.000000e+00
      vertex   -5.075922e+01 8.703542e+00 0.000000e+00
      vertex   -5.043440e+01 1.042214e+01 0.000000e+00
    endloop
  endfacet
  facet normal -0.000000e+00 0.000000e+00 1.000000e+00
    outer loop
      vertex   -5.143675e+01 1.051243e+01 0.000000e+00
      vertex   -5.043440e+01 1.042214e+01 0.000000e+00
      vertex   -5.105456e+01 1.223444e+01 0.000000e+00
    endloop
  endfacet
  facet normal 0.000000e+00 0.000000e+00 1.000000e+00
    outer loop
      vertex   -5.105456e+01 1.223444e+01 0.000000e+00
      vertex   -5.043440e+01 1.042214e+01 0.000000e+00
      vertex   -5.005142e+01 1.212871e+01 0.000000e+00
    endloop
  endfacet
  facet normal -0.000000e+00 0.000000e+00 1.000000e+00
    outer loop
      vertex   -5.105456e+01 1.223444e+01 0.000000e+00
      vertex   -5.005142e+01 1.212871e+01 0.000000e+00
      vertex   -5.061475e+01 1.394264e+01 0.000000e+00
    endloop
  endfacet
  facet normal 0.000000e+00 0.000000e+00 1.000000e+00
    outer loop
      vertex   -5.061475e+01 1.394264e+01 0.000000e+00
      vertex   -5.005142e+01 1.212871e+01 0.000000e+00
      vertex   -4.961070e+01 1.382129e+01 0.000000e+00
    endloop
  endfacet
  facet normal -0.000000e+00 0.000000e+00 1.000000e+00
    outer loop
      vertex   -5.061475e+01 1.394264e+01 0.000000e+00
      vertex   -4.961070e+01 1.382129e+01 0.000000e+00
      vertex   -5.011780e+01 1.563510e+01 0.000000e+00
    endloop
  endfacet
  facet normal 0.000000e+00 0.000000e+00 1.000000e+00
    outer loop
      vertex   -5.011780e+01 1.563510e+01 0.000000e+00
      vertex   -4.961070e+01 1.382129e+01 0.000000e+00
      vertex   -4.911277e+01 1.549793e+01 0.000000e+00
    endloop
  endfacet
  facet normal -0.000000e+00 0.000000e+00 1.000000e+00
    outer loop
      vertex   -5.011780e+01 1.563510e+01 0.000000e+00
      vertex   -4.911277e+01 1.549793e+01 0.000000e+00
      vertex   -4.956427e+01 1.730992e+01 0.000000e+00
    endloop
  endfacet
  facet normal 0.000000e+00 0.000000e+00 1.000000e+00
    outer loop
      vertex   -4.956427e+01 1.730992e+01 0.000000e+00
      vertex   -4.911277e+01 1.549793e+01 0.000000e+00
      vertex   -4.855819e+01 1.715670e+01 0.000000e+00
    endloop
  endfacet
  facet normal -0.000000e+00 0.000000e+00 1.000000e+00
    outer loop
      vertex   -4.956427e+01 1.730992e+01 0.000000e+00
      vertex   -4.855819e+01 1.715670e+01 0.000000e+00
      vertex   -4.895479e+01 1.896519e+01 0.000000e+00
    endloop
  endfacet
  facet normal 0.000000e+00 0.000000e+00 1.000000e+00
    outer loop
      vertex   -4.895479e+01 1.896519e+01 0.000000e+00
      vertex   -4.855819e+01 1.715670e+01 0.000000e+00
      vertex   -4.794760e+01 1.879568e+01 0.000000e+00
    endloop
  endfacet
  facet normal -0.000000e+00 0.000000e+00 1.000000e+00
    outer loop
      vertex   -4.895479e+01 1.896519e+01 0.000000e+00
      vertex   -4.794760e+01 1.879568e+01 0.000000e+00
      vertex   -4.829005e+01 2.059905e+01 0.000000e+00
    endloop
  endfacet
  facet normal 0.000000e+00 0.000000e+00 1.000000e+00
    outer loop
      vertex   -4.829005e+01 2.059905e+01 0.000000e+00
      vertex   -4.794760e+01 1.879568e+01 0.000000e+00
      vertex   -4.728171e+01 2.041298e+01 0.000000e+00
    endloop
  endfacet
  facet normal -0.000000e+00 0.000000e+00 1.000000e+00
    outer loop
      vertex   -4.829005e+01 2.059905e+01 0.000000e+00
      vertex   -4.728171e+01 2.041298e+01 0.000000e+00
      vertex   -4.757080e+01 2.220966e+01 0.000000e+00
    endloop
  endfacet
  facet normal 0.000000e+00 0.000000e+00 1.000000e+00
    outer loop
      vertex   -4.757080e+01 2.220966e+01 0.000000e+00
      vertex   -4.728171e+01 2.041298e+01 0.000000e+00
      vertex   -4.656129e+01 2.200673e+01 0.000000e+00
    endloop
  endfacet
  facet normal -0.000000e+00 0.000000e+00 1.000000e+00
    outer loop
      vertex   -4.757080e+01 2.220966e+01 0.000000e+00
      vertex   -4.656129e+01 2.200673e+01 0.000000e+00
      vertex   -4.679785e+01 2.379520e+01 0.000000e+00
    endloop
  endfacet
  facet normal 0.000000e+00 0.000000e+00 1.000000e+00
    outer loop
      vertex   -4.679785e+01 2.379520e+01 0.000000e+00
      vertex   -4.656129e+01 2.200673e+01 0.000000e+00
      vertex   -4.578716e+01 2.357511e+01 0.000000e+00
    endloop
  endfacet
  facet normal -0.000000e+00 0.000000e+00 1.000000e+00
    outer loop
      vertex   -4.679785e+01 2.379520e+01 0.000000e+00
      vertex   -4.578716e+01 2.357511e+01 0.000000e+00
      vertex   -4.597207e+01 2.535388e+01 0.000000e+00
    endloop
  endfacet
  facet normal 0.000000e+00 0.000000e+00 1.000000e+00
    outer loop
      vertex   -4.597207e+01 2.535388e+01 0.000000e+00
      vertex   -4.578716e+01 2.357511e+01 0.000000e+00
      vertex   -4.496023e+01 2.511629e+01 0.000000e+00
    endloop
  endfacet
  facet normal -0.000000e+00 0.000000e+00 1.000000e+00
    outer loop
      vertex   -4.597207e+01 2.535388e+01 0.000000e+00
      vertex   -4.496023e+01 2.511629e+01 0.000000e+00
      vertex   -4.509439e+01 2.688393e+01 0.000000e+00
    endloop
  endfacet
  facet normal 0.000000e+00 0.000000e+00 1.000000e+00
    outer loop
      vertex   -4.509439e+01 2.688393e+01 0.000000e+00
      vertex   -4.496023e+01 2.511629e+01 0.000000e+00
      vertex   -4.408143e+01 2.662850e+01 0.000000e+00
    endloop
  endfacet
  facet normal -0.000000e+00 0.000000e+00 1.000000e+00
    outer loop
      vertex   -4.509439e+01 2.688393e+01 0.000000e+00
      vertex   -4.408143e+01 2.662850e+01 0.000000e+00
      vertex   -4.416581e+01 2.838364e+01 0.000000e+00
    endloop
  endfacet
  facet normal 0.000000e+00 0.000000e+00 1.000000e+00
    outer loop
      vertex   -4.416581e+01 2.838364e+01 0.000000e+00
      vertex   -4.408143e+01 2.662850e+01 0.000000e+00
      vertex   -4.315180e+01 2.811000e+01 0.000000e+00
    endloop
  endfacet
  facet normal -0.000000e+00 0.000000e+00 1.000000e+00
    outer loop
      vertex   -4.416581e+01 2.838364e+01 0.000000e+00
      vertex   -4.315180e+01 2.811000e+01 0.000000e+00
      vertex   -4.318737e+01 2.985131e+01 0.000000e+00
    endloop
  endfacet
  facet normal 0.000000e+00 0.000000e+00 1.000000e+00
    outer loop
      vertex   -4.318737e+01 2.985131e+01 0.000000e+00
      vertex   -4.315180e+01 2.811000e+01 0.000000e+00
      vertex   -4.217239e+01 2.955908e+01 0.000000e+00
    endloop
  endfacet
  facet normal -0.000000e+00 0.000000e+00 1.000000e+00
    outer loop
      vertex   -4.318737e+01 2.985131e+01 0.000000e+00
      vertex   -4.217239e+01 2.955908e+01 0.000000e+00
      vertex   -4.216018e+01 3.128528e+01 0.000000e+00
    endloop
  endfacet
  facet normal 0.000000e+00 0.000000e+00 1.000000e+00
    outer loop
      vertex   -4.216018e+01 3.128528e+01 0.000000e+00
      vertex   -4.217239e+01 2.955908e+01 0.000000e+00
      vertex   -4.114434e+01 3.097407e+01 0.000000e+00
    endloop
  endfacet
  facet normal -0.000000e+00 0.000000e+00 1.000000e+00
    outer loop
      vertex   -4.216018e+01 3.128528e+01 0.000000e+00
      vertex   -4.114434e+01 3.097407e+01 0.000000e+00
      vertex   -4.108540e+01 3.268394e+01 0.000000e+00
    endloop
  endfacet
  facet normal 0.000000e+00 0.000000e+00 1.000000e+00
    outer loop
      vertex   -4.108540e+01 3.268394e+01 0.000000e+00
      vertex   -4.114434e+01 3.097407e+01 0.000000e+00
      vertex   -4.006884e+01 3.235333e+01 0.000000e+00
    endloop
  endfacet
  facet normal -0.000000e+00 0.000000e+00 1.000000e+00
    outer loop
      vertex   -4.108540e+01 3.268394e+01 0.000000e+00
      vertex   -4.006884e+01 3.235333e+01 0.000000e+00
      vertex   -3.996424e+01 3.404569e+01 0.000000e+00
    endloop
  endfacet
  facet normal 0.000000e+00 0.000000e+00 1.000000e+00
    outer loop
      vertex   -3.996424e+01 3.404569e+01 0.000000e+00
      vertex   -4.006884e+01 3.235333e+01 0.000000e+00
      vertex   -3.894712e+01 3.369527e+01 0.000000e+00
    endloop
  endfacet
  facet normal -0.000000e+00 0.000000e+00 1.000000e+00
    outer loop
      vertex   -3.996424e+01 3.404569e+01 0.000000e+00
      vertex   -3.894712e+01 3.369527e+01 0.000000e+00
      vertex   -3.879797e+01 3.536902e+01 0.000000e+00
    endloop
  endfacet
  facet normal 0.000000e+00 0.000000e+00 1.000000e+00
    outer loop
      vertex   -3.879797e+01 3.536902e+01 0.000000e+00
      vertex   -3.894712e+01 3.369527e+01 0.000000e+00
      vertex   -3.778049e+01 3.499836e+01 0.000000e+00
    endloop
  endfacet
  facet normal -0.000000e+00 0.000000e+00 1.000000e+00
    outer loop
      vertex   -3.879797e+01 3.536902e+01 0.000000e+00
      vertex   -3.778049e+01 3.499836e+01 0.000000e+00
      vertex   -3.758790e+01 3.665242e+01 0.000000e+00
    endloop
  endfacet
  facet normal 0.000000e+00 0.000000e+00 1.000000e+00
    outer loop
      vertex   -3.758790e+01 3.665242e+01 0.000000e+00
      vertex   -3.778049e+01 3.499836e+01 0.000000e+00
      vertex   -3.657027e+01 3.626107e+01 0.000000e+00
    endloop
  endfacet
  facet normal -0.000000e+00 0.000000e+00 1.000000e+00
    outer loop
      vertex   -3.758790e+01 3.665242e+01 0.000000e+00
      vertex   -3.657027e+01 3.626107e+01 0.000000e+00
      vertex   -3.633539e+01 3.789445e+01 0.000000e+00
    endloop
  endfacet
  facet normal 0.000000e+00 0.000000e+00 1.000000e+00
    outer loop
      vertex   -3.633539e+01 3.789445e+01 0.000000e+00
      vertex   -3.657027e+01 3.626107e+01 0.000000e+00
      vertex   -3.531788e+01 3.748196e+01 0.000000e+00
    endloop
  endfacet
  facet normal -0.000000e+00 0.000000e+00 1.000000e+00
    outer loop
      vertex   -3.633539e+01 3.789445e+01 0.000000e+00
      vertex   -3.531788e+01 3.748196e+01 0.000000e+00
      vertex   -3.504188e+01 3.909369e+01 0.000000e+00
    endloop
  endfacet
  facet normal 0.000000e+00 0.000000e+00 1.000000e+00
    outer loop
      vertex   -3.504188e+01 3.909369e+01 0.000000e+00
      vertex   -3.531788e+01 3.748196e+01 0.000000e+00
      vertex   -3.402475e+01 3.865962e+01 0.000000e+00
    endloop
  endfacet
  facet normal -0.000000e+00 0.000000e+00 1.000000e+00
    outer loop
      vertex   -3.504188e+01 3.909369e+01 0.000000e+00
      vertex   -3.402475e+01 3.865962e+01 0.000000e+00
      vertex   -3.370880e+01 4.024881e+01 0.000000e+00
    endloop
  endfacet
  facet normal 0.000000e+00 0.000000e+00 1.000000e+00
    outer loop
      vertex   -3.370880e+01 4.024881e+01 0.000000e+00
      vertex   -3.402475e+01 3.865962e+01 0.000000e+00
      vertex   -3.269238e+01 3.979269e+01 0.000000e+00
    endloop
  endfacet
  facet normal -0.000000e+00 0.000000e+00 1.000000e+00
    outer loop
      vertex   -3.370880e+01 4.024881e+01 0.000000e+00
      vertex   -3.269238e+01 3.979269e+01 0.000000e+00
      vertex   -3.233767e+01 4.135849e+01 0.000000e+00
    endloop
  endfacet
  facet normal 0.000000e+00 0.000000e+00 1.000000e+00
    outer loop
      vertex   -3.233767e+01 4.135849e+01 0.000000e+00
      vertex   -3.269238e+01 3.979269e+01 0.000000e+00
      vertex   -3.132230e+01 4.087987e+01 0.000000e+00
    endloop
  endfacet
  facet normal -0.000000e+00 0.000000e+00 1.000000e+00
    outer loop
      vertex   -3.233767e+01 4.135849e+01 0.000000e+00
      vertex   -3.132230e+01 4.087987e+01 0.000000e+00
      vertex   -3.093004e+01 4.242149e+01 0.000000e+00
    endloop
  endfacet
  facet normal 0.000000e+00 0.000000e+00 1.000000e+00
    outer loop
      vertex   -3.093004e+01 4.242149e+01 0.000000e+00
      vertex   -3.132230e+01 4.087987e+01 0.000000e+00
      vertex   -2.991609e+01 4.191989e+01 0.000000e+00
    endloop
  endfacet
  facet normal -0.000000e+00 0.000000e+00 1.000000e+00
    outer loop
      vertex   -3.093004e+01 4.242149e+01 0.000000e+00
      vertex   -2.991609e+01 4.191989e+01 0.000000e+00
      vertex   -2.948749e+01 4.343660e+01 0.000000e+00
    endloop
  endfacet
  facet normal 0.000000e+00 0.000000e+00 1.000000e+00
    outer loop
      vertex   -2.948749e+01 4.343660e+01 0.000000e+00
      vertex   -2.991609e+01 4.191989e+01 0.000000e+00
      vertex   -2.847538e+01 4.291157e+01 0.000000e+00
    endloop
  endfacet
  facet normal -0.000000e+00 0.000000e+00 1.000000e+00
    outer loop
      vertex   -2.948749e+01 4.343660e+01 0.000000e+00
      vertex   -2.847538e+01 4.291157e+01 0.000000e+00
      vertex   -2.801165e+01 4.440267e+01 0.000000e+00
    endloop
  endfacet
  facet normal 0.000000e+00 0.000000e+00 1.000000e+00
    outer loop
      vertex   -2.801165e+01 4.440267e+01 0.000000e+00
      vertex   -2.847538e+01 4.291157e+01 0.000000e+00
      vertex   -2.700183e+01 4.385375e+01 0.000000e+00
    endloop
  endfacet
  facet normal -0.000000e+00 0.000000e+00 1.000000e+00
    outer loop
      vertex   -2.801165e+01 4.440267e+01 0.000000e+00
      vertex   -2.700183e+01 4.385375e+01 0.000000e+00
      vertex   -2.650420e+01 4.531862e+01 0.000000e+00
    endloop
  endfacet
  facet normal 0.000000e+00 0.000000e+00 1.000000e+00
    outer loop
      vertex   -2.650420e+01 4.531862e+01 0.000000e+00
      vertex   -2.700183e+01 4.385375e+01 0.000000e+00
      vertex   -2.549713e+01 4.474535e+01 0.000000e+00
    endloop
  endfacet
  facet normal -0.000000e+00 0.000000e+00 1.000000e+00
    outer loop
      vertex   -2.650420e+01 4.531862e+01 0.000000e+00
      vertex   -2.549713e+01 4.474535e+01 0.000000e+00
      vertex   -2.496682e+01 4.618341e+01 0.000000e+00
    endloop
  endfacet
  facet normal 0.000000e+00 0.000000e+00 1.000000e+00
    outer loop
      vertex   -2.496682e+01 4.618341e+01 0.000000e+00
      vertex   -2.549713e+01 4.474535e+01 0.000000e+00
      vertex   -2.396302e+01 4.558534e+01 0.000000e+00
    endloop
  endfacet
  facet normal -0.000000e+00 0.000000e+00 1.000000e+00
    outer loop
      vertex   -2.496682e+01 4.618341e+01 0.000000e+00
      vertex   -2.396302e+01 4.558534e+01 0.000000e+00
      vertex   -2.340126e+01 4.699607e+01 0.000000e+00
    endloop
  endfacet
  facet normal 0.000000e+00 0.000000e+00 1.000000e+00
    outer loop
      vertex   -2.340126e+01 4.699607e+01 0.000000e+00
      vertex   -2.396302e+01 4.558534e+01 0.000000e+00
      vertex   -2.240128e+01 4.637276e+01 0.000000e+00
    endloop
  endfacet
  facet normal -0.000000e+00 0.000000e+00 1.000000e+00
    outer loop
      vertex   -2.340126e+01 4.699607e+01 0.000000e+00
      vertex   -2.240128e+01 4.637276e+01 0.000000e+00
      vertex   -2.180929e+01 4.775568e+01 0.000000e+00
    endloop
  endfacet
  facet normal 0.000000e+00 0.000000e+00 1.000000e+00
    outer loop
      vertex   -2.180929e+01 4.775568e+01 0.000000e+00
      vertex   -2.240128e+01 4.637276e+01 0.000000e+00
      vertex   -2.081370e+01 4.710669e+01 0.000000e+00
    endloop
  endfacet
  facet normal -0.000000e+00 0.000000e+00 1.000000e+00
    outer loop
      vertex   -2.180929e+01 4.775568e+01 0.000000e+00
      vertex   -2.081370e+01 4.710669e+01 0.000000e+00
      vertex   -2.019269e+01 4.846138e+01 0.000000e+00
    endloop
  endfacet
  facet normal 0.000000e+00 0.000000e+00 1.000000e+00
    outer loop
      vertex   -2.019269e+01 4.846138e+01 0.000000e+00
      vertex   -2.081370e+01 4.710669e+01 0.000000e+00
      vertex   -1.920211e+01 4.778628e+01 0.000000e+00
    endloop
  endfacet
  facet normal -0.000000e+00 0.000000e+00 1.000000e+00
    outer loop
      vertex   -2.019269e+01 4.846138e+01 0.000000e+00
      vertex   -1.920211e+01 4.778628e+01 0.000000e+00
      vertex   -1.855330e+01 4.911237e+01 0.000000e+00
    endloop
  endfacet
  facet normal 0.000000e+00 0.000000e+00 1.000000e+00
    outer loop
      vertex   -1.855330e+01 4.911237e+01 0.000000e+00
      vertex   -1.920211e+01 4.778628e+01 0.000000e+00
      vertex   -1.756837e+01 4.841077e+01 0.000000e+00
    endloop
  endfacet
  facet normal -0.000000e+00 0.000000e+00 1.000000e+00
    outer loop
      vertex   -1.855330e+01 4.911237e+01 0.000000e+00
      vertex   -1.756837e+01 4.841077e+01 0.000000e+00
      vertex   -1.689297e+01 4.970792e+01 0.000000e+00
    endloop
  endfacet
  facet normal 0.000000e+00 0.000000e+00 1.000000e+00
    outer loop
      vertex   -1.689297e+01 4.970792e+01 0.000000e+00
      vertex   -1.756837e+01 4.841077e+01 0.000000e+00
      vertex   -1.591438e+01 4.897941e+01 0.000000e+00
    endloop
  endfacet
  facet normal -0.000000e+00 0.000000e+00 1.000000e+00
    outer loop
      vertex   -1.689297e+01 4.970792e+01 0.000000e+00
      vertex   -1.591438e+01 4.897941e+01 0.000000e+00
      vertex   -1.521357e+01 5.024736e+01 0.000000e+00
    endloop
  endfacet
  facet normal 0.000000e+00 0.000000e+00 1.000000e+00
    outer loop
      vertex   -1.521357e+01 5.024736e+01 0.000000e+00
      vertex   -1.591438e+01 4.897941e+01 0.000000e+00
      vertex   -1.424202e+01 4.949156e+01 0.000000e+00
    endloop
  endfacet
  facet normal -0.000000e+00 0.000000e+00 1.000000e+00
    outer loop
      vertex   -1.521357e+01 5.024736e+01 0.000000e+00
      vertex   -1.424202e+01 4.949156e+01 0.000000e+00
      vertex   -1.351699e+01 5.073008e+01 0.000000e+00
    endloop
  endfacet
  facet normal 0.000000e+00 0.000000e+00 1.000000e+00
    outer loop
      vertex   -1.351699e+01 5.073008e+01 0.000000e+00
      vertex   -1.424202e+01 4.949156e+01 0.000000e+00
      vertex   -1.255324e+01 4.994663e+01 0.000000e+00
    endloop
  endfacet
  facet normal -0.000000e+00 0.000000e+00 1.000000e+00
    outer loop
      vertex   -1.351699e+01 5.073008e+01 0.000000e+00
      vertex   -1.255324e+01 4.994663e+01 0.000000e+00
      vertex   -1.180516e+01 5.115553e+01 0.000000e+00
    endloop
  endfacet
  facet normal 0.000000e+00 0.000000e+00 1.000000e+00
    outer loop
      vertex   -1.180516e+01 5.115553e+01 0.000000e+00
      vertex   -1.255324e+01 4.994663e+01 0.000000e+00
      vertex   -1.084998e+01 5.034409e+01 0.000000e+00
    endloop
  endfacet
  facet normal -0.000000e+00 0.000000e+00 1.000000e+00
    outer loop
      vertex   -1.180516e+01 5.115553e+01 0.000000e+00
      vertex   -1.084998e+01 5.034409e+01 0.000000e+00
      vertex   -1.007999e+01 5.152323e+01 0.000000e+00
    endloop
  endfacet
  facet normal 0.000000e+00 0.000000e+00 1.000000e+00
    outer loop
      vertex   -1.007999e+01 5.152323e+01 0.000000e+00
      vertex   -1.084998e+01 5.034409e+01 0.000000e+00
      vertex   -9.134209e+00 5.068349e+01 0.000000e+00
    endloop
  endfacet
  facet normal -0.000000e+00 0.000000e+00 1.000000e+00
    outer loop
      vertex   -1.007999e+01 5.152323e+01 0.000000e+00
      vertex   -9.134209e+00 5.068349e+01 0.000000e+00
      vertex   -8.343454e+00 5.183278e+01 0.000000e+00
    endloop
  endfacet
  facet normal 0.000000e+00 0.000000e+00 1.000000e+00
    outer loop
      vertex   -8.343454e+00 5.183278e+01 0.000000e+00
      vertex   -9.134209e+00 5.068349e+01 0.000000e+00
      vertex   -7.407901e+00 5.096443e+01 0.000000e+00
    endloop
  endfacet
  facet normal -0.000000e+00 0.000000e+00 1.000000e+00
    outer loop
      vertex   -8.343454e+00 5.183278e+01 0.000000e+00
      vertex   -7.407901e+00 5.096443e+01 0.000000e+00
      vertex   -6.597495e+00 5.208381e+01 0.000000e+00
    endloop
  endfacet
  facet normal 0.000000e+00 0.000000e+00 1.000000e+00
    outer loop
      vertex   -6.597495e+00 5.208381e+01 0.000000e+00
      vertex   -7.407901e+00 5.096443e+01 0.000000e+00
      vertex   -5.673048e+00 5.118659e+01 0.000000e+00
    endloop
  endfacet
  facet normal -0.000000e+00 0.000000e+00 1.000000e+00
    outer loop
      vertex   -6.597495e+00 5.208381e+01 0.000000e+00
      vertex   -5.673048e+00 5.118659e+01 0.000000e+00
      vertex   -4.844089e+00 5.227604e+01 0.000000e+00
    endloop
  endfacet
  facet normal 0.000000e+00 0.000000e+00 1.000000e+00
    outer loop
      vertex   -4.844089e+00 5.227604e+01 0.000000e+00
      vertex   -5.673048e+00 5.118659e+01 0.000000e+00
      vertex   -3.931652e+00 5.134970e+01 0.000000e+00
    endloop
  endfacet
  facet normal -0.000000e+00 0.000000e+00 1.000000e+00
    outer loop
      vertex   -4.844089e+00 5.227604e+01 0.000000e+00
      vertex   -3.931652e+00 5.134970e+01 0.000000e+00
      vertex   -3.085214e+00 5.240927e+01 0.000000e+00
    endloop
  endfacet
  facet normal 0.000000e+00 0.000000e+00 1.000000e+00
    outer loop
      vertex   -3.085214e+00 5.240927e+01 0.000000e+00
      vertex   -3.931652e+00 5.134970e+01 0.000000e+00
      vertex   -2.185722e+00 5.145360e+01 0.000000e+00
    endloop
  endfacet
  facet normal -0.000000e+00 0.000000e+00 1.000000e+00
    outer loop
      vertex   -3.085214e+00 5.240927e+01 0.000000e+00
      vertex   -2.185722e+00 5.145360e+01 0.000000e+00
      vertex   -1.322857e+00 5.248333e+01 0.000000e+00
    endloop
  endfacet
  facet normal 0.000000e+00 0.000000e+00 1.000000e+00
    outer loop
      vertex   -1.322857e+00 5.248333e+01 0.000000e+00
      vertex   -2.185722e+00 5.145360e+01 0.000000e+00
      vertex   -4.372705e-01 5.149814e+01 0.000000e+00
    endloop
  endfacet
  facet normal -0.000000e+00 0.000000e+00 1.000000e+00
    outer loop
      vertex   -1.322857e+00 5.248333e+01 0.000000e+00
      vertex   -4.372705e-01 5.149814e+01 0.000000e+00
      vertex   4.409938e-01 5.249815e+01 0.000000e+00
    endloop
  endfacet
  facet normal 0.000000e+00 0.000000e+00 1.000000e+00
    outer loop
      vertex   4.409938e-01 5.249815e+01 0.000000e+00
      vertex   -4.372705e-01 5.149814e+01 0.000000e+00
      vertex   1.311685e+00 5.148329e+01 0.000000e+00
    endloop
  endfacet
  facet normal 0.000000e+00 0.000000e+00 1.000000e+00
    outer loop
      vertex   4.409938e-01 5.249815e+01 0.000000e+00
      vertex   1.311685e+00 5.148329e+01 0.000000e+00
      vertex   2.204347e+00 5.245370e+01 0.000000e+00
    endloop
  endfacet
  facet normal 0.000000e+00 0.000000e+00 1.000000e+00
    outer loop
      vertex   2.204347e+00 5.245370e+01 0.000000e+00
      vertex   1.311685e+00 5.148329e+01 0.000000e+00
      vertex   3.059128e+00 5.140906e+01 0.000000e+00
    endloop
  endfacet
  facet normal 0.000000e+00 0.000000e+00 1.000000e+00
    outer loop
      vertex   2.204347e+00 5.245370e+01 0.000000e+00
      vertex   3.059128e+00 5.140906e+01 0.000000e+00
      vertex   3.965211e+00 5.235004e+01 0.000000e+00
    endloop
  endfacet
  facet normal 0.000000e+00 0.000000e+00 1.000000e+00
    outer loop
      vertex   3.965211e+00 5.235004e+01 0.000000e+00
      vertex   3.059128e+00 5.140906e+01 0.000000e+00
      vertex   4.803043e+00 5.127554e+01 0.000000e+00
    endloop
  endfacet
  facet normal 0.000000e+00 0.000000e+00 1.000000e+00
    outer loop
      vertex   3.965211e+00 5.235004e+01 0.000000e+00
      vertex   4.803043e+00 5.127554e+01 0.000000e+00
      vertex   5.721599e+00 5.218729e+01 0.000000e+00
    endloop
  endfacet
  facet normal 0.000000e+00 0.000000e+00 1.000000e+00
    outer loop
      vertex   5.721599e+00 5.218729e+01 0.000000e+00
      vertex   4.803043e+00 5.127554e+01 0.000000e+00
      vertex   6.541418e+00 5.108287e+01 0.000000e+00
    endloop
  endfacet
  facet normal 0.000000e+00 0.000000e+00 1.000000e+00
    outer loop
      vertex   5.721599e+00 5.218729e+01 0.000000e+00
      vertex   6.541418e+00 5.108287e+01 0.000000e+00
      vertex   7.471529e+00 5.196563e+01 0.000000e+00
    endloop
  endfacet
  facet normal 0.000000e+00 0.000000e+00 1.000000e+00
    outer loop
      vertex   7.471529e+00 5.196563e+01 0.000000e+00
      vertex   6.541418e+00 5.108287e+01 0.000000e+00
      vertex   8.272248e+00 5.083129e+01 0.000000e+00
    endloop
  endfacet
  facet normal 0.000000e+00 0.000000e+00 1.000000e+00
    outer loop
      vertex   7.471529e+00 5.196563e+01 0.000000e+00
      vertex   8.272248e+00 5.083129e+01 0.000000e+00
      vertex   9.213024e+00 5.168530e+01 0.000000e+00
    endloop
  endfacet
  facet normal 0.000000e+00 0.000000e+00 1.000000e+00
    outer loop
      vertex   9.213024e+00 5.168530e+01 0.000000e+00
      vertex   8.272248e+00 5.083129e+01 0.000000e+00
      vertex   9.993537e+00 5.052108e+01 0.000000e+00
    endloop
  endfacet
  facet normal 0.000000e+00 0.000000e+00 1.000000e+00
    outer loop
      vertex   9.213024e+00 5.168530e+01 0.000000e+00
      vertex   9.993537e+00 5.052108e+01 0.000000e+00
      vertex   1.094412e+01 5.134663e+01 0.000000e+00
    endloop
  endfacet
  facet normal 0.000000e+00 0.000000e+00 1.000000e+00
    outer loop
      vertex   1.094412e+01 5.134663e+01 0.000000e+00
      vertex   9.993537e+00 5.052108e+01 0.000000e+00
      vertex   1.170330e+01 5.015260e+01 0.000000e+00
    endloop
  endfacet
  facet normal 0.000000e+00 0.000000e+00 1.000000e+00
    outer loop
      vertex   1.094412e+01 5.134663e+01 0.000000e+00
      vertex   1.170330e+01 5.015260e+01 0.000000e+00
      vertex   1.266286e+01 5.094999e+01 0.000000e+00
    endloop
  endfacet
  facet normal 0.000000e+00 0.000000e+00 1.000000e+00
    outer loop
      vertex   1.266286e+01 5.094999e+01 0.000000e+00
      vertex   1.170330e+01 5.015260e+01 0.000000e+00
      vertex   1.339956e+01 4.972627e+01 0.000000e+00
    endloop
  endfacet
  facet normal 0.000000e+00 0.000000e+00 1.000000e+00
    outer loop
      vertex   1.266286e+01 5.094999e+01 0.000000e+00
      vertex   1.339956e+01 4.972627e+01 0.000000e+00
      vertex   1.436731e+01 5.049585e+01 0.000000e+00
    endloop
  endfacet
  facet normal 0.000000e+00 0.000000e+00 1.000000e+00
    outer loop
      vertex   1.436731e+01 5.049585e+01 0.000000e+00
      vertex   1.339956e+01 4.972627e+01 0.000000e+00
      vertex   1.508037e+01 4.924259e+01 0.000000e+00
    endloop
  endfacet
  facet normal 0.000000e+00 0.000000e+00 1.000000e+00
    outer loop
      vertex   1.436731e+01 5.049585e+01 0.000000e+00
      vertex   1.508037e+01 4.924259e+01 0.000000e+00
      vertex   1.605553e+01 4.998470e+01 0.000000e+00
    endloop
  endfacet
  facet normal 0.000000e+00 0.000000e+00 1.000000e+00
    outer loop
      vertex   1.605553e+01 4.998470e+01 0.000000e+00
      vertex   1.508037e+01 4.924259e+01 0.000000e+00
      vertex   1.674379e+01 4.870211e+01 0.000000e+00
    endloop
  endfacet
  facet normal 0.000000e+00 0.000000e+00 1.000000e+00
    outer loop
      vertex   1.605553e+01 4.998470e+01 0.000000e+00
      vertex   1.674379e+01 4.870211e+01 0.000000e+00
      vertex   1.772564e+01 4.941712e+01 0.000000e+00
    endloop
  endfacet
  facet normal 0.000000e+00 0.000000e+00 1.000000e+00
    outer loop
      vertex   1.772564e+01 4.941712e+01 0.000000e+00
      vertex   1.674379e+01 4.870211e+01 0.000000e+00
      vertex   1.838789e+01 4.810546e+01 0.000000e+00
    endloop
  endfacet
  facet normal 0.000000e+00 0.000000e+00 1.000000e+00
    outer loop
      vertex   1.772564e+01 4.941712e+01 0.000000e+00
      vertex   1.838789e+01 4.810546e+01 0.000000e+00
      vertex   1.937573e+01 4.879376e+01 0.000000e+00
    endloop
  endfacet
  facet normal 0.000000e+00 0.000000e+00 1.000000e+00
    outer loop
      vertex   1.937573e+01 4.879376e+01 0.000000e+00
      vertex   1.838789e+01 4.810546e+01 0.000000e+00
      vertex   2.001079e+01 4.745333e+01 0.000000e+00
    endloop
  endfacet
  facet normal 0.000000e+00 0.000000e+00 1.000000e+00
    outer loop
      vertex   1.937573e+01 4.879376e+01 0.000000e+00
      vertex   2.001079e+01 4.745333e+01 0.000000e+00
      vertex   2.100395e+01 4.811532e+01 0.000000e+00
    endloop
  endfacet
  facet normal 0.000000e+00 0.000000e+00 1.000000e+00
    outer loop
      vertex   2.100395e+01 4.811532e+01 0.000000e+00
      vertex   2.001079e+01 4.745333e+01 0.000000e+00
      vertex   2.161060e+01 4.674646e+01 0.000000e+00
    endloop
  endfacet
  facet normal 0.000000e+00 0.000000e+00 1.000000e+00
    outer loop
      vertex   2.100395e+01 4.811532e+01 0.000000e+00
      vertex   2.161060e+01 4.674646e+01 0.000000e+00
      vertex   2.260847e+01 4.738256e+01 0.000000e+00
    endloop
  endfacet
  facet normal 0.000000e+00 0.000000e+00 1.000000e+00
    outer loop
      vertex   2.260847e+01 4.738256e+01 0.000000e+00
      vertex   2.161060e+01 4.674646e+01 0.000000e+00
      vertex   2.318549e+01 4.598568e+01 0.000000e+00
    endloop
  endfacet
  facet normal 0.000000e+00 0.000000e+00 1.000000e+00
    outer loop
      vertex   2.260847e+01 4.738256e+01 0.000000e+00
      vertex   2.318549e+01 4.598568e+01 0.000000e+00
      vertex   2.418746e+01 4.659632e+01 0.000000e+00
    endloop
  endfacet
  facet normal 0.000000e+00 0.000000e+00 1.000000e+00
    outer loop
      vertex   2.418746e+01 4.659632e+01 0.000000e+00
      vertex   2.318549e+01 4.598568e+01 0.000000e+00
      vertex   2.473364e+01 4.517186e+01 0.000000e+00
    endloop
  endfacet
  facet normal 0.000000e+00 0.000000e+00 1.000000e+00
    outer loop
      vertex   2.418746e+01 4.659632e+01 0.000000e+00
      vertex   2.473364e+01 4.517186e+01 0.000000e+00
      vertex   2.573914e+01 4.575748e+01 0.000000e+00
    endloop
  endfacet
  facet normal 0.000000e+00 0.000000e+00 1.000000e+00
    outer loop
      vertex   2.573914e+01 4.575748e+01 0.000000e+00
      vertex   2.473364e+01 4.517186e+01 0.000000e+00
      vertex   2.625326e+01 4.430594e+01 0.000000e+00
    endloop
  endfacet
  facet normal 0.000000e+00 0.000000e+00 1.000000e+00
    outer loop
      vertex   2.573914e+01 4.575748e+01 0.000000e+00
      vertex   2.625326e+01 4.430594e+01 0.000000e+00
      vertex   2.726177e+01 4.486698e+01 0.000000e+00
    endloop
  endfacet
  facet normal 0.000000e+00 0.000000e+00 1.000000e+00
    outer loop
      vertex   2.726177e+01 4.486698e+01 0.000000e+00
      vertex   2.625326e+01 4.430594e+01 0.000000e+00
      vertex   2.774260e+01 4.338892e+01 0.000000e+00
    endloop
  endfacet
  facet normal 0.000000e+00 0.000000e+00 1.000000e+00
    outer loop
      vertex   2.726177e+01 4.486698e+01 0.000000e+00
      vertex   2.774260e+01 4.338892e+01 0.000000e+00
      vertex   2.875363e+01 4.392583e+01 0.000000e+00
    endloop
  endfacet
  facet normal 0.000000e+00 0.000000e+00 1.000000e+00
    outer loop
      vertex   2.875363e+01 4.392583e+01 0.000000e+00
      vertex   2.774260e+01 4.338892e+01 0.000000e+00
      vertex   2.919994e+01 4.242185e+01 0.000000e+00
    endloop
  endfacet
  facet normal 0.000000e+00 0.000000e+00 1.000000e+00
    outer loop
      vertex   2.875363e+01 4.392583e+01 0.000000e+00
      vertex   2.919994e+01 4.242185e+01 0.000000e+00
      vertex   3.021303e+01 4.293510e+01 0.000000e+00
    endloop
  endfacet
  facet normal 0.000000e+00 0.000000e+00 1.000000e+00
    outer loop
      vertex   3.021303e+01 4.293510e+01 0.000000e+00
      vertex   2.919994e+01 4.242185e+01 0.000000e+00
      vertex   3.062361e+01 4.140585e+01 0.000000e+00
    endloop
  endfacet
  facet normal 0.000000e+00 0.000000e+00 1.000000e+00
    outer loop
      vertex   3.021303e+01 4.293510e+01 0.000000e+00
      vertex   3.062361e+01 4.140585e+01 0.000000e+00
      vertex   3.163832e+01 4.189590e+01 0.000000e+00
    endloop
  endfacet
  facet normal 0.000000e+00 0.000000e+00 1.000000e+00
    outer loop
      vertex   3.163832e+01 4.189590e+01 0.000000e+00
      vertex   3.062361e+01 4.140585e+01 0.000000e+00
      vertex   3.201195e+01 4.034210e+01 0.000000e+00
    endloop
  endfacet
  facet normal 0.000000e+00 0.000000e+00 1.000000e+00
    outer loop
      vertex   3.163832e+01 4.189590e+01 0.000000e+00
      vertex   3.201195e+01 4.034210e+01 0.000000e+00
      vertex   3.302790e+01 4.080941e+01 0.000000e+00
    endloop
  endfacet
  facet normal 0.000000e+00 0.000000e+00 1.000000e+00
    outer loop
      vertex   3.302790e+01 4.080941e+01 0.000000e+00
      vertex   3.201195e+01 4.034210e+01 0.000000e+00
      vertex   3.336337e+01 3.923182e+01 0.000000e+00
    endloop
  endfacet
  facet normal 0.000000e+00 0.000000e+00 1.000000e+00
    outer loop
      vertex   3.302790e+01 4.080941e+01 0.000000e+00
      vertex   3.336337e+01 3.923182e+01 0.000000e+00
      vertex   3.438019e+01 3.967685e+01 0.000000e+00
    endloop
  endfacet
  facet normal 0.000000e+00 0.000000e+00 1.000000e+00
    outer loop
      vertex   3.438019e+01 3.967685e+01 0.000000e+00
      vertex   3.336337e+01 3.923182e+01 0.000000e+00
      vertex   3.467631e+01 3.807628e+01 0.000000e+00
    endloop
  endfacet
  facet normal 0.000000e+00 0.000000e+00 1.000000e+00
    outer loop
      vertex   3.438019e+01 3.967685e+01 0.000000e+00
      vertex   3.467631e+01 3.807628e+01 0.000000e+00
      vertex   3.569367e+01 3.849950e+01 0.000000e+00
    endloop
  endfacet
  facet normal 0.000000e+00 0.000000e+00 1.000000e+00
    outer loop
      vertex   3.569367e+01 3.849950e+01 0.000000e+00
      vertex   3.467631e+01 3.807628e+01 0.000000e+00
      vertex   3.594926e+01 3.687683e+01 0.000000e+00
    endloop
  endfacet
  facet normal 0.000000e+00 0.000000e+00 1.000000e+00
    outer loop
      vertex   3.569367e+01 3.849950e+01 0.000000e+00
      vertex   3.594926e+01 3.687683e+01 0.000000e+00
      vertex   3.696686e+01 3.727869e+01 0.000000e+00
    endloop
  endfacet
  facet normal 0.000000e+00 0.000000e+00 1.000000e+00
    outer loop
      vertex   3.696686e+01 3.727869e+01 0.000000e+00
      vertex   3.594926e+01 3.687683e+01 0.000000e+00
      vertex   3.718074e+01 3.563485e+01 0.000000e+00
    endloop
  endfacet
  facet normal 0.000000e+00 0.000000e+00 1.000000e+00
    outer loop
      vertex   3.696686e+01 3.727869e+01 0.000000e+00
      vertex   3.718074e+01 3.563485e+01 0.000000e+00
      vertex   3.819832e+01 3.601580e+01 0.000000e+00
    endloop
  endfacet
  facet normal 0.000000e+00 0.000000e+00 1.000000e+00
    outer loop
      vertex   3.819832e+01 3.601580e+01 0.000000e+00
      vertex   3.718074e+01 3.563485e+01 0.000000e+00
      vertex   3.836934e+01 3.435177e+01 0.000000e+00
    endloop
  endfacet
  facet normal 0.000000e+00 0.000000e+00 1.000000e+00
    outer loop
      vertex   3.819832e+01 3.601580e+01 0.000000e+00
      vertex   3.836934e+01 3.435177e+01 0.000000e+00
      vertex   3.938666e+01 3.471226e+01 0.000000e+00
    endloop
  endfacet
  facet normal 0.000000e+00 0.000000e+00 1.000000e+00
    outer loop
      vertex   3.938666e+01 3.471226e+01 0.000000e+00
      vertex   3.836934e+01 3.435177e+01 0.000000e+00
      vertex   3.951368e+01 3.302906e+01 0.000000e+00
    endloop
  endfacet
  facet normal 0.000000e+00 0.000000e+00 1.000000e+00
    outer loop
      vertex   3.938666e+01 3.471226e+01 0.000000e+00
      vertex   3.951368e+01 3.302906e+01 0.000000e+00
      vertex   4.053054e+01 3.336952e+01 0.000000e+00
    endloop
  endfacet
  facet normal 0.000000e+00 0.000000e+00 1.000000e+00
    outer loop
      vertex   4.053054e+01 3.336952e+01 0.000000e+00
      vertex   3.951368e+01 3.302906e+01 0.000000e+00
      vertex   4.061245e+01 3.166827e+01 0.000000e+00
    endloop
  endfacet
  facet normal 0.000000e+00 0.000000e+00 1.000000e+00
    outer loop
      vertex   4.053054e+01 3.336952e+01 0.000000e+00
      vertex   4.061245e+01 3.166827e+01 0.000000e+00
      vertex   4.162867e+01 3.198912e+01 0.000000e+00
    endloop
  endfacet
  facet normal 0.000000e+00 0.000000e+00 1.000000e+00
    outer loop
      vertex   4.162867e+01 3.198912e+01 0.000000e+00
      vertex   4.061245e+01 3.166827e+01 0.000000e+00
      vertex   4.166438e+01 3.027094e+01 0.000000e+00
    endloop
  endfacet
  facet normal 0.000000e+00 0.000000e+00 1.000000e+00
    outer loop
      vertex   4.162867e+01 3.198912e+01 0.000000e+00
      vertex   4.166438e+01 3.027094e+01 0.000000e+00
      vertex   4.267980e+01 3.057261e+01 0.000000e+00
    endloop
  endfacet
  facet normal 0.000000e+00 0.000000e+00 1.000000e+00
    outer loop
      vertex   4.267980e+01 3.057261e+01 0.000000e+00
      vertex   4.166438e+01 3.027094e+01 0.000000e+00
      vertex   4.266825e+01 2.883870e+01 0.000000e+00
    endloop
  endfacet
  facet normal 0.000000e+00 0.000000e+00 1.000000e+00
    outer loop
      vertex   4.267980e+01 3.057261e+01 0.000000e+00
      vertex   4.266825e+01 2.883870e+01 0.000000e+00
      vertex   4.368276e+01 2.912159e+01 0.000000e+00
    endloop
  endfacet
  facet normal 0.000000e+00 0.000000e+00 1.000000e+00
    outer loop
      vertex   4.368276e+01 2.912159e+01 0.000000e+00
      vertex   4.266825e+01 2.883870e+01 0.000000e+00
      vertex   4.362291e+01 2.737320e+01 0.000000e+00
    endloop
  endfacet
  facet normal 0.000000e+00 0.000000e+00 1.000000e+00
    outer loop
      vertex   4.368276e+01 2.912159e+01 0.000000e+00
      vertex   4.362291e+01 2.737320e+01 0.000000e+00
      vertex   4.463640e+01 2.763769e+01 0.000000e+00
    endloop
  endfacet
  facet normal 0.000000e+00 0.000000e+00 1.000000e+00
    outer loop
      vertex   4.463640e+01 2.763769e+01 0.000000e+00
      vertex   4.362291e+01 2.737320e+01 0.000000e+00
      vertex   4.452725e+01 2.587613e+01 0.000000e+00
    endloop
  endfacet
  facet normal 0.000000e+00 0.000000e+00 1.000000e+00
    outer loop
      vertex   4.463640e+01 2.763769e+01 0.000000e+00
      vertex   4.452725e+01 2.587613e+01 0.000000e+00
      vertex   4.553966e+01 2.612259e+01 0.000000e+00
    endloop
  endfacet
  facet normal 0.000000e+00 0.000000e+00 1.000000e+00
    outer loop
      vertex   4.553966e+01 2.612259e+01 0.000000e+00
      vertex   4.452725e+01 2.587613e+01 0.000000e+00
      vertex   4.538024e+01 2.434921e+01 0.000000e+00
    endloop
  endfacet
  facet normal 0.000000e+00 0.000000e+00 1.000000e+00
    outer loop
      vertex   4.553966e+01 2.612259e+01 0.000000e+00
      vertex   4.538024e+01 2.434921e+01 0.000000e+00
      vertex   4.639150e+01 2.457801e+01 0.000000e+00
    endloop
  endfacet
  facet normal 0.000000e+00 0.000000e+00 1.000000e+00
    outer loop
      vertex   4.639150e+01 2.457801e+01 0.000000e+00
      vertex   4.538024e+01 2.434921e+01 0.000000e+00
      vertex   4.618088e+01 2.279421e+01 0.000000e+00
    endloop
  endfacet
  facet normal 0.000000e+00 0.000000e+00 1.000000e+00
    outer loop
      vertex   4.639150e+01 2.457801e+01 0.000000e+00
      vertex   4.618088e+01 2.279421e+01 0.000000e+00
      vertex   4.719098e+01 2.300568e+01 0.000000e+00
    endloop
  endfacet
  facet normal 0.000000e+00 0.000000e+00 1.000000e+00
    outer loop
      vertex   4.719098e+01 2.300568e+01 0.000000e+00
      vertex   4.618088e+01 2.279421e+01 0.000000e+00
      vertex   4.692827e+01 2.121291e+01 0.000000e+00
    endloop
  endfacet
  facet normal 0.000000e+00 0.000000e+00 1.000000e+00
    outer loop
      vertex   4.719098e+01 2.300568e+01 0.000000e+00
      vertex   4.692827e+01 2.121291e+01 0.000000e+00
      vertex   4.793719e+01 2.140738e+01 0.000000e+00
    endloop
  endfacet
  facet normal 0.000000e+00 0.000000e+00 1.000000e+00
    outer loop
      vertex   4.793719e+01 2.140738e+01 0.000000e+00
      vertex   4.692827e+01 2.121291e+01 0.000000e+00
      vertex   4.762152e+01 1.960715e+01 0.000000e+00
    endloop
  endfacet
  facet normal 0.000000e+00 0.000000e+00 1.000000e+00
    outer loop
      vertex   4.793719e+01 2.140738e+01 0.000000e+00
      vertex   4.762152e+01 1.960715e+01 0.000000e+00
      vertex   4.862928e+01 1.978491e+01 0.000000e+00
    endloop
  endfacet
  facet normal 0.000000e+00 0.000000e+00 1.000000e+00
    outer loop
      vertex   4.862928e+01 1.978491e+01 0.000000e+00
      vertex   4.762152e+01 1.960715e+01 0.000000e+00
      vertex   4.825985e+01 1.797878e+01 0.000000e+00
    endloop
  endfacet
  facet normal 0.000000e+00 0.000000e+00 1.000000e+00
    outer loop
      vertex   4.862928e+01 1.978491e+01 0.000000e+00
      vertex   4.825985e+01 1.797878e+01 0.000000e+00
      vertex   4.926648e+01 1.814011e+01 0.000000e+00
    endloop
  endfacet
  facet normal 0.000000e+00 0.000000e+00 1.000000e+00
    outer loop
      vertex   4.926648e+01 1.814011e+01 0.000000e+00
      vertex   4.825985e+01 1.797878e+01 0.000000e+00
      vertex   4.884252e+01 1.632967e+01 0.000000e+00
    endloop
  endfacet
  facet normal 0.000000e+00 0.000000e+00 1.000000e+00
    outer loop
      vertex   4.926648e+01 1.814011e+01 0.000000e+00
      vertex   4.884252e+01 1.632967e+01 0.000000e+00
      vertex   4.984807e+01 1.647483e+01 0.000000e+00
    endloop
  endfacet
  facet normal 0.000000e+00 0.000000e+00 1.000000e+00
    outer loop
      vertex   4.984807e+01 1.647483e+01 0.000000e+00
      vertex   4.884252e+01 1.632967e+01 0.000000e+00
      vertex   4.936885e+01 1.466173e+01 0.000000e+00
    endloop
  endfacet
  facet normal 0.000000e+00 0.000000e+00 1.000000e+00
    outer loop
      vertex   4.984807e+01 1.647483e+01 0.000000e+00
      vertex   4.936885e+01 1.466173e+01 0.000000e+00
      vertex   5.037338e+01 1.479096e+01 0.000000e+00
    endloop
  endfacet
  facet normal 0.000000e+00 0.000000e+00 1.000000e+00
    outer loop
      vertex   5.037338e+01 1.479096e+01 0.000000e+00
      vertex   4.936885e+01 1.466173e+01 0.000000e+00
      vertex   4.983825e+01 1.297687e+01 0.000000e+00
    endloop
  endfacet
  facet normal 0.000000e+00 0.000000e+00 1.000000e+00
    outer loop
      vertex   5.037338e+01 1.479096e+01 0.000000e+00
      vertex   4.983825e+01 1.297687e+01 0.000000e+00
      vertex   5.084183e+01 1.309039e+01 0.000000e+00
    endloop
  endfacet
  facet normal 0.000000e+00 0.000000e+00 1.000000e+00
    outer loop
      vertex   5.084183e+01 1.309039e+01 0.000000e+00
      vertex   4.983825e+01 1.297687e+01 0.000000e+00
      vertex   5.025016e+01 1.127705e+01 0.000000e+00
    endloop
  endfacet
  facet normal 0.000000e+00 0.000000e+00 1.000000e+00
    outer loop
      vertex   5.084183e+01 1.309039e+01 0.000000e+00
      vertex   5.025016e+01 1.127705e+01 0.000000e+00
      vertex   5.125289e+01 1.137504e+01 0.000000e+00
    endloop
  endfacet
  facet normal 0.000000e+00 0.000000e+00 1.000000e+00
    outer loop
      vertex   5.125289e+01 1.137504e+01 0.000000e+00
      vertex   5.025016e+01 1.127705e+01 0.000000e+00
      vertex   5.060411e+01 9.564218e+00 0.000000e+00
    endloop
  endfacet
  facet normal 0.000000e+00 0.000000e+00 1.000000e+00
    outer loop
      vertex   5.125289e+01 1.137504e+01 0.000000e+00
      vertex   5.060411e+01 9.564218e+00 0.000000e+00
      vertex   5.160609e+01 9.646850e+00 0.000000e+00
    endloop
  endfacet
  facet normal 0.000000e+00 0.000000e+00 1.000000e+00
    outer loop
      vertex   5.160609e+01 9.646850e+00 0.000000e+00
      vertex   5.060411e+01 9.564218e+00 0.000000e+00
      vertex   5.089969e+01 7.840357e+00 0.000000e+00
    endloop
  endfacet
  facet normal 0.000000e+00 0.000000e+00 1.000000e+00
    outer loop
      vertex   5.160609e+01 9.646850e+00 0.000000e+00
      vertex   5.089969e+01 7.840357e+00 0.000000e+00
      vertex   5.190103e+01 7.907771e+00 0.000000e+00
    endloop
  endfacet
  facet normal 0.000000e+00 0.000000e+00 1.000000e+00
    outer loop
      vertex   5.190103e+01 7.907771e+00 0.000000e+00
      vertex   5.089969e+01 7.840357e+00 0.000000e+00
      vertex   5.113657e+01 6.107453e+00 0.000000e+00
    endloop
  endfacet
  facet normal 0.000000e+00 0.000000e+00 1.000000e+00
    outer loop
      vertex   5.190103e+01 7.907771e+00 0.000000e+00
      vertex   5.113657e+01 6.107453e+00 0.000000e+00
      vertex   5.213739e+01 6.159765e+00 0.000000e+00
    endloop
  endfacet
  facet normal 0.000000e+00 0.000000e+00 1.000000e+00
    outer loop
      vertex   5.213739e+01 6.159765e+00 0.000000e+00
      vertex   5.113657e+01 6.107453e+00 0.000000e+00
      vertex   5.131447e+01 4.367505e+00 0.000000e+00
    endloop
  endfacet
  facet normal 0.000000e+00 0.000000e+00 1.000000e+00
    outer loop
      vertex   5.213739e+01 6.159765e+00 0.000000e+00
      vertex   5.131447e+01 4.367505e+00 0.000000e+00
      vertex   5.231489e+01 4.404805e+00 0.000000e+00
    endloop
  endfacet
  facet normal 0.000000e+00 0.000000e+00 1.000000e+00
    outer loop
      vertex   5.231489e+01 4.404805e+00 0.000000e+00
      vertex   5.131447e+01 4.367505e+00 0.000000e+00
      vertex   5.143318e+01 2.622520e+00 0.000000e+00
    endloop
  endfacet
  facet normal 0.000000e+00 0.000000e+00 1.000000e+00
    outer loop
      vertex   5.231489e+01 4.404805e+00 0.000000e+00
      vertex   5.143318e+01 2.622520e+00 0.000000e+00
      vertex   5.243334e+01 2.644874e+00 0.000000e+00
    endloop
  endfacet
  facet normal 0.000000e+00 0.000000e+00 1.000000e+00
    outer loop
      vertex   5.243334e+01 2.644874e+00 0.000000e+00
      vertex   5.143318e+01 2.622520e+00 0.000000e+00
      vertex   5.149257e+01 8.745094e-01 0.000000e+00
    endloop
  endfacet
  facet normal 0.000000e+00 0.000000e+00 1.000000e+00
    outer loop
      vertex   5.243334e+01 2.644874e+00 0.000000e+00
      vertex   5.149257e+01 8.745094e-01 0.000000e+00
      vertex   5.249259e+01 8.819564e-01 0.000000e+00
    endloop
  endfacet
  facet normal 0.000000e+00 0.000000e+00 1.000000e+00
    outer loop
      vertex   5.249259e+01 8.819564e-01 0.000000e+00
      vertex   5.149257e+01 8.745094e-01 0.000000e+00
      vertex   5.249259e+01 -8.819564e-01 0.000000e+00
    endloop
  endfacet
  facet normal 0.000000e+00 0.000000e+00 1.000000e+00
    outer loop
      vertex   5.249259e+01 -8.819564e-01 0.000000e+00
      vertex   5.149257e+01 8.745094e-01 0.000000e+00
      vertex   5.149257e+01 -8.745094e-01 0.000000e+00
    endloop
  endfacet
  facet normal 0.000000e+00 0.000000e+00 1.000000e+00
    outer loop
      vertex   5.249259e+01 -8.819564e-01 0.000000e+00
      vertex   5.149257e+01 -8.745094e-01 0.000000e+00
      vertex   5.243334e+01 -2.644874e+00 0.000000e+00
    endloop
  endfacet
  facet normal 0.000000e+00 0.000000e+00 1.000000e+00
    outer loop
      vertex   5.243334e+01 -2.644874e+00 0.000000e+00
      vertex   5.149257e+01 -8.745094e-01 0.000000e+00
      vertex   5.143318e+01 -2.622520e+00 0.000000e+00
    endloop
  endfacet
  facet normal 0.000000e+00 0.000000e+00 1.000000e+00
    outer loop
      vertex   5.243334e+01 -2.644874e+00 0.000000e+00
      vertex   5.143318e+01 -2.622520e+00 0.000000e+00
      vertex   5.231489e+01 -4.404805e+00 0.000000e+00
    endloop
  endfacet
  facet normal 0.000000e+00 0.000000e+00 1.000000e+00
    outer loop
      vertex   5.231489e+01 -4.404805e+00 0.000000e+00
      vertex   5.143318e+01 -2.622520e+00 0.000000e+00
      vertex   5.131447e+01 -4.367505e+00 0.000000e+00
    endloop
  endfacet
  facet normal 0.000000e+00 0.000000e+00 1.000000e+00
    outer loop
      vertex   5.231489e+01 -4.404805e+00 0.000000e+00
      vertex   5.131447e+01 -4.367505e+00 0.000000e+00
      vertex   5.213739e+01 -6.159765e+00 0.000000e+00
    endloop
  endfacet
  facet normal 0.000000e+00 0.000000e+00 1.000000e+00
    outer loop
      vertex   5.213739e+01 -6.159765e+00 0.000000e+00
      vertex   5.131447e+01 -4.367505e+00 0.000000e+00
      vertex   5.113657e+01 -6.107453e+00 0.000000e+00
    endloop
  endfacet
  facet normal 0.000000e+00 0.000000e+00 1.000000e+00
    outer loop
      vertex   5.213739e+01 -6.159765e+00 0.000000e+00
      vertex   5.113657e+01 -6.107453e+00 0.000000e+00
      vertex   5.190103e+01 -7.907771e+00 0.000000e+00
    endloop
  endfacet
  facet normal 0.000000e+00 0.000000e+00 1.000000e+00
    outer loop
      vertex   5.190103e+01 -7.907771e+00 0.000000e+00
      vertex   5.113657e+01 -6.107453e+00 0.000000e+00
      vertex   5.089969e+01 -7.840357e+00 0.000000e+00
    endloop
  endfacet
  facet normal 0.000000e+00 0.000000e+00 1.000000e+00
    outer loop
      vertex   5.190103e+01 -7.907771e+00 0.000000e+00
      vertex   5.089969e+01 -7.840357e+00 0.000000e+00
      vertex   5.160609e+01 -9.646850e+00 0.000000e+00
    endloop
  endfacet
  facet normal 0.000000e+00 0.000000e+00 1.000000e+00
    outer loop
      vertex   5.160609e+01 -9.646850e+00 0.000000e+00
      vertex   5.089969e+01 -7.840357e+00 0.000000e+00
      vertex   5.060411e+01 -9.564218e+00 0.000000e+00
    endloop
  endfacet
  facet normal 0.000000e+00 0.000000e+00 1.000000e+00
    outer loop
      vertex   5.160609e+01 -9.646850e+00 0.000000e+00
      vertex   5.060411e+01 -9.564218e+00 0.000000e+00
      vertex   5.125289e+01 -1.137504e+01 0.000000e+00
    endloop
  endfacet
  facet normal 0.000000e+00 0.000000e+00 1.000000e+00
    outer loop
      vertex   5.125289e+01 -1.137504e+01 0.000000e+00
      vertex   5.060411e+01 -9.564218e+00 0.000000e+00
      vertex   5.025016e+01 -1.127705e+01 0.000000e+00
    endloop
  endfacet
  facet normal 0.000000e+00 0.000000e+00 1.000000e+00
    outer loop
      vertex   5.125289e+01 -1.137504e+01 0.000000e+00
      vertex   5.025016e+01 -1.127705e+01 0.000000e+00
      vertex   5.084183e+01 -1.309039e+01 0.000000e+00
    endloop
  endfacet
  facet normal 0.000000e+00 0.000000e+00 1.000000e+00
    outer loop
      vertex   5.084183e+01 -1.309039e+01 0.000000e+00
      vertex   5.025016e+01 -1.127705e+01 0.000000e+00
      vertex   4.983825e+01 -1.297687e+01 0.000000e+00
    endloop
  endfacet
  facet normal 0.000000e+00 0.000000e+00 1.000000e+00
    outer loop
      vertex   5.084183e+01 -1.309039e+01 0.000000e+00
      vertex   4.983825e+01 -1.297687e+01 0.000000e+00
      vertex   5.037338e+01 -1.479096e+01 0.000000e+00
    endloop
  endfacet
  facet normal 0.000000e+00 0.000000e+00 1.000000e+00
    outer loop
      vertex   5.037338e+01 -1.479096e+01 0.000000e+00
      vertex   4.983825e+01 -1.297687e+01 0.000000e+00
      vertex   4.936885e+01 -1.466173e+01 0.000000e+00
    endloop
  endfacet
  facet normal 0.000000e+00 0.000000e+00 1.000000e+00
    outer loop
      vertex   5.037338e+01 -1.479096e+01 0.000000e+00
      vertex   4.936885e+01 -1.466173e+01 0.000000e+00
      vertex   4.984807e+01 -1.647483e+01 0.000000e+00
    endloop
  endfacet
  facet normal 0.000000e+00 0.000000e+00 1.000000e+00
    outer loop
      vertex   4.984807e+01 -1.647483e+01 0.000000e+00
      vertex   4.936885e+01 -1.466173e+01 0.000000e+00
      vertex   4.884252e+01 -1.632967e+01 0.000000e+00
    endloop
  endfacet
  facet normal 0.000000e+00 0.000000e+00 1.000000e+00
    outer loop
      vertex   4.984807e+01 -1.647483e+01 0.000000e+00
      vertex   4.884252e+01 -1.632967e+01 0.000000e+00
      vertex   4.926648e+01 -1.814011e+01 0.000000e+00
    endloop
  endfacet
  facet normal 0.000000e+00 0.000000e+00 1.000000e+00
    outer loop
      vertex   4.926648e+01 -1.814011e+01 0.000000e+00
      vertex   4.884252e+01 -1.632967e+01 0.000000e+00
      vertex   4.825985e+01 -1.797878e+01 0.000000e+00
    endloop
  endfacet
  facet normal 0.000000e+00 0.000000e+00 1.000000e+00
    outer loop
      vertex   4.926648e+01 -1.814011e+01 0.000000e+00
      vertex   4.825985e+01 -1.797878e+01 0.000000e+00
      vertex   4.862928e+01 -1.978491e+01 0.000000e+00
    endloop
  endfacet
  facet normal 0.000000e+00 0.000000e+00 1.000000e+00
    outer loop
      vertex   4.862928e+01 -1.978491e+01 0.000000e+00
      vertex   4.825985e+01 -1.797878e+01 0.000000e+00
      vertex   4.762152e+01 -1.960715e+01 0.000000e+00
    endloop
  endfacet
  facet normal 0.000000e+00 0.000000e+00 1.000000e+00
    outer loop
      vertex   4.862928e+01 -1.978491e+01 0.000000e+00
      vertex   4.762152e+01 -1.960715e+01 0.000000e+00
      vertex   4.793719e+01 -2.140738e+01 0.000000e+00
    endloop
  endfacet
  facet normal 0.000000e+00 0.000000e+00 1.000000e+00
    outer loop
      vertex   4.793719e+01 -2.140738e+01 0.000000e+00
      vertex   4.762152e+01 -1.960715e+01 0.000000e+00
      vertex   4.692827e+01 -2.121291e+01 0.000000e+00
    endloop
  endfacet
  facet normal 0.000000e+00 0.000000e+00 1.000000e+00
    outer loop
      vertex   4.793719e+01 -2.140738e+01 0.000000e+00
      vertex   4.692827e+01 -2.121291e+01 0.000000e+00
      vertex   4.719098e+01 -2.300568e+01 0.000000e+00
    endloop
  endfacet
  facet normal 0.000000e+00 0.000000e+00 1.000000e+00
    outer loop
      vertex   4.719098e+01 -2.300568e+01 0.000000e+00
      vertex   4.692827e+01 -2.121291e+01 0.000000e+00
      vertex   4.618088e+01 -2.279421e+01 0.000000e+00
    endloop
  endfacet
  facet normal 0.000000e+00 0.000000e+00 1.000000e+00
    outer loop
      vertex   4.719098e+01 -2.300568e+01 0.000000e+00
      vertex   4.618088e+01 -2.279421e+01 0.000000e+00
      vertex   4.639150e+01 -2.457801e+01 0.000000e+00
    endloop
  endfacet
  facet normal 0.000000e+00 0.000000e+00 1.000000e+00
    outer loop
      vertex   4.639150e+01 -2.457801e+01 0.000000e+00
      vertex   4.618088e+01 -2.279421e+01 0.000000e+00
      vertex   4.538024e+01 -2.434921e+01 0.000000e+00
    endloop
  endfacet
  facet normal 0.000000e+00 0.000000e+00 1.000000e+00
    outer loop
      vertex   4.639150e+01 -2.457801e+01 0.000000e+00
      vertex   4.538024e+01 -2.434921e+01 0.000000e+00
      vertex   4.553966e+01 -2.612259e+01 0.000000e+00
    endloop
  endfacet
  facet normal 0.000000e+00 0.000000e+00 1.000000e+00
    outer loop
      vertex   4.553966e+01 -2.612259e+01 0.000000e+00
      vertex   4.538024e+01 -2.434921e+01 0.000000e+00
      vertex   4.452725e+01 -2.587613e+01 0.000000e+00
    endloop
  endfacet
  facet normal 0.000000e+00 0.000000e+00 1.000000e+00
    outer loop
      vertex   4.553966e+01 -2.612259e+01 0.000000e+00
      vertex   4.452725e+01 -2.587613e+01 0.000000e+00
      vertex   4.463640e+01 -2.763769e+01 0.000000e+00
    endloop
  endfacet
  facet normal 0.000000e+00 0.000000e+00 1.000000e+00
    outer loop
      vertex   4.463640e+01 -2.763769e+01 0.000000e+00
      vertex   4.452725e+01 -2.587613e+01 0.000000e+00
      vertex   4.362291e+01 -2.737320e+01 0.000000e+00
    endloop
  endfacet
  facet normal 0.000000e+00 0.000000e+00 1.000000e+00
    outer loop
      vertex   4.463640e+01 -2.763769e+01 0.000000e+00
      vertex   4.362291e+01 -2.737320e+01 0.000000e+00
      vertex   4.368276e+01 -2.912159e+01 0.000000e+00
    endloop
  endfacet
  facet normal 0.000000e+00 0.000000e+00 1.000000e+00
    outer loop
      vertex   4.368276e+01 -2.912159e+01 0.000000e+00
      vertex   4.362291e+01 -2.737320e+01 0.000000e+00
      vertex   4.266825e+01 -2.883870e+01 0.000000e+00
    endloop
  endfacet
  facet normal 0.000000e+00 0.000000e+00 1.000000e+00
    outer loop
      vertex   4.368276e+01 -2.912159e+01 0.000000e+00
      vertex   4.266825e+01 -2.883870e+01 0.000000e+00
      vertex   4.267980e+01 -3.057261e+01 0.000000e+00
    endloop
  endfacet
  facet normal 0.000000e+00 0.000000e+00 1.000000e+00
    outer loop
      vertex   4.267980e+01 -3.057261e+01 0.000000e+00
      vertex   4.266825e+01 -2.883870e+01 0.000000e+00
      vertex   4.166438e+01 -3.027094e+01 0.000000e+00
    endloop
  endfacet
  facet normal 0.000000e+00 0.000000e+00 1.000000e+00
    outer loop
      vertex   4.267980e+01 -3.057261e+01 0.000000e+00
      vertex   4.166438e+01 -3.027094e+01 0.000000e+00
      vertex   4.162867e+01 -3.198912e+01 0.000000e+00
    endloop
  endfacet
  facet normal 0.000000e+00 -0.000000e+00 1.000000e+00
    outer loop
      vertex   4.162867e+01 -3.198912e+01 0.000000e+00
      vertex   4.166438e+01 -3.027094e+01 0.000000e+00
      vertex   4.061245e+01 -3.166827e+01 0.000000e+00
    endloop
  endfacet
  facet normal 0.000000e+00 0.000000e+00 1.000000e+00
    outer loop
      vertex   4.162867e+01 -3.198912e+01 0.000000e+00
      vertex   4.061245e+01 -3.166827e+01 0.000000e+00
      vertex   4.053054e+01 -3.336952e+01 0.000000e+00
    endloop
  endfacet
  facet normal 0.000000e+00 -0.000000e+00 1.000000e+00
    outer loop
      vertex   4.053054e+01 -3.336952e+01 0.000000e+00
      vertex   4.061245e+01 -3.166827e+01 0.000000e+00
      vertex   3.951368e+01 -3.302906e+01 0.000000e+00
    endloop
  endfacet
  facet normal 0.000000e+00 0.000000e+00 1.000000e+00
    outer loop
      vertex   4.053054e+01 -3.336952e+01 0.000000e+00
      vertex   3.951368e+01 -3.302906e+01 0.000000e+00
      vertex   3.938666e+01 -3.471226e+01 0.000000e+00
    endloop
  endfacet
  facet normal 0.000000e+00 -0.000000e+00 1.000000e+00
    outer loop
      vertex   3.938666e+01 -3.471226e+01 0.000000e+00
      vertex   3.951368e+01 -3.302906e+01 0.000000e+00
      vertex   3.836934e+01 -3.435177e+01 0.000000e+00
    endloop
  endfacet
  facet normal 0.000000e+00 0.000000e+00 1.000000e+00
    outer loop
      vertex   3.938666e+01 -3.471226e+01 0.000000e+00
      vertex   3.836934e+01 -3.435177e+01 0.000000e+00
      vertex   3.819832e+01 -3.601580e+01 0.000000e+00
    endloop
  endfacet
  facet normal 0.000000e+00 -0.000000e+00 1.000000e+00
    outer loop
      vertex   3.819832e+01 -3.601580e+01 0.000000e+00
      vertex   3.836934e+01 -3.435177e+01 0.000000e+00
      vertex   3.718074e+01 -3.563485e+01 0.000000e+00
    endloop
  endfacet
  facet normal 0.000000e+00 0.000000e+00 1.000000e+00
    outer loop
      vertex   3.819832e+01 -3.601580e+01 0.000000e+00
      vertex   3.718074e+01 -3.563485e+01 0.000000e+00
      vertex   3.696686e+01 -3.727869e+01 0.000000e+00
    endloop
  endfacet
  facet normal 0.000000e+00 -0.000000e+00 1.000000e+00
    outer loop
      vertex   3.696686e+01 -3.727869e+01 0.000000e+00
      vertex   3.718074e+01 -3.563485e+01 0.000000e+00
      vertex   3.594926e+01 -3.687683e+01 0.000000e+00
    endloop
  endfacet
  facet normal 0.000000e+00 0.000000e+00 1.000000e+00
    outer loop
      vertex   3.696686e+01 -3.727869e+01 0.000000e+00
      vertex   3.594926e+01 -3.687683e+01 0.000000e+00
      vertex   3.569367e+01 -3.849950e+01 0.000000e+00
    endloop
  endfacet
  facet normal 0.000000e+00 -0.000000e+00 1.000000e+00
    outer loop
      vertex   3.569367e+01 -3.849950e+01 0.000000e+00
      vertex   3.594926e+01 -3.687683e+01 0.000000e+00
      vertex   3.467631e+01 -3.807628e+01 0.000000e+00
    endloop
  endfacet
  facet normal 0.000000e+00 0.000000e+00 1.000000e+00
    outer loop
      vertex   3.569367e+01 -3.849950e+01 0.000000e+00
      vertex   3.467631e+01 -3.807628e+01 0.000000e+00
      vertex   3.438019e+01 -3.967685e+01 0.000000e+00
    endloop
  endfacet
  facet normal 0.000000e+00 -0.000000e+00 1.000000e+00
    outer loop
      vertex   3.438019e+01 -3.967685e+01 0.000000e+00
      vertex   3.467631e+01 -3.807628e+01 0.000000e+00
      vertex   3.336337e+01 -3.923182e+01 0.000000e+00
    endloop
  endfacet
  facet normal 0.000000e+00 0.000000e+00 1.000000e+00
    outer loop
      vertex   3.438019e+01 -3.967685e+01 0.000000e+00
      vertex   3.336337e+01 -3.923182e+01 0.000000e+00
      vertex   3.302790e+01 -4.080941e+01 0.000000e+00
    endloop
  endfacet
  facet normal 0.000000e+00 -0.000000e+00 1.000000e+00
    outer loop
      vertex   3.302790e+01 -4.080941e+01 0.000000e+00
      vertex   3.336337e+01 -3.923182e+01 0.000000e+00
      vertex   3.201195e+01 -4.034210e+01 0.000000e+00
    endloop
  endfacet
  facet normal 0.000000e+00 0.000000e+00 1.000000e+00
    outer loop
      vertex   3.302790e+01 -4.080941e+01 0.000000e+00
      vertex   3.201195e+01 -4.034210e+01 0.000000e+00
      vertex   3.163832e+01 -4.189590e+01 0.000000e+00
    endloop
  endfacet
  facet normal 0.000000e+00 -0.000000e+00 1.000000e+00
    outer loop
      vertex   3.163832e+01 -4.189590e+01 0.000000e+00
      vertex   3.201195e+01 -4.034210e+01 0.000000e+00
      vertex   3.062361e+01 -4.140585e+01 0.000000e+00
    endloop
  endfacet
  facet normal 0.000000e+00 0.000000e+00 1.000000e+00
    outer loop
      vertex   3.163832e+01 -4.189590e+01 0.000000e+00
      vertex   3.062361e+01 -4.140585e+01 0.000000e+00
      vertex   3.021303e+01 -4.293510e+01 0.000000e+00
    endloop
  endfacet
  facet normal 0.000000e+00 -0.000000e+00 1.000000e+00
    outer loop
      vertex   3.021303e+01 -4.293510e+01 0.000000e+00
      vertex   3.062361e+01 -4.140585e+01 0.000000e+00
      vertex   2.919994e+01 -4.242185e+01 0.000000e+00
    endloop
  endfacet
  facet normal 0.000000e+00 0.000000e+00 1.000000e+00
    outer loop
      vertex   3.021303e+01 -4.293510e+01 0.000000e+00
      vertex   2.919994e+01 -4.242185e+01 0.000000e+00
      vertex   2.875363e+01 -4.392583e+01 0.000000e+00
    endloop
  endfacet
  facet normal 0.000000e+00 -0.000000e+00 1.000000e+00
    outer loop
      vertex   2.875363e+01 -4.392583e+01 0.000000e+00
      vertex   2.919994e+01 -4.242185e+01 0.000000e+00
      vertex   2.774260e+01 -4.338892e+01 0.000000e+00
    endloop
  endfacet
  facet normal 0.000000e+00 0.000000e+00 1.000000e+00
    outer loop
      vertex   2.875363e+01 -4.392583e+01 0.000000e+00
      vertex   2.774260e+01 -4.338892e+01 0.000000e+00
      vertex   2.726177e+01 -4.486698e+01 0.000000e+00
    endloop
  endfacet
  facet normal 0.000000e+00 -0.000000e+00 1.000000e+00
    outer loop
      vertex   2.726177e+01 -4.486698e+01 0.000000e+00
      vertex   2.774260e+01 -4.338892e+01 0.000000e+00
      vertex   2.625326e+01 -4.430594e+01 0.000000e+00
    endloop
  endfacet
  facet normal 0.000000e+00 0.000000e+00 1.000000e+00
    outer loop
      vertex   2.726177e+01 -4.486698e+01 0.000000e+00
      vertex   2.625326e+01 -4.430594e+01 0.000000e+00
      vertex   2.573914e+01 -4.575748e+01 0.000000e+00
    endloop
  endfacet
  facet normal 0.000000e+00 -0.000000e+00 1.000000e+00
    outer loop
      vertex   2.573914e+01 -4.575748e+01 0.000000e+00
      vertex   2.625326e+01 -4.430594e+01 0.000000e+00
      vertex   2.473364e+01 -4.517186e+01 0.000000e+00
    endloop
  endfacet
  facet normal 0.000000e+00 0.000000e+00 1.000000e+00
    outer loop
      vertex   2.573914e+01 -4.575748e+01 0.000000e+00
      vertex   2.473364e+01 -4.517186e+01 0.000000e+00
      vertex   2.418746e+01 -4.659632e+01 0.000000e+00
    endloop
  endfacet
  facet normal 0.000000e+00 -0.000000e+00 1.000000e+00
    outer loop
      vertex   2.418746e+01 -4.659632e+01 0.000000e+00
      vertex   2.473364e+01 -4.517186e+01 0.000000e+00
      vertex   2.318549e+01 -4.598568e+01 0.000000e+00
    endloop
  endfacet
  facet normal 0.000000e+00 0.000000e+00 1.000000e+00
    outer loop
      vertex   2.418746e+01 -4.659632e+01 0.000000e+00
      vertex   2.318549e+01 -4.598568e+01 0.000000e+00
      vertex   2.260847e+01 -4.738256e+01 0.000000e+00
    endloop
  endfacet
  facet normal 0.000000e+00 -0.000000e+00 1.000000e+00
    outer loop
      vertex   2.260847e+01 -4.738256e+01 0.000000e+00
      vertex   2.318549e+01 -4.598568e+01 0.000000e+00
      vertex   2.161060e+01 -4.674646e+01 0.000000e+00
    endloop
  endfacet
  facet normal 0.000000e+00 0.000000e+00 1.000000e+00
    outer loop
      vertex   2.260847e+01 -4.738256e+01 0.000000e+00
      vertex   2.161060e+01 -4.674646e+01 0.000000e+00
      vertex   2.100395e+01 -4.811532e+01 0.000000e+00
    endloop
  endfacet
  facet normal 0.000000e+00 -0.000000e+00 1.000000e+00
    outer loop
      vertex   2.100395e+01 -4.811532e+01 0.000000e+00
      vertex   2.161060e+01 -4.674646e+01 0.000000e+00
      vertex   2.001079e+01 -4.745333e+01 0.000000e+00
    endloop
  endfacet
  facet normal 0.000000e+00 0.000000e+00 1.000000e+00
    outer loop
      vertex   2.100395e+01 -4.811532e+01 0.000000e+00
      vertex   2.001079e+01 -4.745333e+01 0.000000e+00
      vertex   1.937573e+01 -4.879376e+01 0.000000e+00
    endloop
  endfacet
  facet normal 0.000000e+00 -0.000000e+00 1.000000e+00
    outer loop
      vertex   1.937573e+01 -4.879376e+01 0.000000e+00
      vertex   2.001079e+01 -4.745333e+01 0.000000e+00
      vertex   1.838789e+01 -4.810546e+01 0.000000e+00
    endloop
  endfacet
  facet normal 0.000000e+00 0.000000e+00 1.000000e+00
    outer loop
      vertex   1.937573e+01 -4.879376e+01 0.000000e+00
      vertex   1.838789e+01 -4.810546e+01 0.000000e+00
      vertex   1.772564e+01 -4.941712e+01 0.000000e+00
    endloop
  endfacet
  facet normal 0.000000e+00 -0.000000e+00 1.000000e+00
    outer loop
      vertex   1.772564e+01 -4.941712e+01 0.000000e+00
      vertex   1.838789e+01 -4.810546e+01 0.000000e+00
      vertex   1.674379e+01 -4.870211e+01 0.000000e+00
    endloop
  endfacet
  facet normal 0.000000e+00 0.000000e+00 1.000000e+00
    outer loop
      vertex   1.772564e+01 -4.941712e+01 0.000000e+00
      vertex   1.674379e+01 -4.870211e+01 0.000000e+00
      vertex   1.605553e+01 -4.998470e+01 0.000000e+00
    endloop
  endfacet
  facet normal 0.000000e+00 -0.000000e+00 1.000000e+00
    outer loop
      vertex   1.605553e+01 -4.998470e+01 0.000000e+00
      vertex   1.674379e+01 -4.870211e+01 0.000000e+00
      vertex   1.508037e+01 -4.924259e+01 0.000000e+00
    endloop
  endfacet
  facet normal 0.000000e+00 0.000000e+00 1.000000e+00
    outer loop
      vertex   1.605553e+01 -4.998470e+01 0.000000e+00
      vertex   1.508037e+01 -4.924259e+01 0.000000e+00
      vertex   1.436731e+01 -5.049585e+01 0.000000e+00
    endloop
  endfacet
  facet normal 0.000000e+00 -0.000000e+00 1.000000e+00
    outer loop
      vertex   1.436731e+01 -5.049585e+01 0.000000e+00
      vertex   1.508037e+01 -4.924259e+01 0.000000e+00
      vertex   1.339956e+01 -4.972627e+01 0.000000e+00
    endloop
  endfacet
  facet normal 0.000000e+00 0.000000e+00 1.000000e+00
    outer loop
      vertex   1.436731e+01 -5.049585e+01 0.000000e+00
      vertex   1.339956e+01 -4.972627e+01 0.000000e+00
      vertex   1.266286e+01 -5.094999e+01 0.000000e+00
    endloop
  endfacet
  facet normal 0.000000e+00 -0.000000e+00 1.000000e+00
    outer loop
      vertex   1.266286e+01 -5.094999e+01 0.000000e+00
      vertex   1.339956e+01 -4.972627e+01 0.000000e+00
      vertex   1.170330e+01 -5.015260e+01 0.000000e+00
    endloop
  endfacet
  facet normal 0.000000e+00 0.000000e+00 1.000000e+00
    outer loop
      vertex   1.266286e+01 -5.094999e+01 0.000000e+00
      vertex   1.170330e+01 -5.015260e+01 0.000000e+00
      vertex   1.094412e+01 -5.134663e+01 0.000000e+00
    endloop
  endfacet
  facet normal 0.000000e+00 -0.000000e+00 1.000000e+00
    outer loop
      vertex   1.094412e+01 -5.134663e+01 0.000000e+00
      vertex   1.170330e+01 -5.015260e+01 0.000000e+00
      vertex   9.993537e+00 -5.052108e+01 0.000000e+00
    endloop
  endfacet
  facet normal 0.000000e+00 0.000000e+00 1.000000e+00
    outer loop
      vertex   1.094412e+01 -5.134663e+01 0.000000e+00
      vertex   9.993537e+00 -5.052108e+01 0.000000e+00
      vertex   9.213024e+00 -5.168530e+01 0.000000e+00
    endloop
  endfacet
  facet normal 0.000000e+00 -0.000000e+00 1.000000e+00
    outer loop
      vertex   9.213024e+00 -5.168530e+01 0.000000e+00
      vertex   9.993537e+00 -5.052108e+01 0.000000e+00
      vertex   8.272248e+00 -5.083129e+01 0.000000e+00
    endloop
  endfacet
  facet normal 0.000000e+00 0.000000e+00 1.000000e+00
    outer loop
      vertex   9.213024e+00 -5.168530e+01 0.000000e+00
      vertex   8.272248e+00 -5.083129e+01 0.000000e+00
      vertex   7.471529e+00 -5.196563e+01 0.000000e+00
    endloop
  endfacet
  facet normal 0.000000e+00 -0.000000e+00 1.000000e+00
    outer loop
      vertex   7.471529e+00 -5.196563e+01 0.000000e+00
      vertex   8.272248e+00 -5.083129e+01 0.000000e+00
      vertex   6.541418e+00 -5.108287e+01 0.000000e+00
    endloop
  endfacet
  facet normal 0.000000e+00 0.000000e+00 1.000000e+00
    outer loop
      vertex   7.471529e+00 -5.196563e+01 0.000000e+00
      vertex   6.541418e+00 -5.108287e+01 0.000000e+00
      vertex   5.721599e+00 -5.218729e+01 0.000000e+00
    endloop
  endfacet
  facet normal 0.000000e+00 -0.000000e+00 1.000000e+00
    outer loop
      vertex   5.721599e+00 -5.218729e+01 0.000000e+00
      vertex   6.541418e+00 -5.108287e+01 0.000000e+00
      vertex   4.803043e+00 -5.127554e+01 0.000000e+00
    endloop
  endfacet
  facet normal 0.000000e+00 0.000000e+00 1.000000e+00
    outer loop
      vertex   5.721599e+00 -5.218729e+01 0.000000e+00
      vertex   4.803043e+00 -5.127554e+01 0.000000e+00
      vertex   3.965211e+00 -5.235004e+01 0.000000e+00
    endloop
  endfacet
  facet normal 0.000000e+00 -0.000000e+00 1.000000e+00
    outer loop
      vertex   3.965211e+00 -5.235004e+01 0.000000e+00
      vertex   4.803043e+00 -5.127554e+01 0.000000e+00
      vertex   3.059128e+00 -5.140906e+01 0.000000e+00
    endloop
  endfacet
  facet normal 0.000000e+00 0.000000e+00 1.000000e+00
    outer loop
      vertex   3.965211e+00 -5.235004e+01 0.000000e+00
      vertex   3.059128e+00 -5.140906e+01 0.000000e+00
      vertex   2.204347e+00 -5.245370e+01 0.000000e+00
    endloop
  endfacet
  facet normal 0.000000e+00 -0.000000e+00 1.000000e+00
    outer loop
      vertex   2.204347e+00 -5.245370e+01 0.000000e+00
      vertex   3.059128e+00 -5.140906e+01 0.000000e+00
      vertex   1.311685e+00 -5.148329e+01 0.000000e+00
    endloop
  endfacet
  facet normal 0.000000e+00 0.000000e+00 1.000000e+00
    outer loop
      vertex   2.204347e+00 -5.245370e+01 0.000000e+00
      vertex   1.311685e+00 -5.148329e+01 0.000000e+00
      vertex   4.409938e-01 -5.249815e+01 0.000000e+00
    endloop
  endfacet
  facet normal 0.000000e+00 -0.000000e+00 1.000000e+00
    outer loop
      vertex   4.409938e-01 -5.249815e+01 0.000000e+00
      vertex   1.311685e+00 -5.148329e+01 0.000000e+00
      vertex   -4.372705e-01 -5.149814e+01 0.000000e+00
    endloop
  endfacet
  facet normal 0.000000e+00 0.000000e+00 1.000000e+00
    outer loop
      vertex   4.409938e-01 -5.249815e+01 0.000000e+00
      vertex   -4.372705e-01 -5.149814e+01 0.000000e+00
      vertex   -1.322857e+00 -5.248333e+01 0.000000e+00
    endloop
  endfacet
  facet normal 0.000000e+00 -0.000000e+00 1.000000e+00
    outer loop
      vertex   -1.322857e+00 -5.248333e+01 0.000000e+00
      vertex   -4.372705e-01 -5.149814e+01 0.000000e+00
      vertex   -2.185722e+00 -5.145360e+01 0.000000e+00
    endloop
  endfacet
  facet normal 0.000000e+00 0.000000e+00 1.000000e+00
    outer loop
      vertex   -1.322857e+00 -5.248333e+01 0.000000e+00
      vertex   -2.185722e+00 -5.145360e+01 0.000000e+00
      vertex   -3.085214e+00 -5.240927e+01 0.000000e+00
    endloop
  endfacet
  facet normal 0.000000e+00 -0.000000e+00 1.000000e+00
    outer loop
      vertex   -3.085214e+00 -5.240927e+01 0.000000e+00
      vertex   -2.185722e+00 -5.145360e+01 0.000000e+00
      vertex   -3.931652e+00 -5.134970e+01 0.000000e+00
    endloop
  endfacet
  facet normal 0.000000e+00 0.000000e+00 1.000000e+00
    outer loop
      vertex   -3.085214e+00 -5.240927e+01 0.000000e+00
      vertex   -3.931652e+00 -5.134970e+01 0.000000e+00
      vertex   -4.844089e+00 -5.227604e+01 0.000000e+00
    endloop
  endfacet
  facet normal 0.000000e+00 -0.000000e+00 1.000000e+00
    outer loop
      vertex   -4.844089e+00 -5.227604e+01 0.000000e+00
      vertex   -3.931652e+00 -5.134970e+01 0.000000e+00
      vertex   -5.673048e+00 -5.118659e+01 0.000000e+00
    endloop
  endfacet
  facet normal 0.000000e+00 0.000000e+00 1.000000e+00
    outer loop
      vertex   -4.844089e+00 -5.227604e+01 0.000000e+00
      vertex   -5.673048e+00 -5.118659e+01 0.000000e+00
      vertex   -6.597495e+00 -5.208381e+01 0.000000e+00
    endloop
  endfacet
  facet normal 0.000000e+00 -0.000000e+00 1.000000e+00
    outer loop
      vertex   -6.597495e+00 -5.208381e+01 0.000000e+00
      vertex   -5.673048e+00 -5.118659e+01 0.000000e+00
      vertex   -7.407901e+00 -5.096443e+01 0.000000e+00
    endloop
  endfacet
  facet normal 0.000000e+00 0.000000e+00 1.000000e+00
    outer loop
      vertex   -6.597495e+00 -5.208381e+01 0.000000e+00
      vertex   -7.407901e+00 -5.096443e+01 0.000000e+00
      vertex   -8.343454e+00 -5.183278e+01 0.000000e+00
    endloop
  endfacet
  facet normal 0.000000e+00 -0.000000e+00 1.000000e+00
    outer loop
      vertex   -8.343454e+00 -5.183278e+01 0.000000e+00
      vertex   -7.407901e+00 -5.096443e+01 0.000000e+00
      vertex   -9.134209e+00 -5.068349e+01 0.000000e+00
    endloop
  endfacet
  facet normal 0.000000e+00 0.000000e+00 1.000000e+00
    outer loop
      vertex   -8.343454e+00 -5.183278e+01 0.000000e+00
      vertex   -9.134209e+00 -5.068349e+01 0.000000e+00
      vertex   -1.007999e+01 -5.152323e+01 0.000000e+00
    endloop
  endfacet
  facet normal 0.000000e+00 -0.000000e+00 1.000000e+00
    outer loop
      vertex   -1.007999e+01 -5.152323e+01 0.000000e+00
      vertex   -9.134209e+00 -5.068349e+01 0.000000e+00
      vertex   -1.084998e+01 -5.034409e+01 0.000000e+00
    endloop
  endfacet
  facet normal 0.000000e+00 0.000000e+00 1.000000e+00
    outer loop
      vertex   -1.007999e+01 -5.152323e+01 0.000000e+00
      vertex   -1.084998e+01 -5.034409e+01 0.000000e+00
      vertex   -1.180516e+01 -5.115553e+01 0.000000e+00
    endloop
  endfacet
  facet normal 0.000000e+00 -0.000000e+00 1.000000e+00
    outer loop
      vertex   -1.180516e+01 -5.115553e+01 0.000000e+00
      vertex   -1.084998e+01 -5.034409e+01 0.000000e+00
      vertex   -1.255324e+01 -4.994663e+01 0.000000e+00
    endloop
  endfacet
  facet normal 0.000000e+00 0.000000e+00 1.000000e+00
    outer loop
      vertex   -1.180516e+01 -5.115553e+01 0.000000e+00
      vertex   -1.255324e+01 -4.994663e+01 0.000000e+00
      vertex   -1.351699e+01 -5.073008e+01 0.000000e+00
    endloop
  endfacet
  facet normal 0.000000e+00 -0.000000e+00 1.000000e+00
    outer loop
      vertex   -1.351699e+01 -5.073008e+01 0.000000e+00
      vertex   -1.255324e+01 -4.994663e+01 0.000000e+00
      vertex   -1.424202e+01 -4.949156e+01 0.000000e+00
    endloop
  endfacet
  facet normal 0.000000e+00 0.000000e+00 1.000000e+00
    outer loop
      vertex   -1.351699e+01 -5.073008e+01 0.000000e+00
      vertex   -1.424202e+01 -4.949156e+01 0.000000e+00
      vertex   -1.521357e+01 -5.024736e+01 0.000000e+00
    endloop
  endfacet
  facet normal 0.000000e+00 -0.000000e+00 1.000000e+00
    outer loop
      vertex   -1.521357e+01 -5.024736e+01 0.000000e+00
      vertex   -1.424202e+01 -4.949156e+01 0.000000e+00
      vertex   -1.591438e+01 -4.897941e+01 0.000000e+00
    endloop
  endfacet
  facet normal 0.000000e+00 0.000000e+00 1.000000e+00
    outer loop
      vertex   -1.521357e+01 -5.024736e+01 0.000000e+00
      vertex   -1.591438e+01 -4.897941e+01 0.000000e+00
      vertex   -1.689297e+01 -4.970792e+01 0.000000e+00
    endloop
  endfacet
  facet normal 0.000000e+00 -0.000000e+00 1.000000e+00
    outer loop
      vertex   -1.689297e+01 -4.970792e+01 0.000000e+00
      vertex   -1.591438e+01 -4.897941e+01 0.000000e+00
      vertex   -1.756837e+01 -4.841077e+01 0.000000e+00
    endloop
  endfacet
  facet normal 0.000000e+00 0.000000e+00 1.000000e+00
    outer loop
      vertex   -1.689297e+01 -4.970792e+01 0.000000e+00
      vertex   -1.756837e+01 -4.841077e+01 0.000000e+00
      vertex   -1.855330e+01 -4.911237e+01 0.000000e+00
    endloop
  endfacet
  facet normal 0.000000e+00 -0.000000e+00 1.000000e+00
    outer loop
      vertex   -1.855330e+01 -4.911237e+01 0.000000e+00
      vertex   -1.756837e+01 -4.841077e+01 0.000000e+00
      vertex   -1.920211e+01 -4.778628e+01 0.000000e+00
    endloop
  endfacet
  facet normal 0.000000e+00 0.000000e+00 1.000000e+00
    outer loop
      vertex   -1.855330e+01 -4.911237e+01 0.000000e+00
      vertex   -1.920211e+01 -4.778628e+01 0.000000e+00
      vertex   -2.019269e+01 -4.846138e+01 0.000000e+00
    endloop
  endfacet
  facet normal 0.000000e+00 -0.000000e+00 1.000000e+00
    outer loop
      vertex   -2.019269e+01 -4.846138e+01 0.000000e+00
      vertex   -1.920211e+01 -4.778628e+01 0.000000e+00
      vertex   -2.081370e+01 -4.710669e+01 0.000000e+00
    endloop
  endfacet
  facet normal 0.000000e+00 0.000000e+00 1.000000e+00
    outer loop
      vertex   -2.019269e+01 -4.846138e+01 0.000000e+00
      vertex   -2.081370e+01 -4.710669e+01 0.000000e+00
      vertex   -2.180929e+01 -4.775568e+01 0.000000e+00
    endloop
  endfacet
  facet normal 0.000000e+00 -0.000000e+00 1.000000e+00
    outer loop
      vertex   -2.180929e+01 -4.775568e+01 0.000000e+00
      vertex   -2.081370e+01 -4.710669e+01 0.000000e+00
      vertex   -2.240128e+01 -4.637276e+01 0.000000e+00
    endloop
  endfacet
  facet normal 0.000000e+00 0.000000e+00 1.000000e+00
    outer loop
      vertex   -2.180929e+01 -4.775568e+01 0.000000e+00
      vertex   -2.240128e+01 -4.637276e+01 0.000000e+00
      vertex   -2.340126e+01 -4.699607e+01 0.000000e+00
    endloop
  endfacet
  facet normal 0.000000e+00 -0.000000e+00 1.000000e+00
    outer loop
      vertex   -2.340126e+01 -4.699607e+01 0.000000e+00
      vertex   -2.240128e+01 -4.637276e+01 0.000000e+00
      vertex   -2.396302e+01 -4.558534e+01 0.000000e+00
    endloop
  endfacet
  facet normal 0.000000e+00 0.000000e+00 1.000000e+00
    outer loop
      vertex   -2.340126e+01 -4.699607e+01 0.000000e+00
      vertex   -2.396302e+01 -4.558534e+01 0.000000e+00
      vertex   -2.496682e+01 -4.618341e+01 0.000000e+00
    endloop
  endfacet
  facet normal 0.000000e+00 -0.000000e+00 1.000000e+00
    outer loop
      vertex   -2.496682e+01 -4.618341e+01 0.000000e+00
      vertex   -2.396302e+01 -4.558534e+01 0.000000e+00
      vertex   -2.549713e+01 -4.474535e+01 0.000000e+00
    endloop
  endfacet
  facet normal 0.000000e+00 0.000000e+00 1.000000e+00
    outer loop
      vertex   -2.496682e+01 -4.618341e+01 0.000000e+00
      vertex   -2.549713e+01 -4.474535e+01 0.000000e+00
      vertex   -2.650420e+01 -4.531862e+01 0.000000e+00
    endloop
  endfacet
  facet normal 0.000000e+00 -0.000000e+00 1.000000e+00
    outer loop
      vertex   -2.650420e+01 -4.531862e+01 0.000000e+00
      vertex   -2.549713e+01 -4.474535e+01 0.000000e+00
      vertex   -2.700183e+01 -4.385375e+01 0.000000e+00
    endloop
  endfacet
  facet normal 0.000000e+00 0.000000e+00 1.000000e+00
    outer loop
      vertex   -2.650420e+01 -4.531862e+01 0.000000e+00
      vertex   -2.700183e+01 -4.385375e+01 0.000000e+00
      vertex   -2.801165e+01 -4.440267e+01 0.000000e+00
    endloop
  endfacet
  facet normal 0.000000e+00 -0.000000e+00 1.000000e+00
    outer loop
      vertex   -2.801165e+01 -4.440267e+01 0.000000e+00
      vertex   -2.700183e+01 -4.385375e+01 0.000000e+00
      vertex   -2.847538e+01 -4.291157e+01 0.000000e+00
    endloop
  endfacet
  facet normal 0.000000e+00 0.000000e+00 1.000000e+00
    outer loop
      vertex   -2.801165e+01 -4.440267e+01 0.000000e+00
      vertex   -2.847538e+01 -4.291157e+01 0.000000e+00
      vertex   -2.948749e+01 -4.343660e+01 0.000000e+00
    endloop
  endfacet
  facet normal 0.000000e+00 -0.000000e+00 1.000000e+00
    outer loop
      vertex   -2.948749e+01 -4.343660e+01 0.000000e+00
      vertex   -2.847538e+01 -4.291157e+01 0.000000e+00
      vertex   -2.991609e+01 -4.191989e+01 0.000000e+00
    endloop
  endfacet
  facet normal 0.000000e+00 0.000000e+00 1.000000e+00
    outer loop
      vertex   -2.948749e+01 -4.343660e+01 0.000000e+00
      vertex   -2.991609e+01 -4.191989e+01 0.000000e+00
      vertex   -3.093004e+01 -4.242149e+01 0.000000e+00
    endloop
  endfacet
  facet normal 0.000000e+00 -0.000000e+00 1.000000e+00
    outer loop
      vertex   -3.093004e+01 -4.242149e+01 0.000000e+00
      vertex   -2.991609e+01 -4.191989e+01 0.000000e+00
      vertex   -3.132230e+01 -4.087987e+01 0.000000e+00
    endloop
  endfacet
  facet normal 0.000000e+00 0.000000e+00 1.000000e+00
    outer loop
      vertex   -3.093004e+01 -4.242149e+01 0.000000e+00
      vertex   -3.132230e+01 -4.087987e+01 0.000000e+00
      vertex   -3.233767e+01 -4.135849e+01 0.000000e+00
    endloop
  endfacet
  facet normal 0.000000e+00 -0.000000e+00 1.000000e+00
    outer loop
      vertex   -3.233767e+01 -4.135849e+01 0.000000e+00
      vertex   -3.132230e+01 -4.087987e+01 0.000000e+00
      vertex   -3.269238e+01 -3.979269e+01 0.000000e+00
    endloop
  endfacet
  facet normal 0.000000e+00 0.000000e+00 1.000000e+00
    outer loop
      vertex   -3.233767e+01 -4.135849e+01 0.000000e+00
      vertex   -3.269238e+01 -3.979269e+01 0.000000e+00
      vertex   -3.370880e+01 -4.024881e+01 0.000000e+00
    endloop
  endfacet
  facet normal 0.000000e+00 -0.000000e+00 1.000000e+00
    outer loop
      vertex   -3.370880e+01 -4.024881e+01 0.000000e+00
      vertex   -3.269238e+01 -3.979269e+01 0.000000e+00
      vertex   -3.402475e+01 -3.865962e+01 0.000000e+00
    endloop
  endfacet
  facet normal 0.000000e+00 0.000000e+00 1.000000e+00
    outer loop
      vertex   -3.370880e+01 -4.024881e+01 0.000000e+00
      vertex   -3.402475e+01 -3.865962e+01 0.000000e+00
      vertex   -3.504188e+01 -3.909369e+01 0.000000e+00
    endloop
  endfacet
  facet normal 0.000000e+00 -0.000000e+00 1.000000e+00
    outer loop
      vertex   -3.504188e+01 -3.909369e+01 0.000000e+00
      vertex   -3.402475e+01 -3.865962e+01 0.000000e+00
      vertex   -3.531788e+01 -3.748196e+01 0.000000e+00
    endloop
  endfacet
  facet normal 0.000000e+00 0.000000e+00 1.000000e+00
    outer loop
      vertex   -3.504188e+01 -3.909369e+01 0.000000e+00
      vertex   -3.531788e+01 -3.748196e+01 0.000000e+00
      vertex   -3.633539e+01 -3.789445e+01 0.000000e+00
    endloop
  endfacet
  facet normal 0.000000e+00 -0.000000e+00 1.000000e+00
    outer loop
      vertex   -3.633539e+01 -3.789445e+01 0.000000e+00
      vertex   -3.531788e+01 -3.748196e+01 0.000000e+00
      vertex   -3.657027e+01 -3.626107e+01 0.000000e+00
    endloop
  endfacet
  facet normal 0.000000e+00 0.000000e+00 1.000000e+00
    outer loop
      vertex   -3.633539e+01 -3.789445e+01 0.000000e+00
      vertex   -3.657027e+01 -3.626107e+01 0.000000e+00
      vertex   -3.758790e+01 -3.665242e+01 0.000000e+00
    endloop
  endfacet
  facet normal 0.000000e+00 -0.000000e+00 1.000000e+00
    outer loop
      vertex   -3.758790e+01 -3.665242e+01 0.000000e+00
      vertex   -3.657027e+01 -3.626107e+01 0.000000e+00
      vertex   -3.778049e+01 -3.499836e+01 0.000000e+00
    endloop
  endfacet
  facet normal 0.000000e+00 0.000000e+00 1.000000e+00
    outer loop
      vertex   -3.758790e+01 -3.665242e+01 0.000000e+00
      vertex   -3.778049e+01 -3.499836e+01 0.000000e+00
      vertex   -3.879797e+01 -3.536902e+01 0.000000e+00
    endloop
  endfacet
  facet normal 0.000000e+00 -0.000000e+00 1.000000e+00
    outer loop
      vertex   -3.879797e+01 -3.536902e+01 0.000000e+00
      vertex   -3.778049e+01 -3.499836e+01 0.000000e+00
      vertex   -3.894712e+01 -3.369527e+01 0.000000e+00
    endloop
  endfacet
  facet normal 0.000000e+00 0.000000e+00 1.000000e+00
    outer loop
      vertex   -3.879797e+01 -3.536902e+01 0.000000e+00
      vertex   -3.894712e+01 -3.369527e+01 0.000000e+00
      vertex   -3.996424e+01 -3.404569e+01 0.000000e+00
    endloop
  endfacet
  facet normal 0.000000e+00 -0.000000e+00 1.000000e+00
    outer loop
      vertex   -3.996424e+01 -3.404569e+01 0.000000e+00
      vertex   -3.894712e+01 -3.369527e+01 0.000000e+00
      vertex   -4.006884e+01 -3.235333e+01 0.000000e+00
    endloop
  endfacet
  facet normal 0.000000e+00 0.000000e+00 1.000000e+00
    outer loop
      vertex   -3.996424e+01 -3.404569e+01 0.000000e+00
      vertex   -4.006884e+01 -3.235333e+01 0.000000e+00
      vertex   -4.108540e+01 -3.268394e+01 0.000000e+00
    endloop
  endfacet
  facet normal 0.000000e+00 -0.000000e+00 1.000000e+00
    outer loop
      vertex   -4.108540e+01 -3.268394e+01 0.000000e+00
      vertex   -4.006884e+01 -3.235333e+01 0.000000e+00
      vertex   -4.114434e+01 -3.097407e+01 0.000000e+00
    endloop
  endfacet
  facet normal 0.000000e+00 0.000000e+00 1.000000e+00
    outer loop
      vertex   -4.108540e+01 -3.268394e+01 0.000000e+00
      vertex   -4.114434e+01 -3.097407e+01 0.000000e+00
      vertex   -4.216018e+01 -3.128528e+01 0.000000e+00
    endloop
  endfacet
  facet normal 0.000000e+00 -0.000000e+00 1.000000e+00
    outer loop
      vertex   -4.216018e+01 -3.128528e+01 0.000000e+00
      vertex   -4.114434e+01 -3.097407e+01 0.000000e+00
      vertex   -4.217239e+01 -2.955908e+01 0.000000e+00
    endloop
  endfacet
  facet normal 0.000000e+00 0.000000e+00 1.000000e+00
    outer loop
      vertex   -4.216018e+01 -3.128528e+01 0.000000e+00
      vertex   -4.217239e+01 -2.955908e+01 0.000000e+00
      vertex   -4.318737e+01 -2.985131e+01 0.000000e+00
    endloop
  endfacet
  facet normal 0.000000e+00 0.000000e+00 1.000000e+00
    outer loop
      vertex   -4.318737e+01 -2.985131e+01 0.000000e+00
      vertex   -4.217239e+01 -2.955908e+01 0.000000e+00
      vertex   -4.315180e+01 -2.811000e+01 0.000000e+00
    endloop
  endfacet
  facet normal 0.000000e+00 -0.000000e+00 1.000000e+00
    outer loop
      vertex   -4.318737e+01 -2.985131e+01 0.000000e+00
      vertex   -4.315180e+01 -2.811000e+01 0.000000e+00
      vertex   -4.416581e+01 -2.838364e+01 0.000000e+00
    endloop
  endfacet
  facet normal 0.000000e+00 0.000000e+00 1.000000e+00
    outer loop
      vertex   -4.416581e+01 -2.838364e+01 0.000000e+00
      vertex   -4.315180e+01 -2.811000e+01 0.000000e+00
      vertex   -4.408143e+01 -2.662850e+01 0.000000e+00
    endloop
  endfacet
  facet normal 0.000000e+00 -0.000000e+00 1.000000e+00
    outer loop
      vertex   -4.416581e+01 -2.838364e+01 0.000000e+00
      vertex   -4.408143e+01 -2.662850e+01 0.000000e+00
      vertex   -4.509439e+01 -2.688393e+01 0.000000e+00
    endloop
  endfacet
  facet normal 0.000000e+00 0.000000e+00 1.000000e+00
    outer loop
      vertex   -4.509439e+01 -2.688393e+01 0.000000e+00
      vertex   -4.408143e+01 -2.662850e+01 0.000000e+00
      vertex   -4.496023e+01 -2.511629e+01 0.000000e+00
    endloop
  endfacet
  facet normal 0.000000e+00 -0.000000e+00 1.000000e+00
    outer loop
      vertex   -4.509439e+01 -2.688393e+01 0.000000e+00
      vertex   -4.496023e+01 -2.511629e+01 0.000000e+00
      vertex   -4.597207e+01 -2.535388e+01 0.000000e+00
    endloop
  endfacet
  facet normal 0.000000e+00 0.000000e+00 1.000000e+00
    outer loop
      vertex   -4.597207e+01 -2.535388e+01 0.000000e+00
      vertex   -4.496023e+01 -2.511629e+01 0.000000e+00
      vertex   -4.578716e+01 -2.357511e+01 0.000000e+00
    endloop
  endfacet
  facet normal 0.000000e+00 -0.000000e+00 1.000000e+00
    outer loop
      vertex   -4.597207e+01 -2.535388e+01 0.000000e+00
      vertex   -4.578716e+01 -2.357511e+01 0.000000e+00
      vertex   -4.679785e+01 -2.379520e+01 0.000000e+00
    endloop
  endfacet
  facet normal 0.000000e+00 0.000000e+00 1.000000e+00
    outer loop
      vertex   -4.679785e+01 -2.379520e+01 0.000000e+00
      vertex   -4.578716e+01 -2.357511e+01 0.000000e+00
      vertex   -4.656129e+01 -2.200673e+01 0.000000e+00
    endloop
  endfacet
  facet normal 0.000000e+00 -0.000000e+00 1.000000e+00
    outer loop
      vertex   -4.679785e+01 -2.379520e+01 0.000000e+00
      vertex   -4.656129e+01 -2.200673e+01 0.000000e+00
      vertex   -4.757080e+01 -2.220966e+01 0.000000e+00
    endloop
  endfacet
  facet normal 0.000000e+00 0.000000e+00 1.000000e+00
    outer loop
      vertex   -4.757080e+01 -2.220966e+01 0.000000e+00
      vertex   -4.656129e+01 -2.200673e+01 0.000000e+00
      vertex   -4.728171e+01 -2.041298e+01 0.000000e+00
    endloop
  endfacet
  facet normal 0.000000e+00 -0.000000e+00 1.000000e+00
    outer loop
      vertex   -4.757080e+01 -2.220966e+01 0.000000e+00
      vertex   -4.728171e+01 -2.041298e+01 0.000000e+00
      vertex   -4.829005e+01 -2.059905e+01 0.000000e+00
    endloop
  endfacet
  facet normal 0.000000e+00 0.000000e+00 1.000000e+00
    outer loop
      vertex   -4.829005e+01 -2.059905e+01 0.000000e+00
      vertex   -4.728171e+01 -2.041298e+01 0.000000e+00
      vertex   -4.794760e+01 -1.879568e+01 0.000000e+00
    endloop
  endfacet
  facet normal 0.000000e+00 -0.000000e+00 1.000000e+00
    outer loop
      vertex   -4.829005e+01 -2.059905e+01 0.000000e+00
      vertex   -4.794760e+01 -1.879568e+01 0.000000e+00
      vertex   -4.895479e+01 -1.896519e+01 0.000000e+00
    endloop
  endfacet
  facet normal 0.000000e+00 0.000000e+00 1.000000e+00
    outer loop
      vertex   -4.895479e+01 -1.896519e+01 0.000000e+00
      vertex   -4.794760e+01 -1.879568e+01 0.000000e+00
      vertex   -4.855819e+01 -1.715670e+01 0.000000e+00
    endloop
  endfacet
  facet normal 0.000000e+00 -0.000000e+00 1.000000e+00
    outer loop
      vertex   -4.895479e+01 -1.896519e+01 0.000000e+00
      vertex   -4.855819e+01 -1.715670e+01 0.000000e+00
      vertex   -4.956427e+01 -1.730992e+01 0.000000e+00
    endloop
  endfacet
  facet normal 0.000000e+00 0.000000e+00 1.000000e+00
    outer loop
      vertex   -4.956427e+01 -1.730992e+01 0.000000e+00
      vertex   -4.855819e+01 -1.715670e+01 0.000000e+00
      vertex   -4.911277e+01 -1.549793e+01 0.000000e+00
    endloop
  endfacet
  facet normal 0.000000e+00 -0.000000e+00 1.000000e+00
    outer loop
      vertex   -4.956427e+01 -1.730992e+01 0.000000e+00
      vertex   -4.911277e+01 -1.549793e+01 0.000000e+00
      vertex   -5.011780e+01 -1.563510e+01 0.000000e+00
    endloop
  endfacet
  facet normal 0.000000e+00 0.000000e+00 1.000000e+00
    outer loop
      vertex   -5.011780e+01 -1.563510e+01 0.000000e+00
      vertex   -4.911277e+01 -1.549793e+01 0.000000e+00
      vertex   -4.961070e+01 -1.382129e+01 0.000000e+00
    endloop
  endfacet
  facet normal 0.000000e+00 -0.000000e+00 1.000000e+00
    outer loop
      vertex   -5.011780e+01 -1.563510e+01 0.000000e+00
      vertex   -4.961070e+01 -1.382129e+01 0.000000e+00
      vertex   -5.061475e+01 -1.394264e+01 0.000000e+00
    endloop
  endfacet
  facet normal 0.000000e+00 0.000000e+00 1.000000e+00
    outer loop
      vertex   -5.061475e+01 -1.394264e+01 0.000000e+00
      vertex   -4.961070e+01 -1.382129e+01 0.000000e+00
      vertex   -5.005142e+01 -1.212871e+01 0.000000e+00
    endloop
  endfacet
  facet normal 0.000000e+00 -0.000000e+00 1.000000e+00
    outer loop
      vertex   -5.061475e+01 -1.394264e+01 0.000000e+00
      vertex   -5.005142e+01 -1.212871e+01 0.000000e+00
      vertex   -5.105456e+01 -1.223444e+01 0.000000e+00
    endloop
  endfacet
  facet normal 0.000000e+00 0.000000e+00 1.000000e+00
    outer loop
      vertex   -5.105456e+01 -1.223444e+01 0.000000e+00
      vertex   -5.005142e+01 -1.212871e+01 0.000000e+00
      vertex   -5.043440e+01 -1.042214e+01 0.000000e+00
    endloop
  endfacet
  facet normal 0.000000e+00 -0.000000e+00 1.000000e+00
    outer loop
      vertex   -5.105456e+01 -1.223444e+01 0.000000e+00
      vertex   -5.043440e+01 -1.042214e+01 0.000000e+00
      vertex   -5.143675e+01 -1.051243e+01 0.000000e+00
    endloop
  endfacet
  facet normal 0.000000e+00 0.000000e+00 1.000000e+00
    outer loop
      vertex   -5.143675e+01 -1.051243e+01 0.000000e+00
      vertex   -5.043440e+01 -1.042214e+01 0.000000e+00
      vertex   -5.075922e+01 -8.703542e+00 0.000000e+00
    endloop
  endfacet
  facet normal 0.000000e+00 -0.000000e+00 1.000000e+00
    outer loop
      vertex   -5.143675e+01 -1.051243e+01 0.000000e+00
      vertex   -5.075922e+01 -8.703542e+00 0.000000e+00
      vertex   -5.176086e+01 -8.778549e+00 0.000000e+00
    endloop
  endfacet
  facet normal 0.000000e+00 0.000000e+00 1.000000e+00
    outer loop
      vertex   -5.176086e+01 -8.778549e+00 0.000000e+00
      vertex   -5.075922e+01 -8.703542e+00 0.000000e+00
      vertex   -5.102549e+01 -6.974911e+00 0.000000e+00
    endloop
  endfacet
  facet normal 0.000000e+00 -0.000000e+00 1.000000e+00
    outer loop
      vertex   -5.176086e+01 -8.778549e+00 0.000000e+00
      vertex   -5.102549e+01 -6.974911e+00 0.000000e+00
      vertex   -5.202655e+01 -7.034760e+00 0.000000e+00
    endloop
  endfacet
  facet normal 0.000000e+00 0.000000e+00 1.000000e+00
    outer loop
      vertex   -5.202655e+01 -7.034760e+00 0.000000e+00
      vertex   -5.102549e+01 -6.974911e+00 0.000000e+00
      vertex   -5.123291e+01 -5.238234e+00 0.000000e+00
    endloop
  endfacet
  facet normal 0.000000e+00 -0.000000e+00 1.000000e+00
    outer loop
      vertex   -5.202655e+01 -7.034760e+00 0.000000e+00
      vertex   -5.123291e+01 -5.238234e+00 0.000000e+00
      vertex   -5.223351e+01 -5.283031e+00 0.000000e+00
    endloop
  endfacet
  facet normal 0.000000e+00 0.000000e+00 1.000000e+00
    outer loop
      vertex   -5.223351e+01 -5.283031e+00 0.000000e+00
      vertex   -5.123291e+01 -5.238234e+00 0.000000e+00
      vertex   -5.138124e+01 -3.495516e+00 0.000000e+00
    endloop
  endfacet
  facet normal 0.000000e+00 -0.000000e+00 1.000000e+00
    outer loop
      vertex   -5.223351e+01 -5.283031e+00 0.000000e+00
      vertex   -5.138124e+01 -3.495516e+00 0.000000e+00
      vertex   -5.238150e+01 -3.525337e+00 0.000000e+00
    endloop
  endfacet
  facet normal 0.000000e+00 0.000000e+00 1.000000e+00
    outer loop
      vertex   -5.238150e+01 -3.525337e+00 0.000000e+00
      vertex   -5.138124e+01 -3.495516e+00 0.000000e+00
      vertex   -5.147030e+01 -1.748767e+00 0.000000e+00
    endloop
  endfacet
  facet normal 0.000000e+00 -0.000000e+00 1.000000e+00
    outer loop
      vertex   -5.238150e+01 -3.525337e+00 0.000000e+00
      vertex   -5.147030e+01 -1.748767e+00 0.000000e+00
      vertex   -5.247037e+01 -1.763664e+00 0.000000e+00
    endloop
  endfacet
  facet normal 0.000000e+00 0.000000e+00 1.000000e+00
    outer loop
      vertex   -5.247037e+01 -1.763664e+00 0.000000e+00
      vertex   -5.147030e+01 -1.748767e+00 0.000000e+00
      vertex   -5.150000e+01 -6.306931e-15 0.000000e+00
    endloop
  endfacet
  facet normal 0.000000e+00 0.000000e+00 -1.000000e+00
    outer loop
      vertex   1.377972e+01 -8.700908e-01 -3.000000e+00
      vertex   -1.377972e+01 -8.700908e-01 -3.000000e+00
      vertex   1.375000e+01 1.561425e-15 -3.000000e+00
    endloop
  endfacet
  facet normal 0.000000e+00 0.000000e+00 -1.000000e+00
    outer loop
      vertex   1.375000e+01 1.561425e-15 -3.000000e+00
      vertex   -1.377972e+01 -8.700908e-01 -3.000000e+00
      vertex   -1.375000e+01 0.000000e+00 -3.000000e+00
    endloop
  endfacet
  facet normal -0.000000e+00 0.000000e+00 -1.000000e+00
    outer loop
      vertex   1.375000e+01 1.561425e-15 -3.000000e+00
      vertex   -1.375000e+01 0.000000e+00 -3.000000e+00
      vertex   1.377972e+01 8.700908e-01 -3.000000e+00
    endloop
  endfacet
  facet normal 0.000000e+00 0.000000e+00 -1.000000e+00
    outer loop
      vertex   1.377972e+01 8.700908e-01 -3.000000e+00
      vertex   -1.375000e+01 0.000000e+00 -3.000000e+00
      vertex   -1.377972e+01 8.700908e-01 -3.000000e+00
    endloop
  endfacet
  facet normal -0.000000e+00 0.000000e+00 -1.000000e+00
    outer loop
      vertex   1.377972e+01 8.700908e-01 -3.000000e+00
      vertex   -1.377972e+01 8.700908e-01 -3.000000e+00
      vertex   1.386875e+01 1.736125e+00 -3.000000e+00
    endloop
  endfacet
  facet normal 0.000000e+00 0.000000e+00 -1.000000e+00
    outer loop
      vertex   1.386875e+01 1.736125e+00 -3.000000e+00
      vertex   -1.377972e+01 8.700908e-01 -3.000000e+00
      vertex   -1.386875e+01 1.736125e+00 -3.000000e+00
    endloop
  endfacet
  facet normal -0.000000e+00 0.000000e+00 -1.000000e+00
    outer loop
      vertex   1.386875e+01 1.736125e+00 -3.000000e+00
      vertex   -1.386875e+01 1.736125e+00 -3.000000e+00
      vertex   1.401668e+01 2.594064e+00 -3.000000e+00
    endloop
  endfacet
  facet normal -0.000000e+00 0.000000e+00 -1.000000e+00
    outer loop
      vertex   1.401668e+01 2.594064e+00 -3.000000e+00
      vertex   -1.386875e+01 1.736125e+00 -3.000000e+00
      vertex   -1.401668e+01 2.594064e+00 -3.000000e+00
    endloop
  endfacet
  facet normal 0.000000e+00 0.000000e+00 -1.000000e+00
    outer loop
      vertex   1.401668e+01 2.594064e+00 -3.000000e+00
      vertex   -1.401668e+01 2.594064e+00 -3.000000e+00
      vertex   1.422280e+01 3.439909e+00 -3.000000e+00
    endloop
  endfacet
  facet normal 0.000000e+00 0.000000e+00 -1.000000e+00
    outer loop
      vertex   1.422280e+01 3.439909e+00 -3.000000e+00
      vertex   -1.401668e+01 2.594064e+00 -3.000000e+00
      vertex   -1.422280e+01 3.439909e+00 -3.000000e+00
    endloop
  endfacet
  facet normal -0.000000e+00 0.000000e+00 -1.000000e+00
    outer loop
      vertex   1.422280e+01 3.439909e+00 -3.000000e+00
      vertex   -1.422280e+01 3.439909e+00 -3.000000e+00
      vertex   1.448617e+01 4.269715e+00 -3.000000e+00
    endloop
  endfacet
  facet normal 0.000000e+00 0.000000e+00 -1.000000e+00
    outer loop
      vertex   1.448617e+01 4.269715e+00 -3.000000e+00
      vertex   -1.422280e+01 3.439909e+00 -3.000000e+00
      vertex   -1.448617e+01 4.269715e+00 -3.000000e+00
    endloop
  endfacet
  facet normal -0.000000e+00 0.000000e+00 -1.000000e+00
    outer loop
      vertex   1.448617e+01 4.269715e+00 -3.000000e+00
      vertex   -1.448617e+01 4.269715e+00 -3.000000e+00
      vertex   1.480556e+01 5.079614e+00 -3.000000e+00
    endloop
  endfacet
  facet normal 0.000000e+00 0.000000e+00 -1.000000e+00
    outer loop
      vertex   1.480556e+01 5.079614e+00 -3.000000e+00
      vertex   -1.448617e+01 4.269715e+00 -3.000000e+00
      vertex   -1.480556e+01 5.079614e+00 -3.000000e+00
    endloop
  endfacet
  facet normal -0.000000e+00 0.000000e+00 -1.000000e+00
    outer loop
      vertex   1.480556e+01 5.079614e+00 -3.000000e+00
      vertex   -1.480556e+01 5.079614e+00 -3.000000e+00
      vertex   1.517946e+01 5.865829e+00 -3.000000e+00
    endloop
  endfacet
  facet normal 0.000000e+00 0.000000e+00 -1.000000e+00
    outer loop
      vertex   1.517946e+01 5.865829e+00 -3.000000e+00
      vertex   -1.480556e+01 5.079614e+00 -3.000000e+00
      vertex   -1.517946e+01 5.865829e+00 -3.000000e+00
    endloop
  endfacet
  facet normal -0.000000e+00 0.000000e+00 -1.000000e+00
    outer loop
      vertex   1.517946e+01 5.865829e+00 -3.000000e+00
      vertex   -1.517946e+01 5.865829e+00 -3.000000e+00
      vertex   1.560615e+01 6.624695e+00 -3.000000e+00
    endloop
  endfacet
  facet normal 0.000000e+00 0.000000e+00 -1.000000e+00
    outer loop
      vertex   1.560615e+01 6.624695e+00 -3.000000e+00
      vertex   -1.517946e+01 5.865829e+00 -3.000000e+00
      vertex   -1.560615e+01 6.624695e+00 -3.000000e+00
    endloop
  endfacet
  facet normal -0.000000e+00 0.000000e+00 -1.000000e+00
    outer loop
      vertex   1.560615e+01 6.624695e+00 -3.000000e+00
      vertex   -1.560615e+01 6.624695e+00 -3.000000e+00
      vertex   1.608363e+01 7.352674e+00 -3.000000e+00
    endloop
  endfacet
  facet normal 0.000000e+00 0.000000e+00 -1.000000e+00
    outer loop
      vertex   1.608363e+01 7.352674e+00 -3.000000e+00
      vertex   -1.560615e+01 6.624695e+00 -3.000000e+00
      vertex   -1.608363e+01 7.352674e+00 -3.000000e+00
    endloop
  endfacet
  facet normal -0.000000e+00 0.000000e+00 -1.000000e+00
    outer loop
      vertex   1.608363e+01 7.352674e+00 -3.000000e+00
      vertex   -1.608363e+01 7.352674e+00 -3.000000e+00
      vertex   1.660968e+01 8.046371e+00 -3.000000e+00
    endloop
  endfacet
  facet normal 0.000000e+00 0.000000e+00 -1.000000e+00
    outer loop
      vertex   1.660968e+01 8.046371e+00 -3.000000e+00
      vertex   -1.608363e+01 7.352674e+00 -3.000000e+00
      vertex   -1.660968e+01 8.046371e+00 -3.000000e+00
    endloop
  endfacet
  facet normal -0.000000e+00 0.000000e+00 -1.000000e+00
    outer loop
      vertex   1.660968e+01 8.046371e+00 -3.000000e+00
      vertex   -1.660968e+01 8.046371e+00 -3.000000e+00
      vertex   1.718184e+01 8.702553e+00 -3.000000e+00
    endloop
  endfacet
  facet normal 0.000000e+00 0.000000e+00 -1.000000e+00
    outer loop
      vertex   1.718184e+01 8.702553e+00 -3.000000e+00
      vertex   -1.660968e+01 8.046371e+00 -3.000000e+00
      vertex   -1.718184e+01 8.702553e+00 -3.000000e+00
    endloop
  endfacet
  facet normal -0.000000e+00 0.000000e+00 -1.000000e+00
    outer loop
      vertex   1.718184e+01 8.702553e+00 -3.000000e+00
      vertex   -1.718184e+01 8.702553e+00 -3.000000e+00
      vertex   1.779745e+01 9.318159e+00 -3.000000e+00
    endloop
  endfacet
  facet normal 0.000000e+00 0.000000e+00 -1.000000e+00
    outer loop
      vertex   1.779745e+01 9.318159e+00 -3.000000e+00
      vertex   -1.718184e+01 8.702553e+00 -3.000000e+00
      vertex   -1.779745e+01 9.318159e+00 -3.000000e+00
    endloop
  endfacet
  facet normal -0.000000e+00 0.000000e+00 -1.000000e+00
    outer loop
      vertex   1.779745e+01 9.318159e+00 -3.000000e+00
      vertex   -1.779745e+01 9.318159e+00 -3.000000e+00
      vertex   1.845363e+01 9.890319e+00 -3.000000e+00
    endloop
  endfacet
  facet normal 0.000000e+00 0.000000e+00 -1.000000e+00
    outer loop
      vertex   1.845363e+01 9.890319e+00 -3.000000e+00
      vertex   -1.779745e+01 9.318159e+00 -3.000000e+00
      vertex   -1.845363e+01 9.890319e+00 -3.000000e+00
    endloop
  endfacet
  facet normal -0.000000e+00 0.000000e+00 -1.000000e+00
    outer loop
      vertex   1.845363e+01 9.890319e+00 -3.000000e+00
      vertex   -1.845363e+01 9.890319e+00 -3.000000e+00
      vertex   1.914733e+01 1.041637e+01 -3.000000e+00
    endloop
  endfacet
  facet normal 0.000000e+00 0.000000e+00 -1.000000e+00
    outer loop
      vertex   1.914733e+01 1.041637e+01 -3.000000e+00
      vertex   -1.845363e+01 9.890319e+00 -3.000000e+00
      vertex   -1.914733e+01 1.041637e+01 -3.000000e+00
    endloop
  endfacet
  facet normal -0.000000e+00 0.000000e+00 -1.000000e+00
    outer loop
      vertex   1.914733e+01 1.041637e+01 -3.000000e+00
      vertex   -1.914733e+01 1.041637e+01 -3.000000e+00
      vertex   1.987530e+01 1.089385e+01 -3.000000e+00
    endloop
  endfacet
  facet normal 0.000000e+00 0.000000e+00 -1.000000e+00
    outer loop
      vertex   1.987530e+01 1.089385e+01 -3.000000e+00
      vertex   -1.914733e+01 1.041637e+01 -3.000000e+00
      vertex   -1.987530e+01 1.089385e+01 -3.000000e+00
    endloop
  endfacet
  facet normal -0.000000e+00 0.000000e+00 -1.000000e+00
    outer loop
      vertex   1.987530e+01 1.089385e+01 -3.000000e+00
      vertex   -1.987530e+01 1.089385e+01 -3.000000e+00
      vertex   2.063417e+01 1.132054e+01 -3.000000e+00
    endloop
  endfacet
  facet normal 0.000000e+00 0.000000e+00 -1.000000e+00
    outer loop
      vertex   2.063417e+01 1.132054e+01 -3.000000e+00
      vertex   -1.987530e+01 1.089385e+01 -3.000000e+00
      vertex   -2.063417e+01 1.132054e+01 -3.000000e+00
    endloop
  endfacet
  facet normal -0.000000e+00 0.000000e+00 -1.000000e+00
    outer loop
      vertex   2.063417e+01 1.132054e+01 -3.000000e+00
      vertex   -2.063417e+01 1.132054e+01 -3.000000e+00
      vertex   2.142039e+01 1.169444e+01 -3.000000e+00
    endloop
  endfacet
  facet normal -0.000000e+00 0.000000e+00 -1.000000e+00
    outer loop
      vertex   2.142039e+01 1.169444e+01 -3.000000e+00
      vertex   -2.063417e+01 1.132054e+01 -3.000000e+00
      vertex   -2.142039e+01 1.169444e+01 -3.000000e+00
    endloop
  endfacet
  facet normal 0.000000e+00 0.000000e+00 -1.000000e+00
    outer loop
      vertex   2.142039e+01 1.169444e+01 -3.000000e+00
      vertex   -2.142039e+01 1.169444e+01 -3.000000e+00
      vertex   2.223028e+01 1.201383e+01 -3.000000e+00
    endloop
  endfacet
  facet normal 0.000000e+00 0.000000e+00 -1.000000e+00
    outer loop
      vertex   2.223028e+01 1.201383e+01 -3.000000e+00
      vertex   -2.142039e+01 1.169444e+01 -3.000000e+00
      vertex   -2.223028e+01 1.201383e+01 -3.000000e+00
    endloop
  endfacet
  facet normal -0.000000e+00 0.000000e+00 -1.000000e+00
    outer loop
      vertex   2.223028e+01 1.201383e+01 -3.000000e+00
      vertex   -2.223028e+01 1.201383e+01 -3.000000e+00
      vertex   2.306009e+01 1.227720e+01 -3.000000e+00
    endloop
  endfacet
  facet normal 0.000000e+00 0.000000e+00 -1.000000e+00
    outer loop
      vertex   2.306009e+01 1.227720e+01 -3.000000e+00
      vertex   -2.223028e+01 1.201383e+01 -3.000000e+00
      vertex   -2.306009e+01 1.227720e+01 -3.000000e+00
    endloop
  endfacet
  facet normal -0.000000e+00 0.000000e+00 -1.000000e+00
    outer loop
      vertex   2.306009e+01 1.227720e+01 -3.000000e+00
      vertex   -2.306009e+01 1.227720e+01 -3.000000e+00
      vertex   2.390594e+01 1.248332e+01 -3.000000e+00
    endloop
  endfacet
  facet normal 0.000000e+00 0.000000e+00 -1.000000e+00
    outer loop
      vertex   2.390594e+01 1.248332e+01 -3.000000e+00
      vertex   -2.306009e+01 1.227720e+01 -3.000000e+00
      vertex   -2.390594e+01 1.248332e+01 -3.000000e+00
    endloop
  endfacet
  facet normal -0.000000e+00 0.000000e+00 -1.000000e+00
    outer loop
      vertex   2.390594e+01 1.248332e+01 -3.000000e+00
      vertex   -2.390594e+01 1.248332e+01 -3.000000e+00
      vertex   2.476388e+01 1.263125e+01 -3.000000e+00
    endloop
  endfacet
  facet normal 0.000000e+00 0.000000e+00 -1.000000e+00
    outer loop
      vertex   2.476388e+01 1.263125e+01 -3.000000e+00
      vertex   -2.390594e+01 1.248332e+01 -3.000000e+00
      vertex   -2.476388e+01 1.263125e+01 -3.000000e+00
    endloop
  endfacet
  facet normal -0.000000e+00 0.000000e+00 -1.000000e+00
    outer loop
      vertex   2.476388e+01 1.263125e+01 -3.000000e+00
      vertex   -2.476388e+01 1.263125e+01 -3.000000e+00
      vertex   2.562991e+01 1.272028e+01 -3.000000e+00
    endloop
  endfacet
  facet normal 0.000000e+00 0.000000e+00 -1.000000e+00
    outer loop
      vertex   2.562991e+01 1.272028e+01 -3.000000e+00
      vertex   -2.476388e+01 1.263125e+01 -3.000000e+00
      vertex   -2.562991e+01 1.272028e+01 -3.000000e+00
    endloop
  endfacet
  facet normal -0.000000e+00 0.000000e+00 -1.000000e+00
    outer loop
      vertex   2.562991e+01 1.272028e+01 -3.000000e+00
      vertex   -2.562991e+01 1.272028e+01 -3.000000e+00
      vertex   2.650000e+01 1.275000e+01 -3.000000e+00
    endloop
  endfacet
  facet normal 0.000000e+00 0.000000e+00 -1.000000e+00
    outer loop
      vertex   2.650000e+01 1.275000e+01 -3.000000e+00
      vertex   -2.562991e+01 1.272028e+01 -3.000000e+00
      vertex   -2.650000e+01 1.275000e+01 -3.000000e+00
    endloop
  endfacet
  facet normal -0.000000e+00 0.000000e+00 -1.000000e+00
    outer loop
      vertex   2.650000e+01 1.275000e+01 -3.000000e+00
      vertex   -2.650000e+01 1.275000e+01 -3.000000e+00
      vertex   5.084183e+01 1.309039e+01 -3.000000e+00
    endloop
  endfacet
  facet normal -0.000000e+00 0.000000e+00 -1.000000e+00
    outer loop
      vertex   5.084183e+01 1.309039e+01 -3.000000e+00
      vertex   -2.650000e+01 1.275000e+01 -3.000000e+00
      vertex   5.037338e+01 1.479096e+01 -3.000000e+00
    endloop
  endfacet
  facet normal -0.000000e+00 0.000000e+00 -1.000000e+00
    outer loop
      vertex   5.037338e+01 1.479096e+01 -3.000000e+00
      vertex   -2.650000e+01 1.275000e+01 -3.000000e+00
      vertex   4.984807e+01 1.647483e+01 -3.000000e+00
    endloop
  endfacet
  facet normal -0.000000e+00 0.000000e+00 -1.000000e+00
    outer loop
      vertex   4.984807e+01 1.647483e+01 -3.000000e+00
      vertex   -2.650000e+01 1.275000e+01 -3.000000e+00
      vertex   4.926648e+01 1.814011e+01 -3.000000e+00
    endloop
  endfacet
  facet normal -0.000000e+00 0.000000e+00 -1.000000e+00
    outer loop
      vertex   4.926648e+01 1.814011e+01 -3.000000e+00
      vertex   -2.650000e+01 1.275000e+01 -3.000000e+00
      vertex   4.862928e+01 1.978491e+01 -3.000000e+00
    endloop
  endfacet
  facet normal -0.000000e+00 0.000000e+00 -1.000000e+00
    outer loop
      vertex   4.862928e+01 1.978491e+01 -3.000000e+00
      vertex   -2.650000e+01 1.275000e+01 -3.000000e+00
      vertex   4.793719e+01 2.140738e+01 -3.000000e+00
    endloop
  endfacet
  facet normal -0.000000e+00 0.000000e+00 -1.000000e+00
    outer loop
      vertex   4.793719e+01 2.140738e+01 -3.000000e+00
      vertex   -2.650000e+01 1.275000e+01 -3.000000e+00
      vertex   4.719098e+01 2.300568e+01 -3.000000e+00
    endloop
  endfacet
  facet normal -0.000000e+00 0.000000e+00 -1.000000e+00
    outer loop
      vertex   4.719098e+01 2.300568e+01 -3.000000e+00
      vertex   -2.650000e+01 1.275000e+01 -3.000000e+00
      vertex   4.639150e+01 2.457801e+01 -3.000000e+00
    endloop
  endfacet
  facet normal -0.000000e+00 0.000000e+00 -1.000000e+00
    outer loop
      vertex   4.639150e+01 2.457801e+01 -3.000000e+00
      vertex   -2.650000e+01 1.275000e+01 -3.000000e+00
      vertex   4.553966e+01 2.612259e+01 -3.000000e+00
    endloop
  endfacet
  facet normal -0.000000e+00 0.000000e+00 -1.000000e+00
    outer loop
      vertex   4.553966e+01 2.612259e+01 -3.000000e+00
      vertex   -2.650000e+01 1.275000e+01 -3.000000e+00
      vertex   4.463640e+01 2.763769e+01 -3.000000e+00
    endloop
  endfacet
  facet normal -0.000000e+00 0.000000e+00 -1.000000e+00
    outer loop
      vertex   4.463640e+01 2.763769e+01 -3.000000e+00
      vertex   -2.650000e+01 1.275000e+01 -3.000000e+00
      vertex   4.368276e+01 2.912159e+01 -3.000000e+00
    endloop
  endfacet
  facet normal -0.000000e+00 0.000000e+00 -1.000000e+00
    outer loop
      vertex   4.368276e+01 2.912159e+01 -3.000000e+00
      vertex   -2.650000e+01 1.275000e+01 -3.000000e+00
      vertex   4.267980e+01 3.057261e+01 -3.000000e+00
    endloop
  endfacet
  facet normal -0.000000e+00 0.000000e+00 -1.000000e+00
    outer loop
      vertex   4.267980e+01 3.057261e+01 -3.000000e+00
      vertex   -2.650000e+01 1.275000e+01 -3.000000e+00
      vertex   4.162867e+01 3.198912e+01 -3.000000e+00
    endloop
  endfacet
  facet normal -0.000000e+00 0.000000e+00 -1.000000e+00
    outer loop
      vertex   4.162867e+01 3.198912e+01 -3.000000e+00
      vertex   -2.650000e+01 1.275000e+01 -3.000000e+00
      vertex   4.053054e+01 3.336952e+01 -3.000000e+00
    endloop
  endfacet
  facet normal -0.000000e+00 0.000000e+00 -1.000000e+00
    outer loop
      vertex   4.053054e+01 3.336952e+01 -3.000000e+00
      vertex   -2.650000e+01 1.275000e+01 -3.000000e+00
      vertex   3.938666e+01 3.471226e+01 -3.000000e+00
    endloop
  endfacet
  facet normal -0.000000e+00 0.000000e+00 -1.000000e+00
    outer loop
      vertex   3.938666e+01 3.471226e+01 -3.000000e+00
      vertex   -2.650000e+01 1.275000e+01 -3.000000e+00
      vertex   3.819832e+01 3.601580e+01 -3.000000e+00
    endloop
  endfacet
  facet normal -0.000000e+00 0.000000e+00 -1.000000e+00
    outer loop
      vertex   3.819832e+01 3.601580e+01 -3.000000e+00
      vertex   -2.650000e+01 1.275000e+01 -3.000000e+00
      vertex   3.696686e+01 3.727869e+01 -3.000000e+00
    endloop
  endfacet
  facet normal -0.000000e+00 0.000000e+00 -1.000000e+00
    outer loop
      vertex   3.696686e+01 3.727869e+01 -3.000000e+00
      vertex   -2.650000e+01 1.275000e+01 -3.000000e+00
      vertex   3.569367e+01 3.849950e+01 -3.000000e+00
    endloop
  endfacet
  facet normal -0.000000e+00 0.000000e+00 -1.000000e+00
    outer loop
      vertex   3.569367e+01 3.849950e+01 -3.000000e+00
      vertex   -2.650000e+01 1.275000e+01 -3.000000e+00
      vertex   3.438019e+01 3.967685e+01 -3.000000e+00
    endloop
  endfacet
  facet normal -0.000000e+00 0.000000e+00 -1.000000e+00
    outer loop
      vertex   3.438019e+01 3.967685e+01 -3.000000e+00
      vertex   -2.650000e+01 1.275000e+01 -3.000000e+00
      vertex   3.302790e+01 4.080941e+01 -3.000000e+00
    endloop
  endfacet
  facet normal -0.000000e+00 0.000000e+00 -1.000000e+00
    outer loop
      vertex   3.302790e+01 4.080941e+01 -3.000000e+00
      vertex   -2.650000e+01 1.275000e+01 -3.000000e+00
      vertex   3.163832e+01 4.189590e+01 -3.000000e+00
    endloop
  endfacet
  facet normal -0.000000e+00 0.000000e+00 -1.000000e+00
    outer loop
      vertex   3.163832e+01 4.189590e+01 -3.000000e+00
      vertex   -2.650000e+01 1.275000e+01 -3.000000e+00
      vertex   3.021303e+01 4.293510e+01 -3.000000e+00
    endloop
  endfacet
  facet normal -0.000000e+00 0.000000e+00 -1.000000e+00
    outer loop
      vertex   3.021303e+01 4.293510e+01 -3.000000e+00
      vertex   -2.650000e+01 1.275000e+01 -3.000000e+00
      vertex   2.875363e+01 4.392583e+01 -3.000000e+00
    endloop
  endfacet
  facet normal -0.000000e+00 0.000000e+00 -1.000000e+00
    outer loop
      vertex   2.875363e+01 4.392583e+01 -3.000000e+00
      vertex   -2.650000e+01 1.275000e+01 -3.000000e+00
      vertex   2.726177e+01 4.486698e+01 -3.000000e+00
    endloop
  endfacet
  facet normal -0.000000e+00 0.000000e+00 -1.000000e+00
    outer loop
      vertex   2.726177e+01 4.486698e+01 -3.000000e+00
      vertex   -2.650000e+01 1.275000e+01 -3.000000e+00
      vertex   2.573914e+01 4.575748e+01 -3.000000e+00
    endloop
  endfacet
  facet normal -0.000000e+00 0.000000e+00 -1.000000e+00
    outer loop
      vertex   2.573914e+01 4.575748e+01 -3.000000e+00
      vertex   -2.650000e+01 1.275000e+01 -3.000000e+00
      vertex   2.418746e+01 4.659632e+01 -3.000000e+00
    endloop
  endfacet
  facet normal -0.000000e+00 0.000000e+00 -1.000000e+00
    outer loop
      vertex   2.418746e+01 4.659632e+01 -3.000000e+00
      vertex   -2.650000e+01 1.275000e+01 -3.000000e+00
      vertex   2.260847e+01 4.738256e+01 -3.000000e+00
    endloop
  endfacet
  facet normal -0.000000e+00 0.000000e+00 -1.000000e+00
    outer loop
      vertex   2.260847e+01 4.738256e+01 -3.000000e+00
      vertex   -2.650000e+01 1.275000e+01 -3.000000e+00
      vertex   2.100395e+01 4.811532e+01 -3.000000e+00
    endloop
  endfacet
  facet normal -0.000000e+00 0.000000e+00 -1.000000e+00
    outer loop
      vertex   2.100395e+01 4.811532e+01 -3.000000e+00
      vertex   -2.650000e+01 1.275000e+01 -3.000000e+00
      vertex   1.937573e+01 4.879376e+01 -3.000000e+00
    endloop
  endfacet
  facet normal -0.000000e+00 0.000000e+00 -1.000000e+00
    outer loop
      vertex   1.937573e+01 4.879376e+01 -3.000000e+00
      vertex   -2.650000e+01 1.275000e+01 -3.000000e+00
      vertex   1.772564e+01 4.941712e+01 -3.000000e+00
    endloop
  endfacet
  facet normal -0.000000e+00 0.000000e+00 -1.000000e+00
    outer loop
      vertex   1.772564e+01 4.941712e+01 -3.000000e+00
      vertex   -2.650000e+01 1.275000e+01 -3.000000e+00
      vertex   1.605553e+01 4.998470e+01 -3.000000e+00
    endloop
  endfacet
  facet normal -0.000000e+00 0.000000e+00 -1.000000e+00
    outer loop
      vertex   1.605553e+01 4.998470e+01 -3.000000e+00
      vertex   -2.650000e+01 1.275000e+01 -3.000000e+00
      vertex   1.436731e+01 5.049585e+01 -3.000000e+00
    endloop
  endfacet
  facet normal -0.000000e+00 0.000000e+00 -1.000000e+00
    outer loop
      vertex   1.436731e+01 5.049585e+01 -3.000000e+00
      vertex   -2.650000e+01 1.275000e+01 -3.000000e+00
      vertex   1.266286e+01 5.094999e+01 -3.000000e+00
    endloop
  endfacet
  facet normal -0.000000e+00 0.000000e+00 -1.000000e+00
    outer loop
      vertex   1.266286e+01 5.094999e+01 -3.000000e+00
      vertex   -2.650000e+01 1.275000e+01 -3.000000e+00
      vertex   1.094412e+01 5.134663e+01 -3.000000e+00
    endloop
  endfacet
  facet normal -0.000000e+00 0.000000e+00 -1.000000e+00
    outer loop
      vertex   1.094412e+01 5.134663e+01 -3.000000e+00
      vertex   -2.650000e+01 1.275000e+01 -3.000000e+00
      vertex   9.213024e+00 5.168530e+01 -3.000000e+00
    endloop
  endfacet
  facet normal -0.000000e+00 0.000000e+00 -1.000000e+00
    outer loop
      vertex   9.213024e+00 5.168530e+01 -3.000000e+00
      vertex   -2.650000e+01 1.275000e+01 -3.000000e+00
      vertex   7.471529e+00 5.196563e+01 -3.000000e+00
    endloop
  endfacet
  facet normal -0.000000e+00 0.000000e+00 -1.000000e+00
    outer loop
      vertex   7.471529e+00 5.196563e+01 -3.000000e+00
      vertex   -2.650000e+01 1.275000e+01 -3.000000e+00
      vertex   5.721599e+00 5.218729e+01 -3.000000e+00
    endloop
  endfacet
  facet normal -0.000000e+00 0.000000e+00 -1.000000e+00
    outer loop
      vertex   5.721599e+00 5.218729e+01 -3.000000e+00
      vertex   -2.650000e+01 1.275000e+01 -3.000000e+00
      vertex   3.965211e+00 5.235004e+01 -3.000000e+00
    endloop
  endfacet
  facet normal -0.000000e+00 0.000000e+00 -1.000000e+00
    outer loop
      vertex   3.965211e+00 5.235004e+01 -3.000000e+00
      vertex   -2.650000e+01 1.275000e+01 -3.000000e+00
      vertex   2.204347e+00 5.245370e+01 -3.000000e+00
    endloop
  endfacet
  facet normal -0.000000e+00 0.000000e+00 -1.000000e+00
    outer loop
      vertex   2.204347e+00 5.245370e+01 -3.000000e+00
      vertex   -2.650000e+01 1.275000e+01 -3.000000e+00
      vertex   4.409938e-01 5.249815e+01 -3.000000e+00
    endloop
  endfacet
  facet normal 0.000000e+00 0.000000e+00 -1.000000e+00
    outer loop
      vertex   4.409938e-01 5.249815e+01 -3.000000e+00
      vertex   -2.650000e+01 1.275000e+01 -3.000000e+00
      vertex   -1.322857e+00 5.248333e+01 -3.000000e+00
    endloop
  endfacet
  facet normal 0.000000e+00 0.000000e+00 -1.000000e+00
    outer loop
      vertex   -1.322857e+00 5.248333e+01 -3.000000e+00
      vertex   -2.650000e+01 1.275000e+01 -3.000000e+00
      vertex   -3.085214e+00 5.240927e+01 -3.000000e+00
    endloop
  endfacet
  facet normal 0.000000e+00 0.000000e+00 -1.000000e+00
    outer loop
      vertex   -3.085214e+00 5.240927e+01 -3.000000e+00
      vertex   -2.650000e+01 1.275000e+01 -3.000000e+00
      vertex   -4.844089e+00 5.227604e+01 -3.000000e+00
    endloop
  endfacet
  facet normal 0.000000e+00 0.000000e+00 -1.000000e+00
    outer loop
      vertex   -4.844089e+00 5.227604e+01 -3.000000e+00
      vertex   -2.650000e+01 1.275000e+01 -3.000000e+00
      vertex   -6.597495e+00 5.208381e+01 -3.000000e+00
    endloop
  endfacet
  facet normal 0.000000e+00 0.000000e+00 -1.000000e+00
    outer loop
      vertex   -6.597495e+00 5.208381e+01 -3.000000e+00
      vertex   -2.650000e+01 1.275000e+01 -3.000000e+00
      vertex   -8.343454e+00 5.183278e+01 -3.000000e+00
    endloop
  endfacet
  facet normal 0.000000e+00 0.000000e+00 -1.000000e+00
    outer loop
      vertex   -8.343454e+00 5.183278e+01 -3.000000e+00
      vertex   -2.650000e+01 1.275000e+01 -3.000000e+00
      vertex   -1.007999e+01 5.152323e+01 -3.000000e+00
    endloop
  endfacet
  facet normal 0.000000e+00 0.000000e+00 -1.000000e+00
    outer loop
      vertex   -1.007999e+01 5.152323e+01 -3.000000e+00
      vertex   -2.650000e+01 1.275000e+01 -3.000000e+00
      vertex   -1.180516e+01 5.115553e+01 -3.000000e+00
    endloop
  endfacet
  facet normal 0.000000e+00 0.000000e+00 -1.000000e+00
    outer loop
      vertex   -1.180516e+01 5.115553e+01 -3.000000e+00
      vertex   -2.650000e+01 1.275000e+01 -3.000000e+00
      vertex   -1.351699e+01 5.073008e+01 -3.000000e+00
    endloop
  endfacet
  facet normal 0.000000e+00 0.000000e+00 -1.000000e+00
    outer loop
      vertex   -1.351699e+01 5.073008e+01 -3.000000e+00
      vertex   -2.650000e+01 1.275000e+01 -3.000000e+00
      vertex   -1.521357e+01 5.024736e+01 -3.000000e+00
    endloop
  endfacet
  facet normal 0.000000e+00 0.000000e+00 -1.000000e+00
    outer loop
      vertex   -1.521357e+01 5.024736e+01 -3.000000e+00
      vertex   -2.650000e+01 1.275000e+01 -3.000000e+00
      vertex   -1.689297e+01 4.970792e+01 -3.000000e+00
    endloop
  endfacet
  facet normal 0.000000e+00 0.000000e+00 -1.000000e+00
    outer loop
      vertex   -1.689297e+01 4.970792e+01 -3.000000e+00
      vertex   -2.650000e+01 1.275000e+01 -3.000000e+00
      vertex   -1.855330e+01 4.911237e+01 -3.000000e+00
    endloop
  endfacet
  facet normal 0.000000e+00 0.000000e+00 -1.000000e+00
    outer loop
      vertex   -1.855330e+01 4.911237e+01 -3.000000e+00
      vertex   -2.650000e+01 1.275000e+01 -3.000000e+00
      vertex   -2.019269e+01 4.846138e+01 -3.000000e+00
    endloop
  endfacet
  facet normal 0.000000e+00 0.000000e+00 -1.000000e+00
    outer loop
      vertex   -2.019269e+01 4.846138e+01 -3.000000e+00
      vertex   -2.650000e+01 1.275000e+01 -3.000000e+00
      vertex   -2.180929e+01 4.775568e+01 -3.000000e+00
    endloop
  endfacet
  facet normal 0.000000e+00 0.000000e+00 -1.000000e+00
    outer loop
      vertex   -2.180929e+01 4.775568e+01 -3.000000e+00
      vertex   -2.650000e+01 1.275000e+01 -3.000000e+00
      vertex   -2.340126e+01 4.699607e+01 -3.000000e+00
    endloop
  endfacet
  facet normal 0.000000e+00 0.000000e+00 -1.000000e+00
    outer loop
      vertex   -2.340126e+01 4.699607e+01 -3.000000e+00
      vertex   -2.650000e+01 1.275000e+01 -3.000000e+00
      vertex   -2.496682e+01 4.618341e+01 -3.000000e+00
    endloop
  endfacet
  facet normal 0.000000e+00 0.000000e+00 -1.000000e+00
    outer loop
      vertex   -2.496682e+01 4.618341e+01 -3.000000e+00
      vertex   -2.650000e+01 1.275000e+01 -3.000000e+00
      vertex   -2.650420e+01 4.531862e+01 -3.000000e+00
    endloop
  endfacet
  facet normal 0.000000e+00 -0.000000e+00 -1.000000e+00
    outer loop
      vertex   -2.650420e+01 4.531862e+01 -3.000000e+00
      vertex   -2.650000e+01 1.275000e+01 -3.000000e+00
      vertex   -2.801165e+01 4.440267e+01 -3.000000e+00
    endloop
  endfacet
  facet normal 0.000000e+00 -0.000000e+00 -1.000000e+00
    outer loop
      vertex   -2.801165e+01 4.440267e+01 -3.000000e+00
      vertex   -2.650000e+01 1.275000e+01 -3.000000e+00
      vertex   -2.948749e+01 4.343660e+01 -3.000000e+00
    endloop
  endfacet
  facet normal 0.000000e+00 -0.000000e+00 -1.000000e+00
    outer loop
      vertex   -2.948749e+01 4.343660e+01 -3.000000e+00
      vertex   -2.650000e+01 1.275000e+01 -3.000000e+00
      vertex   -3.093004e+01 4.242149e+01 -3.000000e+00
    endloop
  endfacet
  facet normal 0.000000e+00 -0.000000e+00 -1.000000e+00
    outer loop
      vertex   -3.093004e+01 4.242149e+01 -3.000000e+00
      vertex   -2.650000e+01 1.275000e+01 -3.000000e+00
      vertex   -3.233767e+01 4.135849e+01 -3.000000e+00
    endloop
  endfacet
  facet normal 0.000000e+00 -0.000000e+00 -1.000000e+00
    outer loop
      vertex   -3.233767e+01 4.135849e+01 -3.000000e+00
      vertex   -2.650000e+01 1.275000e+01 -3.000000e+00
      vertex   -3.370880e+01 4.024881e+01 -3.000000e+00
    endloop
  endfacet
  facet normal 0.000000e+00 -0.000000e+00 -1.000000e+00
    outer loop
      vertex   -3.370880e+01 4.024881e+01 -3.000000e+00
      vertex   -2.650000e+01 1.275000e+01 -3.000000e+00
      vertex   -3.504188e+01 3.909369e+01 -3.000000e+00
    endloop
  endfacet
  facet normal 0.000000e+00 -0.000000e+00 -1.000000e+00
    outer loop
      vertex   -3.504188e+01 3.909369e+01 -3.000000e+00
      vertex   -2.650000e+01 1.275000e+01 -3.000000e+00
      vertex   -3.633539e+01 3.789445e+01 -3.000000e+00
    endloop
  endfacet
  facet normal 0.000000e+00 -0.000000e+00 -1.000000e+00
    outer loop
      vertex   -3.633539e+01 3.789445e+01 -3.000000e+00
      vertex   -2.650000e+01 1.275000e+01 -3.000000e+00
      vertex   -3.758790e+01 3.665242e+01 -3.000000e+00
    endloop
  endfacet
  facet normal 0.000000e+00 -0.000000e+00 -1.000000e+00
    outer loop
      vertex   -3.758790e+01 3.665242e+01 -3.000000e+00
      vertex   -2.650000e+01 1.275000e+01 -3.000000e+00
      vertex   -3.879797e+01 3.536902e+01 -3.000000e+00
    endloop
  endfacet
  facet normal 0.000000e+00 -0.000000e+00 -1.000000e+00
    outer loop
      vertex   -3.879797e+01 3.536902e+01 -3.000000e+00
      vertex   -2.650000e+01 1.275000e+01 -3.000000e+00
      vertex   -3.996424e+01 3.404569e+01 -3.000000e+00
    endloop
  endfacet
  facet normal 0.000000e+00 -0.000000e+00 -1.000000e+00
    outer loop
      vertex   -3.996424e+01 3.404569e+01 -3.000000e+00
      vertex   -2.650000e+01 1.275000e+01 -3.000000e+00
      vertex   -4.108540e+01 3.268394e+01 -3.000000e+00
    endloop
  endfacet
  facet normal 0.000000e+00 -0.000000e+00 -1.000000e+00
    outer loop
      vertex   -4.108540e+01 3.268394e+01 -3.000000e+00
      vertex   -2.650000e+01 1.275000e+01 -3.000000e+00
      vertex   -4.216018e+01 3.128528e+01 -3.000000e+00
    endloop
  endfacet
  facet normal 0.000000e+00 -0.000000e+00 -1.000000e+00
    outer loop
      vertex   -4.216018e+01 3.128528e+01 -3.000000e+00
      vertex   -2.650000e+01 1.275000e+01 -3.000000e+00
      vertex   -4.318737e+01 2.985131e+01 -3.000000e+00
    endloop
  endfacet
  facet normal 0.000000e+00 -0.000000e+00 -1.000000e+00
    outer loop
      vertex   -4.318737e+01 2.985131e+01 -3.000000e+00
      vertex   -2.650000e+01 1.275000e+01 -3.000000e+00
      vertex   -4.416581e+01 2.838364e+01 -3.000000e+00
    endloop
  endfacet
  facet normal 0.000000e+00 -0.000000e+00 -1.000000e+00
    outer loop
      vertex   -4.416581e+01 2.838364e+01 -3.000000e+00
      vertex   -2.650000e+01 1.275000e+01 -3.000000e+00
      vertex   -4.509439e+01 2.688393e+01 -3.000000e+00
    endloop
  endfacet
  facet normal 0.000000e+00 -0.000000e+00 -1.000000e+00
    outer loop
      vertex   -4.509439e+01 2.688393e+01 -3.000000e+00
      vertex   -2.650000e+01 1.275000e+01 -3.000000e+00
      vertex   -4.597207e+01 2.535388e+01 -3.000000e+00
    endloop
  endfacet
  facet normal 0.000000e+00 -0.000000e+00 -1.000000e+00
    outer loop
      vertex   -4.597207e+01 2.535388e+01 -3.000000e+00
      vertex   -2.650000e+01 1.275000e+01 -3.000000e+00
      vertex   -4.679785e+01 2.379520e+01 -3.000000e+00
    endloop
  endfacet
  facet normal 0.000000e+00 -0.000000e+00 -1.000000e+00
    outer loop
      vertex   -4.679785e+01 2.379520e+01 -3.000000e+00
      vertex   -2.650000e+01 1.275000e+01 -3.000000e+00
      vertex   -4.757080e+01 2.220966e+01 -3.000000e+00
    endloop
  endfacet
  facet normal 0.000000e+00 -0.000000e+00 -1.000000e+00
    outer loop
      vertex   -4.757080e+01 2.220966e+01 -3.000000e+00
      vertex   -2.650000e+01 1.275000e+01 -3.000000e+00
      vertex   -4.829005e+01 2.059905e+01 -3.000000e+00
    endloop
  endfacet
  facet normal 0.000000e+00 -0.000000e+00 -1.000000e+00
    outer loop
      vertex   -4.829005e+01 2.059905e+01 -3.000000e+00
      vertex   -2.650000e+01 1.275000e+01 -3.000000e+00
      vertex   -4.895479e+01 1.896519e+01 -3.000000e+00
    endloop
  endfacet
  facet normal 0.000000e+00 -0.000000e+00 -1.000000e+00
    outer loop
      vertex   -4.895479e+01 1.896519e+01 -3.000000e+00
      vertex   -2.650000e+01 1.275000e+01 -3.000000e+00
      vertex   -4.956427e+01 1.730992e+01 -3.000000e+00
    endloop
  endfacet
  facet normal 0.000000e+00 -0.000000e+00 -1.000000e+00
    outer loop
      vertex   -4.956427e+01 1.730992e+01 -3.000000e+00
      vertex   -2.650000e+01 1.275000e+01 -3.000000e+00
      vertex   -5.011780e+01 1.563510e+01 -3.000000e+00
    endloop
  endfacet
  facet normal 0.000000e+00 -0.000000e+00 -1.000000e+00
    outer loop
      vertex   -5.011780e+01 1.563510e+01 -3.000000e+00
      vertex   -2.650000e+01 1.275000e+01 -3.000000e+00
      vertex   -5.061475e+01 1.394264e+01 -3.000000e+00
    endloop
  endfacet
  facet normal 0.000000e+00 -0.000000e+00 -1.000000e+00
    outer loop
      vertex   -5.061475e+01 1.394264e+01 -3.000000e+00
      vertex   -2.650000e+01 1.275000e+01 -3.000000e+00
      vertex   -5.105456e+01 1.223444e+01 -3.000000e+00
    endloop
  endfacet
  facet normal 0.000000e+00 0.000000e+00 -1.000000e+00
    outer loop
      vertex   -5.105456e+01 1.223444e+01 -3.000000e+00
      vertex   -2.650000e+01 1.275000e+01 -3.000000e+00
      vertex   -2.737009e+01 1.272028e+01 -3.000000e+00
    endloop
  endfacet
  facet normal 0.000000e+00 0.000000e+00 -1.000000e+00
    outer loop
      vertex   -5.105456e+01 1.223444e+01 -3.000000e+00
      vertex   -2.737009e+01 1.272028e+01 -3.000000e+00
      vertex   -2.823612e+01 1.263125e+01 -3.000000e+00
    endloop
  endfacet
  facet normal 0.000000e+00 -0.000000e+00 -1.000000e+00
    outer loop
      vertex   -1.377972e+01 -8.700908e-01 -3.000000e+00
      vertex   1.377972e+01 -8.700908e-01 -3.000000e+00
      vertex   -1.386875e+01 -1.736125e+00 -3.000000e+00
    endloop
  endfacet
  facet normal 0.000000e+00 0.000000e+00 -1.000000e+00
    outer loop
      vertex   -1.386875e+01 -1.736125e+00 -3.000000e+00
      vertex   1.377972e+01 -8.700908e-01 -3.000000e+00
      vertex   1.386875e+01 -1.736125e+00 -3.000000e+00
    endloop
  endfacet
  facet normal 0.000000e+00 -0.000000e+00 -1.000000e+00
    outer loop
      vertex   -1.386875e+01 -1.736125e+00 -3.000000e+00
      vertex   1.386875e+01 -1.736125e+00 -3.000000e+00
      vertex   -1.401668e+01 -2.594064e+00 -3.000000e+00
    endloop
  endfacet
  facet normal 0.000000e+00 0.000000e+00 -1.000000e+00
    outer loop
      vertex   -1.401668e+01 -2.594064e+00 -3.000000e+00
      vertex   1.386875e+01 -1.736125e+00 -3.000000e+00
      vertex   1.401668e+01 -2.594064e+00 -3.000000e+00
    endloop
  endfacet
  facet normal 0.000000e+00 -0.000000e+00 -1.000000e+00
    outer loop
      vertex   -1.401668e+01 -2.594064e+00 -3.000000e+00
      vertex   1.401668e+01 -2.594064e+00 -3.000000e+00
      vertex   -1.422280e+01 -3.439909e+00 -3.000000e+00
    endloop
  endfacet
  facet normal 0.000000e+00 0.000000e+00 -1.000000e+00
    outer loop
      vertex   -1.422280e+01 -3.439909e+00 -3.000000e+00
      vertex   1.401668e+01 -2.594064e+00 -3.000000e+00
      vertex   1.422280e+01 -3.439909e+00 -3.000000e+00
    endloop
  endfacet
  facet normal 0.000000e+00 -0.000000e+00 -1.000000e+00
    outer loop
      vertex   -1.422280e+01 -3.439909e+00 -3.000000e+00
      vertex   1.422280e+01 -3.439909e+00 -3.000000e+00
      vertex   -1.448617e+01 -4.269715e+00 -3.000000e+00
    endloop
  endfacet
  facet normal 0.000000e+00 0.000000e+00 -1.000000e+00
    outer loop
      vertex   -1.448617e+01 -4.269715e+00 -3.000000e+00
      vertex   1.422280e+01 -3.439909e+00 -3.000000e+00
      vertex   1.448617e+01 -4.269715e+00 -3.000000e+00
    endloop
  endfacet
  facet normal 0.000000e+00 -0.000000e+00 -1.000000e+00
    outer loop
      vertex   -1.448617e+01 -4.269715e+00 -3.000000e+00
      vertex   1.448617e+01 -4.269715e+00 -3.000000e+00
      vertex   -1.480556e+01 -5.079614e+00 -3.000000e+00
    endloop
  endfacet
  facet normal 0.000000e+00 0.000000e+00 -1.000000e+00
    outer loop
      vertex   -1.480556e+01 -5.079614e+00 -3.000000e+00
      vertex   1.448617e+01 -4.269715e+00 -3.000000e+00
      vertex   1.480556e+01 -5.079614e+00 -3.000000e+00
    endloop
  endfacet
  facet normal 0.000000e+00 -0.000000e+00 -1.000000e+00
    outer loop
      vertex   -1.480556e+01 -5.079614e+00 -3.000000e+00
      vertex   1.480556e+01 -5.079614e+00 -3.000000e+00
      vertex   -1.517946e+01 -5.865829e+00 -3.000000e+00
    endloop
  endfacet
  facet normal 0.000000e+00 0.000000e+00 -1.000000e+00
    outer loop
      vertex   -1.517946e+01 -5.865829e+00 -3.000000e+00
      vertex   1.480556e+01 -5.079614e+00 -3.000000e+00
      vertex   1.517946e+01 -5.865829e+00 -3.000000e+00
    endloop
  endfacet
  facet normal 0.000000e+00 -0.000000e+00 -1.000000e+00
    outer loop
      vertex   -1.517946e+01 -5.865829e+00 -3.000000e+00
      vertex   1.517946e+01 -5.865829e+00 -3.000000e+00
      vertex   -1.560615e+01 -6.624695e+00 -3.000000e+00
    endloop
  endfacet
  facet normal 0.000000e+00 0.000000e+00 -1.000000e+00
    outer loop
      vertex   -1.560615e+01 -6.624695e+00 -3.000000e+00
      vertex   1.517946e+01 -5.865829e+00 -3.000000e+00
      vertex   1.560615e+01 -6.624695e+00 -3.000000e+00
    endloop
  endfacet
  facet normal 0.000000e+00 -0.000000e+00 -1.000000e+00
    outer loop
      vertex   -1.560615e+01 -6.624695e+00 -3.000000e+00
      vertex   1.560615e+01 -6.624695e+00 -3.000000e+00
      vertex   -1.608363e+01 -7.352674e+00 -3.000000e+00
    endloop
  endfacet
  facet normal 0.000000e+00 0.000000e+00 -1.000000e+00
    outer loop
      vertex   -1.608363e+01 -7.352674e+00 -3.000000e+00
      vertex   1.560615e+01 -6.624695e+00 -3.000000e+00
      vertex   1.608363e+01 -7.352674e+00 -3.000000e+00
    endloop
  endfacet
  facet normal 0.000000e+00 -0.000000e+00 -1.000000e+00
    outer loop
      vertex   -1.608363e+01 -7.352674e+00 -3.000000e+00
      vertex   1.608363e+01 -7.352674e+00 -3.000000e+00
      vertex   -1.660968e+01 -8.046371e+00 -3.000000e+00
    endloop
  endfacet
  facet normal 0.000000e+00 0.000000e+00 -1.000000e+00
    outer loop
      vertex   -1.660968e+01 -8.046371e+00 -3.000000e+00
      vertex   1.608363e+01 -7.352674e+00 -3.000000e+00
      vertex   1.660968e+01 -8.046371e+00 -3.000000e+00
    endloop
  endfacet
  facet normal 0.000000e+00 -0.000000e+00 -1.000000e+00
    outer loop
      vertex   -1.660968e+01 -8.046371e+00 -3.000000e+00
      vertex   1.660968e+01 -8.046371e+00 -3.000000e+00
      vertex   -1.718184e+01 -8.702553e+00 -3.000000e+00
    endloop
  endfacet
  facet normal 0.000000e+00 0.000000e+00 -1.000000e+00
    outer loop
      vertex   -1.718184e+01 -8.702553e+00 -3.000000e+00
      vertex   1.660968e+01 -8.046371e+00 -3.000000e+00
      vertex   1.718184e+01 -8.702553e+00 -3.000000e+00
    endloop
  endfacet
  facet normal 0.000000e+00 -0.000000e+00 -1.000000e+00
    outer loop
      vertex   -1.718184e+01 -8.702553e+00 -3.000000e+00
      vertex   1.718184e+01 -8.702553e+00 -3.000000e+00
      vertex   -1.779745e+01 -9.318159e+00 -3.000000e+00
    endloop
  endfacet
  facet normal 0.000000e+00 0.000000e+00 -1.000000e+00
    outer loop
      vertex   -1.779745e+01 -9.318159e+00 -3.000000e+00
      vertex   1.718184e+01 -8.702553e+00 -3.000000e+00
      vertex   1.779745e+01 -9.318159e+00 -3.000000e+00
    endloop
  endfacet
  facet normal 0.000000e+00 -0.000000e+00 -1.000000e+00
    outer loop
      vertex   -1.779745e+01 -9.318159e+00 -3.000000e+00
      vertex   1.779745e+01 -9.318159e+00 -3.000000e+00
      vertex   -1.845363e+01 -9.890319e+00 -3.000000e+00
    endloop
  endfacet
  facet normal 0.000000e+00 0.000000e+00 -1.000000e+00
    outer loop
      vertex   -1.845363e+01 -9.890319e+00 -3.000000e+00
      vertex   1.779745e+01 -9.318159e+00 -3.000000e+00
      vertex   1.845363e+01 -9.890319e+00 -3.000000e+00
    endloop
  endfacet
  facet normal 0.000000e+00 -0.000000e+00 -1.000000e+00
    outer loop
      vertex   -1.845363e+01 -9.890319e+00 -3.000000e+00
      vertex   1.845363e+01 -9.890319e+00 -3.000000e+00
      vertex   -1.914733e+01 -1.041637e+01 -3.000000e+00
    endloop
  endfacet
  facet normal 0.000000e+00 0.000000e+00 -1.000000e+00
    outer loop
      vertex   -1.914733e+01 -1.041637e+01 -3.000000e+00
      vertex   1.845363e+01 -9.890319e+00 -3.000000e+00
      vertex   1.914733e+01 -1.041637e+01 -3.000000e+00
    endloop
  endfacet
  facet normal 0.000000e+00 -0.000000e+00 -1.000000e+00
    outer loop
      vertex   -1.914733e+01 -1.041637e+01 -3.000000e+00
      vertex   1.914733e+01 -1.041637e+01 -3.000000e+00
      vertex   -1.987530e+01 -1.089385e+01 -3.000000e+00
    endloop
  endfacet
  facet normal 0.000000e+00 0.000000e+00 -1.000000e+00
    outer loop
      vertex   -1.987530e+01 -1.089385e+01 -3.000000e+00
      vertex   1.914733e+01 -1.041637e+01 -3.000000e+00
      vertex   1.987530e+01 -1.089385e+01 -3.000000e+00
    endloop
  endfacet
  facet normal 0.000000e+00 -0.000000e+00 -1.000000e+00
    outer loop
      vertex   -1.987530e+01 -1.089385e+01 -3.000000e+00
      vertex   1.987530e+01 -1.089385e+01 -3.000000e+00
      vertex   -2.063417e+01 -1.132054e+01 -3.000000e+00
    endloop
  endfacet
  facet normal 0.000000e+00 0.000000e+00 -1.000000e+00
    outer loop
      vertex   -2.063417e+01 -1.132054e+01 -3.000000e+00
      vertex   1.987530e+01 -1.089385e+01 -3.000000e+00
      vertex   2.063417e+01 -1.132054e+01 -3.000000e+00
    endloop
  endfacet
  facet normal 0.000000e+00 -0.000000e+00 -1.000000e+00
    outer loop
      vertex   -2.063417e+01 -1.132054e+01 -3.000000e+00
      vertex   2.063417e+01 -1.132054e+01 -3.000000e+00
      vertex   -2.142039e+01 -1.169444e+01 -3.000000e+00
    endloop
  endfacet
  facet normal 0.000000e+00 0.000000e+00 -1.000000e+00
    outer loop
      vertex   -2.142039e+01 -1.169444e+01 -3.000000e+00
      vertex   2.063417e+01 -1.132054e+01 -3.000000e+00
      vertex   2.142039e+01 -1.169444e+01 -3.000000e+00
    endloop
  endfacet
  facet normal 0.000000e+00 -0.000000e+00 -1.000000e+00
    outer loop
      vertex   -2.142039e+01 -1.169444e+01 -3.000000e+00
      vertex   2.142039e+01 -1.169444e+01 -3.000000e+00
      vertex   -2.223028e+01 -1.201383e+01 -3.000000e+00
    endloop
  endfacet
  facet normal 0.000000e+00 0.000000e+00 -1.000000e+00
    outer loop
      vertex   -2.223028e+01 -1.201383e+01 -3.000000e+00
      vertex   2.142039e+01 -1.169444e+01 -3.000000e+00
      vertex   2.223028e+01 -1.201383e+01 -3.000000e+00
    endloop
  endfacet
  facet normal 0.000000e+00 -0.000000e+00 -1.000000e+00
    outer loop
      vertex   -2.223028e+01 -1.201383e+01 -3.000000e+00
      vertex   2.223028e+01 -1.201383e+01 -3.000000e+00
      vertex   -2.306009e+01 -1.227720e+01 -3.000000e+00
    endloop
  endfacet
  facet normal 0.000000e+00 0.000000e+00 -1.000000e+00
    outer loop
      vertex   -2.306009e+01 -1.227720e+01 -3.000000e+00
      vertex   2.223028e+01 -1.201383e+01 -3.000000e+00
      vertex   2.306009e+01 -1.227720e+01 -3.000000e+00
    endloop
  endfacet
  facet normal 0.000000e+00 -0.000000e+00 -1.000000e+00
    outer loop
      vertex   -2.306009e+01 -1.227720e+01 -3.000000e+00
      vertex   2.306009e+01 -1.227720e+01 -3.000000e+00
      vertex   -2.390594e+01 -1.248332e+01 -3.000000e+00
    endloop
  endfacet
  facet normal 0.000000e+00 0.000000e+00 -1.000000e+00
    outer loop
      vertex   -2.390594e+01 -1.248332e+01 -3.000000e+00
      vertex   2.306009e+01 -1.227720e+01 -3.000000e+00
      vertex   2.390594e+01 -1.248332e+01 -3.000000e+00
    endloop
  endfacet
  facet normal 0.000000e+00 -0.000000e+00 -1.000000e+00
    outer loop
      vertex   -2.390594e+01 -1.248332e+01 -3.000000e+00
      vertex   2.390594e+01 -1.248332e+01 -3.000000e+00
      vertex   -2.476388e+01 -1.263125e+01 -3.000000e+00
    endloop
  endfacet
  facet normal 0.000000e+00 0.000000e+00 -1.000000e+00
    outer loop
      vertex   -2.476388e+01 -1.263125e+01 -3.000000e+00
      vertex   2.390594e+01 -1.248332e+01 -3.000000e+00
      vertex   2.476388e+01 -1.263125e+01 -3.000000e+00
    endloop
  endfacet
  facet normal 0.000000e+00 -0.000000e+00 -1.000000e+00
    outer loop
      vertex   -2.476388e+01 -1.263125e+01 -3.000000e+00
      vertex   2.476388e+01 -1.263125e+01 -3.000000e+00
      vertex   -2.562991e+01 -1.272028e+01 -3.000000e+00
    endloop
  endfacet
  facet normal 0.000000e+00 0.000000e+00 -1.000000e+00
    outer loop
      vertex   -2.562991e+01 -1.272028e+01 -3.000000e+00
      vertex   2.476388e+01 -1.263125e+01 -3.000000e+00
      vertex   2.562991e+01 -1.272028e+01 -3.000000e+00
    endloop
  endfacet
  facet normal 0.000000e+00 -0.000000e+00 -1.000000e+00
    outer loop
      vertex   -2.562991e+01 -1.272028e+01 -3.000000e+00
      vertex   2.562991e+01 -1.272028e+01 -3.000000e+00
      vertex   -2.650000e+01 -1.275000e+01 -3.000000e+00
    endloop
  endfacet
  facet normal 0.000000e+00 0.000000e+00 -1.000000e+00
    outer loop
      vertex   -2.650000e+01 -1.275000e+01 -3.000000e+00
      vertex   2.562991e+01 -1.272028e+01 -3.000000e+00
      vertex   2.650000e+01 -1.275000e+01 -3.000000e+00
    endloop
  endfacet
  facet normal 0.000000e+00 -0.000000e+00 -1.000000e+00
    outer loop
      vertex   -2.650000e+01 -1.275000e+01 -3.000000e+00
      vertex   2.650000e+01 -1.275000e+01 -3.000000e+00
      vertex   -5.061475e+01 -1.394264e+01 -3.000000e+00
    endloop
  endfacet
  facet normal 0.000000e+00 0.000000e+00 -1.000000e+00
    outer loop
      vertex   -5.061475e+01 -1.394264e+01 -3.000000e+00
      vertex   2.650000e+01 -1.275000e+01 -3.000000e+00
      vertex   5.084183e+01 -1.309039e+01 -3.000000e+00
    endloop
  endfacet
  facet normal 0.000000e+00 0.000000e+00 -1.000000e+00
    outer loop
      vertex   -5.061475e+01 -1.394264e+01 -3.000000e+00
      vertex   5.084183e+01 -1.309039e+01 -3.000000e+00
      vertex   5.037338e+01 -1.479096e+01 -3.000000e+00
    endloop
  endfacet
  facet normal 0.000000e+00 0.000000e+00 -1.000000e+00
    outer loop
      vertex   2.650000e+01 -1.275000e+01 -3.000000e+00
      vertex   2.737009e+01 -1.272028e+01 -3.000000e+00
      vertex   5.084183e+01 -1.309039e+01 -3.000000e+00
    endloop
  endfacet
  facet normal 0.000000e+00 0.000000e+00 -1.000000e+00
    outer loop
      vertex   5.084183e+01 -1.309039e+01 -3.000000e+00
      vertex   2.737009e+01 -1.272028e+01 -3.000000e+00
      vertex   2.823612e+01 -1.263125e+01 -3.000000e+00
    endloop
  endfacet
  facet normal 0.000000e+00 0.000000e+00 -1.000000e+00
    outer loop
      vertex   5.084183e+01 -1.309039e+01 -3.000000e+00
      vertex   2.823612e+01 -1.263125e+01 -3.000000e+00
      vertex   2.909406e+01 -1.248332e+01 -3.000000e+00
    endloop
  endfacet
  facet normal 0.000000e+00 0.000000e+00 -1.000000e+00
    outer loop
      vertex   2.909406e+01 -1.248332e+01 -3.000000e+00
      vertex   2.993991e+01 -1.227720e+01 -3.000000e+00
      vertex   5.084183e+01 -1.309039e+01 -3.000000e+00
    endloop
  endfacet
  facet normal 0.000000e+00 0.000000e+00 -1.000000e+00
    outer loop
      vertex   5.084183e+01 -1.309039e+01 -3.000000e+00
      vertex   2.993991e+01 -1.227720e+01 -3.000000e+00
      vertex   3.076972e+01 -1.201383e+01 -3.000000e+00
    endloop
  endfacet
  facet normal 0.000000e+00 0.000000e+00 -1.000000e+00
    outer loop
      vertex   5.084183e+01 -1.309039e+01 -3.000000e+00
      vertex   3.076972e+01 -1.201383e+01 -3.000000e+00
      vertex   3.157961e+01 -1.169444e+01 -3.000000e+00
    endloop
  endfacet
  facet normal 0.000000e+00 0.000000e+00 -1.000000e+00
    outer loop
      vertex   5.084183e+01 -1.309039e+01 -3.000000e+00
      vertex   3.157961e+01 -1.169444e+01 -3.000000e+00
      vertex   5.125289e+01 -1.137504e+01 -3.000000e+00
    endloop
  endfacet
  facet normal -0.000000e+00 0.000000e+00 -1.000000e+00
    outer loop
      vertex   5.125289e+01 -1.137504e+01 -3.000000e+00
      vertex   3.157961e+01 -1.169444e+01 -3.000000e+00
      vertex   3.236583e+01 -1.132054e+01 -3.000000e+00
    endloop
  endfacet
  facet normal 0.000000e+00 0.000000e+00 -1.000000e+00
    outer loop
      vertex   5.125289e+01 -1.137504e+01 -3.000000e+00
      vertex   3.236583e+01 -1.132054e+01 -3.000000e+00
      vertex   3.312470e+01 -1.089385e+01 -3.000000e+00
    endloop
  endfacet
  facet normal 0.000000e+00 0.000000e+00 -1.000000e+00
    outer loop
      vertex   3.312470e+01 -1.089385e+01 -3.000000e+00
      vertex   3.385267e+01 -1.041637e+01 -3.000000e+00
      vertex   5.125289e+01 -1.137504e+01 -3.000000e+00
    endloop
  endfacet
  facet normal 0.000000e+00 0.000000e+00 -1.000000e+00
    outer loop
      vertex   5.125289e+01 -1.137504e+01 -3.000000e+00
      vertex   3.385267e+01 -1.041637e+01 -3.000000e+00
      vertex   3.454637e+01 -9.890319e+00 -3.000000e+00
    endloop
  endfacet
  facet normal 0.000000e+00 0.000000e+00 -1.000000e+00
    outer loop
      vertex   5.125289e+01 -1.137504e+01 -3.000000e+00
      vertex   3.454637e+01 -9.890319e+00 -3.000000e+00
      vertex   5.160609e+01 -9.646850e+00 -3.000000e+00
    endloop
  endfacet
  facet normal -0.000000e+00 0.000000e+00 -1.000000e+00
    outer loop
      vertex   5.160609e+01 -9.646850e+00 -3.000000e+00
      vertex   3.454637e+01 -9.890319e+00 -3.000000e+00
      vertex   3.520255e+01 -9.318159e+00 -3.000000e+00
    endloop
  endfacet
  facet normal 0.000000e+00 0.000000e+00 -1.000000e+00
    outer loop
      vertex   5.160609e+01 -9.646850e+00 -3.000000e+00
      vertex   3.520255e+01 -9.318159e+00 -3.000000e+00
      vertex   3.581816e+01 -8.702553e+00 -3.000000e+00
    endloop
  endfacet
  facet normal 0.000000e+00 0.000000e+00 -1.000000e+00
    outer loop
      vertex   3.581816e+01 -8.702553e+00 -3.000000e+00
      vertex   3.639032e+01 -8.046371e+00 -3.000000e+00
      vertex   5.160609e+01 -9.646850e+00 -3.000000e+00
    endloop
  endfacet
  facet normal 0.000000e+00 0.000000e+00 -1.000000e+00
    outer loop
      vertex   5.160609e+01 -9.646850e+00 -3.000000e+00
      vertex   3.639032e+01 -8.046371e+00 -3.000000e+00
      vertex   5.190103e+01 -7.907771e+00 -3.000000e+00
    endloop
  endfacet
  facet normal -0.000000e+00 0.000000e+00 -1.000000e+00
    outer loop
      vertex   5.190103e+01 -7.907771e+00 -3.000000e+00
      vertex   3.639032e+01 -8.046371e+00 -3.000000e+00
      vertex   3.691637e+01 -7.352674e+00 -3.000000e+00
    endloop
  endfacet
  facet normal 0.000000e+00 0.000000e+00 -1.000000e+00
    outer loop
      vertex   5.190103e+01 -7.907771e+00 -3.000000e+00
      vertex   3.691637e+01 -7.352674e+00 -3.000000e+00
      vertex   3.739385e+01 -6.624695e+00 -3.000000e+00
    endloop
  endfacet
  facet normal 0.000000e+00 0.000000e+00 -1.000000e+00
    outer loop
      vertex   5.190103e+01 -7.907771e+00 -3.000000e+00
      vertex   3.739385e+01 -6.624695e+00 -3.000000e+00
      vertex   5.213739e+01 -6.159765e+00 -3.000000e+00
    endloop
  endfacet
  facet normal -0.000000e+00 0.000000e+00 -1.000000e+00
    outer loop
      vertex   5.213739e+01 -6.159765e+00 -3.000000e+00
      vertex   3.739385e+01 -6.624695e+00 -3.000000e+00
      vertex   3.782054e+01 -5.865829e+00 -3.000000e+00
    endloop
  endfacet
  facet normal 0.000000e+00 0.000000e+00 -1.000000e+00
    outer loop
      vertex   5.213739e+01 -6.159765e+00 -3.000000e+00
      vertex   3.782054e+01 -5.865829e+00 -3.000000e+00
      vertex   3.819444e+01 -5.079614e+00 -3.000000e+00
    endloop
  endfacet
  facet normal 0.000000e+00 0.000000e+00 -1.000000e+00
    outer loop
      vertex   5.213739e+01 -6.159765e+00 -3.000000e+00
      vertex   3.819444e+01 -5.079614e+00 -3.000000e+00
      vertex   5.231489e+01 -4.404805e+00 -3.000000e+00
    endloop
  endfacet
  facet normal -0.000000e+00 0.000000e+00 -1.000000e+00
    outer loop
      vertex   5.231489e+01 -4.404805e+00 -3.000000e+00
      vertex   3.819444e+01 -5.079614e+00 -3.000000e+00
      vertex   3.851383e+01 -4.269715e+00 -3.000000e+00
    endloop
  endfacet
  facet normal 0.000000e+00 0.000000e+00 -1.000000e+00
    outer loop
      vertex   5.231489e+01 -4.404805e+00 -3.000000e+00
      vertex   3.851383e+01 -4.269715e+00 -3.000000e+00
      vertex   3.877720e+01 -3.439909e+00 -3.000000e+00
    endloop
  endfacet
  facet normal 0.000000e+00 0.000000e+00 -1.000000e+00
    outer loop
      vertex   5.231489e+01 -4.404805e+00 -3.000000e+00
      vertex   3.877720e+01 -3.439909e+00 -3.000000e+00
      vertex   5.243334e+01 -2.644874e+00 -3.000000e+00
    endloop
  endfacet
  facet normal -0.000000e+00 0.000000e+00 -1.000000e+00
    outer loop
      vertex   5.243334e+01 -2.644874e+00 -3.000000e+00
      vertex   3.877720e+01 -3.439909e+00 -3.000000e+00
      vertex   3.898332e+01 -2.594064e+00 -3.000000e+00
    endloop
  endfacet
  facet normal 0.000000e+00 0.000000e+00 -1.000000e+00
    outer loop
      vertex   5.243334e+01 -2.644874e+00 -3.000000e+00
      vertex   3.898332e+01 -2.594064e+00 -3.000000e+00
      vertex   3.913125e+01 -1.736125e+00 -3.000000e+00
    endloop
  endfacet
  facet normal 0.000000e+00 0.000000e+00 -1.000000e+00
    outer loop
      vertex   5.243334e+01 -2.644874e+00 -3.000000e+00
      vertex   3.913125e+01 -1.736125e+00 -3.000000e+00
      vertex   5.249259e+01 -8.819564e-01 -3.000000e+00
    endloop
  endfacet
  facet normal -0.000000e+00 0.000000e+00 -1.000000e+00
    outer loop
      vertex   5.249259e+01 -8.819564e-01 -3.000000e+00
      vertex   3.913125e+01 -1.736125e+00 -3.000000e+00
      vertex   3.922028e+01 -8.700908e-01 -3.000000e+00
    endloop
  endfacet
  facet normal 0.000000e+00 0.000000e+00 -1.000000e+00
    outer loop
      vertex   5.249259e+01 -8.819564e-01 -3.000000e+00
      vertex   3.922028e+01 -8.700908e-01 -3.000000e+00
      vertex   3.925000e+01 0.000000e+00 -3.000000e+00
    endloop
  endfacet
  facet normal 0.000000e+00 0.000000e+00 -1.000000e+00
    outer loop
      vertex   3.925000e+01 0.000000e+00 -3.000000e+00
      vertex   3.922028e+01 8.700908e-01 -3.000000e+00
      vertex   5.249259e+01 -8.819564e-01 -3.000000e+00
    endloop
  endfacet
  facet normal 0.000000e+00 0.000000e+00 -1.000000e+00
    outer loop
      vertex   5.249259e+01 -8.819564e-01 -3.000000e+00
      vertex   3.922028e+01 8.700908e-01 -3.000000e+00
      vertex   5.249259e+01 8.819564e-01 -3.000000e+00
    endloop
  endfacet
  facet normal -0.000000e+00 0.000000e+00 -1.000000e+00
    outer loop
      vertex   5.249259e+01 8.819564e-01 -3.000000e+00
      vertex   3.922028e+01 8.700908e-01 -3.000000e+00
      vertex   3.913125e+01 1.736125e+00 -3.000000e+00
    endloop
  endfacet
  facet normal 0.000000e+00 0.000000e+00 -1.000000e+00
    outer loop
      vertex   5.249259e+01 8.819564e-01 -3.000000e+00
      vertex   3.913125e+01 1.736125e+00 -3.000000e+00
      vertex   3.898332e+01 2.594064e+00 -3.000000e+00
    endloop
  endfacet
  facet normal 0.000000e+00 0.000000e+00 -1.000000e+00
    outer loop
      vertex   5.249259e+01 8.819564e-01 -3.000000e+00
      vertex   3.898332e+01 2.594064e+00 -3.000000e+00
      vertex   5.243334e+01 2.644874e+00 -3.000000e+00
    endloop
  endfacet
  facet normal -0.000000e+00 0.000000e+00 -1.000000e+00
    outer loop
      vertex   5.243334e+01 2.644874e+00 -3.000000e+00
      vertex   3.898332e+01 2.594064e+00 -3.000000e+00
      vertex   3.877720e+01 3.439909e+00 -3.000000e+00
    endloop
  endfacet
  facet normal 0.000000e+00 0.000000e+00 -1.000000e+00
    outer loop
      vertex   5.243334e+01 2.644874e+00 -3.000000e+00
      vertex   3.877720e+01 3.439909e+00 -3.000000e+00
      vertex   3.851383e+01 4.269715e+00 -3.000000e+00
    endloop
  endfacet
  facet normal 0.000000e+00 0.000000e+00 -1.000000e+00
    outer loop
      vertex   5.243334e+01 2.644874e+00 -3.000000e+00
      vertex   3.851383e+01 4.269715e+00 -3.000000e+00
      vertex   5.231489e+01 4.404805e+00 -3.000000e+00
    endloop
  endfacet
  facet normal -0.000000e+00 0.000000e+00 -1.000000e+00
    outer loop
      vertex   5.231489e+01 4.404805e+00 -3.000000e+00
      vertex   3.851383e+01 4.269715e+00 -3.000000e+00
      vertex   3.819444e+01 5.079614e+00 -3.000000e+00
    endloop
  endfacet
  facet normal 0.000000e+00 0.000000e+00 -1.000000e+00
    outer loop
      vertex   5.231489e+01 4.404805e+00 -3.000000e+00
      vertex   3.819444e+01 5.079614e+00 -3.000000e+00
      vertex   3.782054e+01 5.865829e+00 -3.000000e+00
    endloop
  endfacet
  facet normal 0.000000e+00 0.000000e+00 -1.000000e+00
    outer loop
      vertex   5.231489e+01 4.404805e+00 -3.000000e+00
      vertex   3.782054e+01 5.865829e+00 -3.000000e+00
      vertex   5.213739e+01 6.159765e+00 -3.000000e+00
    endloop
  endfacet
  facet normal -0.000000e+00 0.000000e+00 -1.000000e+00
    outer loop
      vertex   5.213739e+01 6.159765e+00 -3.000000e+00
      vertex   3.782054e+01 5.865829e+00 -3.000000e+00
      vertex   3.739385e+01 6.624695e+00 -3.000000e+00
    endloop
  endfacet
  facet normal 0.000000e+00 0.000000e+00 -1.000000e+00
    outer loop
      vertex   5.213739e+01 6.159765e+00 -3.000000e+00
      vertex   3.739385e+01 6.624695e+00 -3.000000e+00
      vertex   3.691637e+01 7.352674e+00 -3.000000e+00
    endloop
  endfacet
  facet normal 0.000000e+00 0.000000e+00 -1.000000e+00
    outer loop
      vertex   5.213739e+01 6.159765e+00 -3.000000e+00
      vertex   3.691637e+01 7.352674e+00 -3.000000e+00
      vertex   5.190103e+01 7.907771e+00 -3.000000e+00
    endloop
  endfacet
  facet normal -0.000000e+00 0.000000e+00 -1.000000e+00
    outer loop
      vertex   5.190103e+01 7.907771e+00 -3.000000e+00
      vertex   3.691637e+01 7.352674e+00 -3.000000e+00
      vertex   3.639032e+01 8.046371e+00 -3.000000e+00
    endloop
  endfacet
  facet normal 0.000000e+00 0.000000e+00 -1.000000e+00
    outer loop
      vertex   5.190103e+01 7.907771e+00 -3.000000e+00
      vertex   3.639032e+01 8.046371e+00 -3.000000e+00
      vertex   3.581816e+01 8.702553e+00 -3.000000e+00
    endloop
  endfacet
  facet normal 0.000000e+00 0.000000e+00 -1.000000e+00
    outer loop
      vertex   3.581816e+01 8.702553e+00 -3.000000e+00
      vertex   3.520255e+01 9.318159e+00 -3.000000e+00
      vertex   5.190103e+01 7.907771e+00 -3.000000e+00
    endloop
  endfacet
  facet normal 0.000000e+00 0.000000e+00 -1.000000e+00
    outer loop
      vertex   5.190103e+01 7.907771e+00 -3.000000e+00
      vertex   3.520255e+01 9.318159e+00 -3.000000e+00
      vertex   5.160609e+01 9.646850e+00 -3.000000e+00
    endloop
  endfacet
  facet normal -0.000000e+00 0.000000e+00 -1.000000e+00
    outer loop
      vertex   5.160609e+01 9.646850e+00 -3.000000e+00
      vertex   3.520255e+01 9.318159e+00 -3.000000e+00
      vertex   3.454637e+01 9.890319e+00 -3.000000e+00
    endloop
  endfacet
  facet normal 0.000000e+00 0.000000e+00 -1.000000e+00
    outer loop
      vertex   5.160609e+01 9.646850e+00 -3.000000e+00
      vertex   3.454637e+01 9.890319e+00 -3.000000e+00
      vertex   3.385267e+01 1.041637e+01 -3.000000e+00
    endloop
  endfacet
  facet normal 0.000000e+00 0.000000e+00 -1.000000e+00
    outer loop
      vertex   3.385267e+01 1.041637e+01 -3.000000e+00
      vertex   3.312470e+01 1.089385e+01 -3.000000e+00
      vertex   5.160609e+01 9.646850e+00 -3.000000e+00
    endloop
  endfacet
  facet normal 0.000000e+00 0.000000e+00 -1.000000e+00
    outer loop
      vertex   5.160609e+01 9.646850e+00 -3.000000e+00
      vertex   3.312470e+01 1.089385e+01 -3.000000e+00
      vertex   3.236583e+01 1.132054e+01 -3.000000e+00
    endloop
  endfacet
  facet normal 0.000000e+00 0.000000e+00 -1.000000e+00
    outer loop
      vertex   5.160609e+01 9.646850e+00 -3.000000e+00
      vertex   3.236583e+01 1.132054e+01 -3.000000e+00
      vertex   5.125289e+01 1.137504e+01 -3.000000e+00
    endloop
  endfacet
  facet normal -0.000000e+00 0.000000e+00 -1.000000e+00
    outer loop
      vertex   5.125289e+01 1.137504e+01 -3.000000e+00
      vertex   3.236583e+01 1.132054e+01 -3.000000e+00
      vertex   3.157961e+01 1.169444e+01 -3.000000e+00
    endloop
  endfacet
  facet normal 0.000000e+00 0.000000e+00 -1.000000e+00
    outer loop
      vertex   5.125289e+01 1.137504e+01 -3.000000e+00
      vertex   3.157961e+01 1.169444e+01 -3.000000e+00
      vertex   3.076972e+01 1.201383e+01 -3.000000e+00
    endloop
  endfacet
  facet normal 0.000000e+00 0.000000e+00 -1.000000e+00
    outer loop
      vertex   3.076972e+01 1.201383e+01 -3.000000e+00
      vertex   2.993991e+01 1.227720e+01 -3.000000e+00
      vertex   5.125289e+01 1.137504e+01 -3.000000e+00
    endloop
  endfacet
  facet normal 0.000000e+00 0.000000e+00 -1.000000e+00
    outer loop
      vertex   5.125289e+01 1.137504e+01 -3.000000e+00
      vertex   2.993991e+01 1.227720e+01 -3.000000e+00
      vertex   2.909406e+01 1.248332e+01 -3.000000e+00
    endloop
  endfacet
  facet normal 0.000000e+00 0.000000e+00 -1.000000e+00
    outer loop
      vertex   5.125289e+01 1.137504e+01 -3.000000e+00
      vertex   2.909406e+01 1.248332e+01 -3.000000e+00
      vertex   2.823612e+01 1.263125e+01 -3.000000e+00
    endloop
  endfacet
  facet normal 0.000000e+00 0.000000e+00 -1.000000e+00
    outer loop
      vertex   2.823612e+01 1.263125e+01 -3.000000e+00
      vertex   2.737009e+01 1.272028e+01 -3.000000e+00
      vertex   5.125289e+01 1.137504e+01 -3.000000e+00
    endloop
  endfacet
  facet normal 0.000000e+00 0.000000e+00 -1.000000e+00
    outer loop
      vertex   5.125289e+01 1.137504e+01 -3.000000e+00
      vertex   2.737009e+01 1.272028e+01 -3.000000e+00
      vertex   5.084183e+01 1.309039e+01 -3.000000e+00
    endloop
  endfacet
  facet normal 0.000000e+00 0.000000e+00 -1.000000e+00
    outer loop
      vertex   5.084183e+01 1.309039e+01 -3.000000e+00
      vertex   2.737009e+01 1.272028e+01 -3.000000e+00
      vertex   2.650000e+01 1.275000e+01 -3.000000e+00
    endloop
  endfacet
  facet normal -0.000000e+00 0.000000e+00 -1.000000e+00
    outer loop
      vertex   -3.922028e+01 -8.700908e-01 -3.000000e+00
      vertex   -5.247037e+01 -1.763664e+00 -3.000000e+00
      vertex   -3.925000e+01 1.561425e-15 -3.000000e+00
    endloop
  endfacet
  facet normal 0.000000e+00 0.000000e+00 -1.000000e+00
    outer loop
      vertex   -3.925000e+01 1.561425e-15 -3.000000e+00
      vertex   -5.247037e+01 -1.763664e+00 -3.000000e+00
      vertex   -5.250000e+01 -6.429396e-15 -3.000000e+00
    endloop
  endfacet
  facet normal -0.000000e+00 0.000000e+00 -1.000000e+00
    outer loop
      vertex   -3.925000e+01 1.561425e-15 -3.000000e+00
      vertex   -5.250000e+01 -6.429396e-15 -3.000000e+00
      vertex   -3.922028e+01 8.700908e-01 -3.000000e+00
    endloop
  endfacet
  facet normal -0.000000e+00 0.000000e+00 -1.000000e+00
    outer loop
      vertex   -3.922028e+01 8.700908e-01 -3.000000e+00
      vertex   -5.250000e+01 -6.429396e-15 -3.000000e+00
      vertex   -3.913125e+01 1.736125e+00 -3.000000e+00
    endloop
  endfacet
  facet normal -0.000000e+00 0.000000e+00 -1.000000e+00
    outer loop
      vertex   -3.913125e+01 1.736125e+00 -3.000000e+00
      vertex   -5.250000e+01 -6.429396e-15 -3.000000e+00
      vertex   -5.247037e+01 1.763664e+00 -3.000000e+00
    endloop
  endfacet
  facet normal 0.000000e+00 0.000000e+00 -1.000000e+00
    outer loop
      vertex   -3.913125e+01 1.736125e+00 -3.000000e+00
      vertex   -5.247037e+01 1.763664e+00 -3.000000e+00
      vertex   -3.898332e+01 2.594064e+00 -3.000000e+00
    endloop
  endfacet
  facet normal -0.000000e+00 0.000000e+00 -1.000000e+00
    outer loop
      vertex   -3.898332e+01 2.594064e+00 -3.000000e+00
      vertex   -5.247037e+01 1.763664e+00 -3.000000e+00
      vertex   -3.877720e+01 3.439909e+00 -3.000000e+00
    endloop
  endfacet
  facet normal -0.000000e+00 0.000000e+00 -1.000000e+00
    outer loop
      vertex   -3.877720e+01 3.439909e+00 -3.000000e+00
      vertex   -5.247037e+01 1.763664e+00 -3.000000e+00
      vertex   -5.238150e+01 3.525337e+00 -3.000000e+00
    endloop
  endfacet
  facet normal 0.000000e+00 0.000000e+00 -1.000000e+00
    outer loop
      vertex   -3.877720e+01 3.439909e+00 -3.000000e+00
      vertex   -5.238150e+01 3.525337e+00 -3.000000e+00
      vertex   -3.851383e+01 4.269715e+00 -3.000000e+00
    endloop
  endfacet
  facet normal -0.000000e+00 0.000000e+00 -1.000000e+00
    outer loop
      vertex   -3.851383e+01 4.269715e+00 -3.000000e+00
      vertex   -5.238150e+01 3.525337e+00 -3.000000e+00
      vertex   -3.819444e+01 5.079614e+00 -3.000000e+00
    endloop
  endfacet
  facet normal -0.000000e+00 0.000000e+00 -1.000000e+00
    outer loop
      vertex   -3.819444e+01 5.079614e+00 -3.000000e+00
      vertex   -5.238150e+01 3.525337e+00 -3.000000e+00
      vertex   -5.223351e+01 5.283031e+00 -3.000000e+00
    endloop
  endfacet
  facet normal 0.000000e+00 0.000000e+00 -1.000000e+00
    outer loop
      vertex   -3.819444e+01 5.079614e+00 -3.000000e+00
      vertex   -5.223351e+01 5.283031e+00 -3.000000e+00
      vertex   -3.782054e+01 5.865829e+00 -3.000000e+00
    endloop
  endfacet
  facet normal -0.000000e+00 0.000000e+00 -1.000000e+00
    outer loop
      vertex   -3.782054e+01 5.865829e+00 -3.000000e+00
      vertex   -5.223351e+01 5.283031e+00 -3.000000e+00
      vertex   -3.739385e+01 6.624695e+00 -3.000000e+00
    endloop
  endfacet
  facet normal -0.000000e+00 0.000000e+00 -1.000000e+00
    outer loop
      vertex   -3.739385e+01 6.624695e+00 -3.000000e+00
      vertex   -5.223351e+01 5.283031e+00 -3.000000e+00
      vertex   -5.202655e+01 7.034760e+00 -3.000000e+00
    endloop
  endfacet
  facet normal 0.000000e+00 0.000000e+00 -1.000000e+00
    outer loop
      vertex   -3.739385e+01 6.624695e+00 -3.000000e+00
      vertex   -5.202655e+01 7.034760e+00 -3.000000e+00
      vertex   -3.691637e+01 7.352674e+00 -3.000000e+00
    endloop
  endfacet
  facet normal -0.000000e+00 0.000000e+00 -1.000000e+00
    outer loop
      vertex   -3.691637e+01 7.352674e+00 -3.000000e+00
      vertex   -5.202655e+01 7.034760e+00 -3.000000e+00
      vertex   -3.639032e+01 8.046371e+00 -3.000000e+00
    endloop
  endfacet
  facet normal -0.000000e+00 0.000000e+00 -1.000000e+00
    outer loop
      vertex   -3.639032e+01 8.046371e+00 -3.000000e+00
      vertex   -5.202655e+01 7.034760e+00 -3.000000e+00
      vertex   -3.581816e+01 8.702553e+00 -3.000000e+00
    endloop
  endfacet
  facet normal -0.000000e+00 0.000000e+00 -1.000000e+00
    outer loop
      vertex   -3.581816e+01 8.702553e+00 -3.000000e+00
      vertex   -5.202655e+01 7.034760e+00 -3.000000e+00
      vertex   -5.176086e+01 8.778549e+00 -3.000000e+00
    endloop
  endfacet
  facet normal 0.000000e+00 0.000000e+00 -1.000000e+00
    outer loop
      vertex   -3.581816e+01 8.702553e+00 -3.000000e+00
      vertex   -5.176086e+01 8.778549e+00 -3.000000e+00
      vertex   -3.520255e+01 9.318159e+00 -3.000000e+00
    endloop
  endfacet
  facet normal -0.000000e+00 0.000000e+00 -1.000000e+00
    outer loop
      vertex   -3.520255e+01 9.318159e+00 -3.000000e+00
      vertex   -5.176086e+01 8.778549e+00 -3.000000e+00
      vertex   -3.454637e+01 9.890319e+00 -3.000000e+00
    endloop
  endfacet
  facet normal -0.000000e+00 0.000000e+00 -1.000000e+00
    outer loop
      vertex   -3.454637e+01 9.890319e+00 -3.000000e+00
      vertex   -5.176086e+01 8.778549e+00 -3.000000e+00
      vertex   -3.385267e+01 1.041637e+01 -3.000000e+00
    endloop
  endfacet
  facet normal -0.000000e+00 0.000000e+00 -1.000000e+00
    outer loop
      vertex   -3.385267e+01 1.041637e+01 -3.000000e+00
      vertex   -5.176086e+01 8.778549e+00 -3.000000e+00
      vertex   -5.143675e+01 1.051243e+01 -3.000000e+00
    endloop
  endfacet
  facet normal 0.000000e+00 0.000000e+00 -1.000000e+00
    outer loop
      vertex   -3.385267e+01 1.041637e+01 -3.000000e+00
      vertex   -5.143675e+01 1.051243e+01 -3.000000e+00
      vertex   -3.312470e+01 1.089385e+01 -3.000000e+00
    endloop
  endfacet
  facet normal -0.000000e+00 0.000000e+00 -1.000000e+00
    outer loop
      vertex   -3.312470e+01 1.089385e+01 -3.000000e+00
      vertex   -5.143675e+01 1.051243e+01 -3.000000e+00
      vertex   -3.236583e+01 1.132054e+01 -3.000000e+00
    endloop
  endfacet
  facet normal -0.000000e+00 0.000000e+00 -1.000000e+00
    outer loop
      vertex   -3.236583e+01 1.132054e+01 -3.000000e+00
      vertex   -5.143675e+01 1.051243e+01 -3.000000e+00
      vertex   -3.157961e+01 1.169444e+01 -3.000000e+00
    endloop
  endfacet
  facet normal -0.000000e+00 0.000000e+00 -1.000000e+00
    outer loop
      vertex   -3.157961e+01 1.169444e+01 -3.000000e+00
      vertex   -5.143675e+01 1.051243e+01 -3.000000e+00
      vertex   -3.076972e+01 1.201383e+01 -3.000000e+00
    endloop
  endfacet
  facet normal -0.000000e+00 0.000000e+00 -1.000000e+00
    outer loop
      vertex   -3.076972e+01 1.201383e+01 -3.000000e+00
      vertex   -5.143675e+01 1.051243e+01 -3.000000e+00
      vertex   -5.105456e+01 1.223444e+01 -3.000000e+00
    endloop
  endfacet
  facet normal 0.000000e+00 0.000000e+00 -1.000000e+00
    outer loop
      vertex   -3.076972e+01 1.201383e+01 -3.000000e+00
      vertex   -5.105456e+01 1.223444e+01 -3.000000e+00
      vertex   -2.993991e+01 1.227720e+01 -3.000000e+00
    endloop
  endfacet
  facet normal -0.000000e+00 0.000000e+00 -1.000000e+00
    outer loop
      vertex   -2.993991e+01 1.227720e+01 -3.000000e+00
      vertex   -5.105456e+01 1.223444e+01 -3.000000e+00
      vertex   -2.909406e+01 1.248332e+01 -3.000000e+00
    endloop
  endfacet
  facet normal -0.000000e+00 0.000000e+00 -1.000000e+00
    outer loop
      vertex   -2.909406e+01 1.248332e+01 -3.000000e+00
      vertex   -5.105456e+01 1.223444e+01 -3.000000e+00
      vertex   -2.823612e+01 1.263125e+01 -3.000000e+00
    endloop
  endfacet
  facet normal 0.000000e+00 -0.000000e+00 -1.000000e+00
    outer loop
      vertex   -3.922028e+01 -8.700908e-01 -3.000000e+00
      vertex   -3.913125e+01 -1.736125e+00 -3.000000e+00
      vertex   -5.247037e+01 -1.763664e+00 -3.000000e+00
    endloop
  endfacet
  facet normal 0.000000e+00 0.000000e+00 -1.000000e+00
    outer loop
      vertex   -5.247037e+01 -1.763664e+00 -3.000000e+00
      vertex   -3.913125e+01 -1.736125e+00 -3.000000e+00
      vertex   -3.898332e+01 -2.594064e+00 -3.000000e+00
    endloop
  endfacet
  facet normal 0.000000e+00 0.000000e+00 -1.000000e+00
    outer loop
      vertex   -5.247037e+01 -1.763664e+00 -3.000000e+00
      vertex   -3.898332e+01 -2.594064e+00 -3.000000e+00
      vertex   -5.238150e+01 -3.525337e+00 -3.000000e+00
    endloop
  endfacet
  facet normal 0.000000e+00 0.000000e+00 -1.000000e+00
    outer loop
      vertex   -5.238150e+01 -3.525337e+00 -3.000000e+00
      vertex   -3.898332e+01 -2.594064e+00 -3.000000e+00
      vertex   -3.877720e+01 -3.439909e+00 -3.000000e+00
    endloop
  endfacet
  facet normal 0.000000e+00 0.000000e+00 -1.000000e+00
    outer loop
      vertex   -5.238150e+01 -3.525337e+00 -3.000000e+00
      vertex   -3.877720e+01 -3.439909e+00 -3.000000e+00
      vertex   -3.851383e+01 -4.269715e+00 -3.000000e+00
    endloop
  endfacet
  facet normal 0.000000e+00 0.000000e+00 -1.000000e+00
    outer loop
      vertex   -5.238150e+01 -3.525337e+00 -3.000000e+00
      vertex   -3.851383e+01 -4.269715e+00 -3.000000e+00
      vertex   -5.223351e+01 -5.283031e+00 -3.000000e+00
    endloop
  endfacet
  facet normal 0.000000e+00 0.000000e+00 -1.000000e+00
    outer loop
      vertex   -5.223351e+01 -5.283031e+00 -3.000000e+00
      vertex   -3.851383e+01 -4.269715e+00 -3.000000e+00
      vertex   -3.819444e+01 -5.079614e+00 -3.000000e+00
    endloop
  endfacet
  facet normal 0.000000e+00 0.000000e+00 -1.000000e+00
    outer loop
      vertex   -5.223351e+01 -5.283031e+00 -3.000000e+00
      vertex   -3.819444e+01 -5.079614e+00 -3.000000e+00
      vertex   -3.782054e+01 -5.865829e+00 -3.000000e+00
    endloop
  endfacet
  facet normal 0.000000e+00 0.000000e+00 -1.000000e+00
    outer loop
      vertex   -5.223351e+01 -5.283031e+00 -3.000000e+00
      vertex   -3.782054e+01 -5.865829e+00 -3.000000e+00
      vertex   -5.202655e+01 -7.034760e+00 -3.000000e+00
    endloop
  endfacet
  facet normal 0.000000e+00 0.000000e+00 -1.000000e+00
    outer loop
      vertex   -5.202655e+01 -7.034760e+00 -3.000000e+00
      vertex   -3.782054e+01 -5.865829e+00 -3.000000e+00
      vertex   -3.739385e+01 -6.624695e+00 -3.000000e+00
    endloop
  endfacet
  facet normal 0.000000e+00 0.000000e+00 -1.000000e+00
    outer loop
      vertex   -5.202655e+01 -7.034760e+00 -3.000000e+00
      vertex   -3.739385e+01 -6.624695e+00 -3.000000e+00
      vertex   -3.691637e+01 -7.352674e+00 -3.000000e+00
    endloop
  endfacet
  facet normal 0.000000e+00 0.000000e+00 -1.000000e+00
    outer loop
      vertex   -5.202655e+01 -7.034760e+00 -3.000000e+00
      vertex   -3.691637e+01 -7.352674e+00 -3.000000e+00
      vertex   -5.176086e+01 -8.778549e+00 -3.000000e+00
    endloop
  endfacet
  facet normal 0.000000e+00 0.000000e+00 -1.000000e+00
    outer loop
      vertex   -5.176086e+01 -8.778549e+00 -3.000000e+00
      vertex   -3.691637e+01 -7.352674e+00 -3.000000e+00
      vertex   -3.639032e+01 -8.046371e+00 -3.000000e+00
    endloop
  endfacet
  facet normal 0.000000e+00 0.000000e+00 -1.000000e+00
    outer loop
      vertex   -5.176086e+01 -8.778549e+00 -3.000000e+00
      vertex   -3.639032e+01 -8.046371e+00 -3.000000e+00
      vertex   -3.581816e+01 -8.702553e+00 -3.000000e+00
    endloop
  endfacet
  facet normal 0.000000e+00 -0.000000e+00 -1.000000e+00
    outer loop
      vertex   -3.581816e+01 -8.702553e+00 -3.000000e+00
      vertex   -3.520255e+01 -9.318159e+00 -3.000000e+00
      vertex   -5.176086e+01 -8.778549e+00 -3.000000e+00
    endloop
  endfacet
  facet normal 0.000000e+00 0.000000e+00 -1.000000e+00
    outer loop
      vertex   -5.176086e+01 -8.778549e+00 -3.000000e+00
      vertex   -3.520255e+01 -9.318159e+00 -3.000000e+00
      vertex   -5.143675e+01 -1.051243e+01 -3.000000e+00
    endloop
  endfacet
  facet normal 0.000000e+00 0.000000e+00 -1.000000e+00
    outer loop
      vertex   -5.143675e+01 -1.051243e+01 -3.000000e+00
      vertex   -3.520255e+01 -9.318159e+00 -3.000000e+00
      vertex   -3.454637e+01 -9.890319e+00 -3.000000e+00
    endloop
  endfacet
  facet normal 0.000000e+00 0.000000e+00 -1.000000e+00
    outer loop
      vertex   -5.143675e+01 -1.051243e+01 -3.000000e+00
      vertex   -3.454637e+01 -9.890319e+00 -3.000000e+00
      vertex   -3.385267e+01 -1.041637e+01 -3.000000e+00
    endloop
  endfacet
  facet normal 0.000000e+00 -0.000000e+00 -1.000000e+00
    outer loop
      vertex   -3.385267e+01 -1.041637e+01 -3.000000e+00
      vertex   -3.312470e+01 -1.089385e+01 -3.000000e+00
      vertex   -5.143675e+01 -1.051243e+01 -3.000000e+00
    endloop
  endfacet
  facet normal 0.000000e+00 0.000000e+00 -1.000000e+00
    outer loop
      vertex   -5.143675e+01 -1.051243e+01 -3.000000e+00
      vertex   -3.312470e+01 -1.089385e+01 -3.000000e+00
      vertex   -5.105456e+01 -1.223444e+01 -3.000000e+00
    endloop
  endfacet
  facet normal 0.000000e+00 0.000000e+00 -1.000000e+00
    outer loop
      vertex   -5.105456e+01 -1.223444e+01 -3.000000e+00
      vertex   -3.312470e+01 -1.089385e+01 -3.000000e+00
      vertex   -3.236583e+01 -1.132054e+01 -3.000000e+00
    endloop
  endfacet
  facet normal 0.000000e+00 0.000000e+00 -1.000000e+00
    outer loop
      vertex   -5.105456e+01 -1.223444e+01 -3.000000e+00
      vertex   -3.236583e+01 -1.132054e+01 -3.000000e+00
      vertex   -3.157961e+01 -1.169444e+01 -3.000000e+00
    endloop
  endfacet
  facet normal 0.000000e+00 -0.000000e+00 -1.000000e+00
    outer loop
      vertex   -3.157961e+01 -1.169444e+01 -3.000000e+00
      vertex   -3.076972e+01 -1.201383e+01 -3.000000e+00
      vertex   -5.105456e+01 -1.223444e+01 -3.000000e+00
    endloop
  endfacet
  facet normal 0.000000e+00 0.000000e+00 -1.000000e+00
    outer loop
      vertex   -5.105456e+01 -1.223444e+01 -3.000000e+00
      vertex   -3.076972e+01 -1.201383e+01 -3.000000e+00
      vertex   -2.993991e+01 -1.227720e+01 -3.000000e+00
    endloop
  endfacet
  facet normal 0.000000e+00 0.000000e+00 -1.000000e+00
    outer loop
      vertex   -5.105456e+01 -1.223444e+01 -3.000000e+00
      vertex   -2.993991e+01 -1.227720e+01 -3.000000e+00
      vertex   -5.061475e+01 -1.394264e+01 -3.000000e+00
    endloop
  endfacet
  facet normal 0.000000e+00 0.000000e+00 -1.000000e+00
    outer loop
      vertex   -5.061475e+01 -1.394264e+01 -3.000000e+00
      vertex   -2.993991e+01 -1.227720e+01 -3.000000e+00
      vertex   -2.909406e+01 -1.248332e+01 -3.000000e+00
    endloop
  endfacet
  facet normal 0.000000e+00 0.000000e+00 -1.000000e+00
    outer loop
      vertex   -5.061475e+01 -1.394264e+01 -3.000000e+00
      vertex   -2.909406e+01 -1.248332e+01 -3.000000e+00
      vertex   -2.823612e+01 -1.263125e+01 -3.000000e+00
    endloop
  endfacet
  facet normal 0.000000e+00 -0.000000e+00 -1.000000e+00
    outer loop
      vertex   -2.823612e+01 -1.263125e+01 -3.000000e+00
      vertex   -2.737009e+01 -1.272028e+01 -3.000000e+00
      vertex   -5.061475e+01 -1.394264e+01 -3.000000e+00
    endloop
  endfacet
  facet normal 0.000000e+00 0.000000e+00 -1.000000e+00
    outer loop
      vertex   -5.061475e+01 -1.394264e+01 -3.000000e+00
      vertex   -2.737009e+01 -1.272028e+01 -3.000000e+00
      vertex   -2.650000e+01 -1.275000e+01 -3.000000e+00
    endloop
  endfacet
  facet normal 0.000000e+00 0.000000e+00 -1.000000e+00
    outer loop
      vertex   -5.061475e+01 -1.394264e+01 -3.000000e+00
      vertex   5.037338e+01 -1.479096e+01 -3.000000e+00
      vertex   -5.011780e+01 -1.563510e+01 -3.000000e+00
    endloop
  endfacet
  facet normal 0.000000e+00 0.000000e+00 -1.000000e+00
    outer loop
      vertex   -5.011780e+01 -1.563510e+01 -3.000000e+00
      vertex   5.037338e+01 -1.479096e+01 -3.000000e+00
      vertex   4.984807e+01 -1.647483e+01 -3.000000e+00
    endloop
  endfacet
  facet normal 0.000000e+00 0.000000e+00 -1.000000e+00
    outer loop
      vertex   -5.011780e+01 -1.563510e+01 -3.000000e+00
      vertex   4.984807e+01 -1.647483e+01 -3.000000e+00
      vertex   -4.956427e+01 -1.730992e+01 -3.000000e+00
    endloop
  endfacet
  facet normal 0.000000e+00 0.000000e+00 -1.000000e+00
    outer loop
      vertex   -4.956427e+01 -1.730992e+01 -3.000000e+00
      vertex   4.984807e+01 -1.647483e+01 -3.000000e+00
      vertex   4.926648e+01 -1.814011e+01 -3.000000e+00
    endloop
  endfacet
  facet normal 0.000000e+00 0.000000e+00 -1.000000e+00
    outer loop
      vertex   -4.956427e+01 -1.730992e+01 -3.000000e+00
      vertex   4.926648e+01 -1.814011e+01 -3.000000e+00
      vertex   -4.895479e+01 -1.896519e+01 -3.000000e+00
    endloop
  endfacet
  facet normal 0.000000e+00 0.000000e+00 -1.000000e+00
    outer loop
      vertex   -4.895479e+01 -1.896519e+01 -3.000000e+00
      vertex   4.926648e+01 -1.814011e+01 -3.000000e+00
      vertex   4.862928e+01 -1.978491e+01 -3.000000e+00
    endloop
  endfacet
  facet normal 0.000000e+00 0.000000e+00 -1.000000e+00
    outer loop
      vertex   -4.895479e+01 -1.896519e+01 -3.000000e+00
      vertex   4.862928e+01 -1.978491e+01 -3.000000e+00
      vertex   -4.829005e+01 -2.059905e+01 -3.000000e+00
    endloop
  endfacet
  facet normal 0.000000e+00 0.000000e+00 -1.000000e+00
    outer loop
      vertex   -4.829005e+01 -2.059905e+01 -3.000000e+00
      vertex   4.862928e+01 -1.978491e+01 -3.000000e+00
      vertex   4.793719e+01 -2.140738e+01 -3.000000e+00
    endloop
  endfacet
  facet normal 0.000000e+00 0.000000e+00 -1.000000e+00
    outer loop
      vertex   -4.829005e+01 -2.059905e+01 -3.000000e+00
      vertex   4.793719e+01 -2.140738e+01 -3.000000e+00
      vertex   -4.757080e+01 -2.220966e+01 -3.000000e+00
    endloop
  endfacet
  facet normal 0.000000e+00 0.000000e+00 -1.000000e+00
    outer loop
      vertex   -4.757080e+01 -2.220966e+01 -3.000000e+00
      vertex   4.793719e+01 -2.140738e+01 -3.000000e+00
      vertex   4.719098e+01 -2.300568e+01 -3.000000e+00
    endloop
  endfacet
  facet normal 0.000000e+00 0.000000e+00 -1.000000e+00
    outer loop
      vertex   -4.757080e+01 -2.220966e+01 -3.000000e+00
      vertex   4.719098e+01 -2.300568e+01 -3.000000e+00
      vertex   -4.679785e+01 -2.379520e+01 -3.000000e+00
    endloop
  endfacet
  facet normal 0.000000e+00 0.000000e+00 -1.000000e+00
    outer loop
      vertex   -4.679785e+01 -2.379520e+01 -3.000000e+00
      vertex   4.719098e+01 -2.300568e+01 -3.000000e+00
      vertex   4.639150e+01 -2.457801e+01 -3.000000e+00
    endloop
  endfacet
  facet normal 0.000000e+00 0.000000e+00 -1.000000e+00
    outer loop
      vertex   -4.679785e+01 -2.379520e+01 -3.000000e+00
      vertex   4.639150e+01 -2.457801e+01 -3.000000e+00
      vertex   -4.597207e+01 -2.535388e+01 -3.000000e+00
    endloop
  endfacet
  facet normal 0.000000e+00 0.000000e+00 -1.000000e+00
    outer loop
      vertex   -4.597207e+01 -2.535388e+01 -3.000000e+00
      vertex   4.639150e+01 -2.457801e+01 -3.000000e+00
      vertex   4.553966e+01 -2.612259e+01 -3.000000e+00
    endloop
  endfacet
  facet normal 0.000000e+00 0.000000e+00 -1.000000e+00
    outer loop
      vertex   -4.597207e+01 -2.535388e+01 -3.000000e+00
      vertex   4.553966e+01 -2.612259e+01 -3.000000e+00
      vertex   -4.509439e+01 -2.688393e+01 -3.000000e+00
    endloop
  endfacet
  facet normal 0.000000e+00 0.000000e+00 -1.000000e+00
    outer loop
      vertex   -4.509439e+01 -2.688393e+01 -3.000000e+00
      vertex   4.553966e+01 -2.612259e+01 -3.000000e+00
      vertex   4.463640e+01 -2.763769e+01 -3.000000e+00
    endloop
  endfacet
  facet normal 0.000000e+00 0.000000e+00 -1.000000e+00
    outer loop
      vertex   -4.509439e+01 -2.688393e+01 -3.000000e+00
      vertex   4.463640e+01 -2.763769e+01 -3.000000e+00
      vertex   -4.416581e+01 -2.838364e+01 -3.000000e+00
    endloop
  endfacet
  facet normal 0.000000e+00 0.000000e+00 -1.000000e+00
    outer loop
      vertex   -4.416581e+01 -2.838364e+01 -3.000000e+00
      vertex   4.463640e+01 -2.763769e+01 -3.000000e+00
      vertex   4.368276e+01 -2.912159e+01 -3.000000e+00
    endloop
  endfacet
  facet normal 0.000000e+00 0.000000e+00 -1.000000e+00
    outer loop
      vertex   -4.416581e+01 -2.838364e+01 -3.000000e+00
      vertex   4.368276e+01 -2.912159e+01 -3.000000e+00
      vertex   -4.318737e+01 -2.985131e+01 -3.000000e+00
    endloop
  endfacet
  facet normal 0.000000e+00 0.000000e+00 -1.000000e+00
    outer loop
      vertex   -4.318737e+01 -2.985131e+01 -3.000000e+00
      vertex   4.368276e+01 -2.912159e+01 -3.000000e+00
      vertex   4.267980e+01 -3.057261e+01 -3.000000e+00
    endloop
  endfacet
  facet normal 0.000000e+00 0.000000e+00 -1.000000e+00
    outer loop
      vertex   -4.318737e+01 -2.985131e+01 -3.000000e+00
      vertex   4.267980e+01 -3.057261e+01 -3.000000e+00
      vertex   -4.216018e+01 -3.128528e+01 -3.000000e+00
    endloop
  endfacet
  facet normal 0.000000e+00 0.000000e+00 -1.000000e+00
    outer loop
      vertex   -4.216018e+01 -3.128528e+01 -3.000000e+00
      vertex   4.267980e+01 -3.057261e+01 -3.000000e+00
      vertex   4.162867e+01 -3.198912e+01 -3.000000e+00
    endloop
  endfacet
  facet normal 0.000000e+00 0.000000e+00 -1.000000e+00
    outer loop
      vertex   -4.216018e+01 -3.128528e+01 -3.000000e+00
      vertex   4.162867e+01 -3.198912e+01 -3.000000e+00
      vertex   -4.108540e+01 -3.268394e+01 -3.000000e+00
    endloop
  endfacet
  facet normal 0.000000e+00 0.000000e+00 -1.000000e+00
    outer loop
      vertex   -4.108540e+01 -3.268394e+01 -3.000000e+00
      vertex   4.162867e+01 -3.198912e+01 -3.000000e+00
      vertex   4.053054e+01 -3.336952e+01 -3.000000e+00
    endloop
  endfacet
  facet normal 0.000000e+00 0.000000e+00 -1.000000e+00
    outer loop
      vertex   -4.108540e+01 -3.268394e+01 -3.000000e+00
      vertex   4.053054e+01 -3.336952e+01 -3.000000e+00
      vertex   -3.996424e+01 -3.404569e+01 -3.000000e+00
    endloop
  endfacet
  facet normal 0.000000e+00 0.000000e+00 -1.000000e+00
    outer loop
      vertex   -3.996424e+01 -3.404569e+01 -3.000000e+00
      vertex   4.053054e+01 -3.336952e+01 -3.000000e+00
      vertex   3.938666e+01 -3.471226e+01 -3.000000e+00
    endloop
  endfacet
  facet normal 0.000000e+00 0.000000e+00 -1.000000e+00
    outer loop
      vertex   -3.996424e+01 -3.404569e+01 -3.000000e+00
      vertex   3.938666e+01 -3.471226e+01 -3.000000e+00
      vertex   -3.879797e+01 -3.536902e+01 -3.000000e+00
    endloop
  endfacet
  facet normal 0.000000e+00 0.000000e+00 -1.000000e+00
    outer loop
      vertex   -3.879797e+01 -3.536902e+01 -3.000000e+00
      vertex   3.938666e+01 -3.471226e+01 -3.000000e+00
      vertex   3.819832e+01 -3.601580e+01 -3.000000e+00
    endloop
  endfacet
  facet normal 0.000000e+00 0.000000e+00 -1.000000e+00
    outer loop
      vertex   -3.879797e+01 -3.536902e+01 -3.000000e+00
      vertex   3.819832e+01 -3.601580e+01 -3.000000e+00
      vertex   -3.758790e+01 -3.665242e+01 -3.000000e+00
    endloop
  endfacet
  facet normal 0.000000e+00 0.000000e+00 -1.000000e+00
    outer loop
      vertex   -3.758790e+01 -3.665242e+01 -3.000000e+00
      vertex   3.819832e+01 -3.601580e+01 -3.000000e+00
      vertex   3.696686e+01 -3.727869e+01 -3.000000e+00
    endloop
  endfacet
  facet normal 0.000000e+00 0.000000e+00 -1.000000e+00
    outer loop
      vertex   -3.758790e+01 -3.665242e+01 -3.000000e+00
      vertex   3.696686e+01 -3.727869e+01 -3.000000e+00
      vertex   -3.633539e+01 -3.789445e+01 -3.000000e+00
    endloop
  endfacet
  facet normal 0.000000e+00 0.000000e+00 -1.000000e+00
    outer loop
      vertex   -3.633539e+01 -3.789445e+01 -3.000000e+00
      vertex   3.696686e+01 -3.727869e+01 -3.000000e+00
      vertex   3.569367e+01 -3.849950e+01 -3.000000e+00
    endloop
  endfacet
  facet normal 0.000000e+00 0.000000e+00 -1.000000e+00
    outer loop
      vertex   -3.633539e+01 -3.789445e+01 -3.000000e+00
      vertex   3.569367e+01 -3.849950e+01 -3.000000e+00
      vertex   -3.504188e+01 -3.909369e+01 -3.000000e+00
    endloop
  endfacet
  facet normal 0.000000e+00 0.000000e+00 -1.000000e+00
    outer loop
      vertex   -3.504188e+01 -3.909369e+01 -3.000000e+00
      vertex   3.569367e+01 -3.849950e+01 -3.000000e+00
      vertex   3.438019e+01 -3.967685e+01 -3.000000e+00
    endloop
  endfacet
  facet normal 0.000000e+00 0.000000e+00 -1.000000e+00
    outer loop
      vertex   -3.504188e+01 -3.909369e+01 -3.000000e+00
      vertex   3.438019e+01 -3.967685e+01 -3.000000e+00
      vertex   -3.370880e+01 -4.024881e+01 -3.000000e+00
    endloop
  endfacet
  facet normal 0.000000e+00 0.000000e+00 -1.000000e+00
    outer loop
      vertex   -3.370880e+01 -4.024881e+01 -3.000000e+00
      vertex   3.438019e+01 -3.967685e+01 -3.000000e+00
      vertex   3.302790e+01 -4.080941e+01 -3.000000e+00
    endloop
  endfacet
  facet normal 0.000000e+00 0.000000e+00 -1.000000e+00
    outer loop
      vertex   -3.370880e+01 -4.024881e+01 -3.000000e+00
      vertex   3.302790e+01 -4.080941e+01 -3.000000e+00
      vertex   -3.233767e+01 -4.135849e+01 -3.000000e+00
    endloop
  endfacet
  facet normal 0.000000e+00 0.000000e+00 -1.000000e+00
    outer loop
      vertex   -3.233767e+01 -4.135849e+01 -3.000000e+00
      vertex   3.302790e+01 -4.080941e+01 -3.000000e+00
      vertex   3.163832e+01 -4.189590e+01 -3.000000e+00
    endloop
  endfacet
  facet normal 0.000000e+00 0.000000e+00 -1.000000e+00
    outer loop
      vertex   -3.233767e+01 -4.135849e+01 -3.000000e+00
      vertex   3.163832e+01 -4.189590e+01 -3.000000e+00
      vertex   -3.093004e+01 -4.242149e+01 -3.000000e+00
    endloop
  endfacet
  facet normal 0.000000e+00 0.000000e+00 -1.000000e+00
    outer loop
      vertex   -3.093004e+01 -4.242149e+01 -3.000000e+00
      vertex   3.163832e+01 -4.189590e+01 -3.000000e+00
      vertex   3.021303e+01 -4.293510e+01 -3.000000e+00
    endloop
  endfacet
  facet normal 0.000000e+00 0.000000e+00 -1.000000e+00
    outer loop
      vertex   -3.093004e+01 -4.242149e+01 -3.000000e+00
      vertex   3.021303e+01 -4.293510e+01 -3.000000e+00
      vertex   -2.948749e+01 -4.343660e+01 -3.000000e+00
    endloop
  endfacet
  facet normal 0.000000e+00 0.000000e+00 -1.000000e+00
    outer loop
      vertex   -2.948749e+01 -4.343660e+01 -3.000000e+00
      vertex   3.021303e+01 -4.293510e+01 -3.000000e+00
      vertex   2.875363e+01 -4.392583e+01 -3.000000e+00
    endloop
  endfacet
  facet normal 0.000000e+00 0.000000e+00 -1.000000e+00
    outer loop
      vertex   -2.948749e+01 -4.343660e+01 -3.000000e+00
      vertex   2.875363e+01 -4.392583e+01 -3.000000e+00
      vertex   -2.801165e+01 -4.440267e+01 -3.000000e+00
    endloop
  endfacet
  facet normal 0.000000e+00 0.000000e+00 -1.000000e+00
    outer loop
      vertex   -2.801165e+01 -4.440267e+01 -3.000000e+00
      vertex   2.875363e+01 -4.392583e+01 -3.000000e+00
      vertex   2.726177e+01 -4.486698e+01 -3.000000e+00
    endloop
  endfacet
  facet normal 0.000000e+00 0.000000e+00 -1.000000e+00
    outer loop
      vertex   -2.801165e+01 -4.440267e+01 -3.000000e+00
      vertex   2.726177e+01 -4.486698e+01 -3.000000e+00
      vertex   -2.650420e+01 -4.531862e+01 -3.000000e+00
    endloop
  endfacet
  facet normal 0.000000e+00 0.000000e+00 -1.000000e+00
    outer loop
      vertex   -2.650420e+01 -4.531862e+01 -3.000000e+00
      vertex   2.726177e+01 -4.486698e+01 -3.000000e+00
      vertex   2.573914e+01 -4.575748e+01 -3.000000e+00
    endloop
  endfacet
  facet normal 0.000000e+00 0.000000e+00 -1.000000e+00
    outer loop
      vertex   -2.650420e+01 -4.531862e+01 -3.000000e+00
      vertex   2.573914e+01 -4.575748e+01 -3.000000e+00
      vertex   -2.496682e+01 -4.618341e+01 -3.000000e+00
    endloop
  endfacet
  facet normal 0.000000e+00 0.000000e+00 -1.000000e+00
    outer loop
      vertex   -2.496682e+01 -4.618341e+01 -3.000000e+00
      vertex   2.573914e+01 -4.575748e+01 -3.000000e+00
      vertex   2.418746e+01 -4.659632e+01 -3.000000e+00
    endloop
  endfacet
  facet normal 0.000000e+00 0.000000e+00 -1.000000e+00
    outer loop
      vertex   -2.496682e+01 -4.618341e+01 -3.000000e+00
      vertex   2.418746e+01 -4.659632e+01 -3.000000e+00
      vertex   -2.340126e+01 -4.699607e+01 -3.000000e+00
    endloop
  endfacet
  facet normal 0.000000e+00 0.000000e+00 -1.000000e+00
    outer loop
      vertex   -2.340126e+01 -4.699607e+01 -3.000000e+00
      vertex   2.418746e+01 -4.659632e+01 -3.000000e+00
      vertex   2.260847e+01 -4.738256e+01 -3.000000e+00
    endloop
  endfacet
  facet normal 0.000000e+00 0.000000e+00 -1.000000e+00
    outer loop
      vertex   -2.340126e+01 -4.699607e+01 -3.000000e+00
      vertex   2.260847e+01 -4.738256e+01 -3.000000e+00
      vertex   -2.180929e+01 -4.775568e+01 -3.000000e+00
    endloop
  endfacet
  facet normal 0.000000e+00 0.000000e+00 -1.000000e+00
    outer loop
      vertex   -2.180929e+01 -4.775568e+01 -3.000000e+00
      vertex   2.260847e+01 -4.738256e+01 -3.000000e+00
      vertex   2.100395e+01 -4.811532e+01 -3.000000e+00
    endloop
  endfacet
  facet normal 0.000000e+00 0.000000e+00 -1.000000e+00
    outer loop
      vertex   -2.180929e+01 -4.775568e+01 -3.000000e+00
      vertex   2.100395e+01 -4.811532e+01 -3.000000e+00
      vertex   -2.019269e+01 -4.846138e+01 -3.000000e+00
    endloop
  endfacet
  facet normal 0.000000e+00 0.000000e+00 -1.000000e+00
    outer loop
      vertex   -2.019269e+01 -4.846138e+01 -3.000000e+00
      vertex   2.100395e+01 -4.811532e+01 -3.000000e+00
      vertex   1.937573e+01 -4.879376e+01 -3.000000e+00
    endloop
  endfacet
  facet normal 0.000000e+00 0.000000e+00 -1.000000e+00
    outer loop
      vertex   -2.019269e+01 -4.846138e+01 -3.000000e+00
      vertex   1.937573e+01 -4.879376e+01 -3.000000e+00
      vertex   -1.855330e+01 -4.911237e+01 -3.000000e+00
    endloop
  endfacet
  facet normal 0.000000e+00 0.000000e+00 -1.000000e+00
    outer loop
      vertex   -1.855330e+01 -4.911237e+01 -3.000000e+00
      vertex   1.937573e+01 -4.879376e+01 -3.000000e+00
      vertex   1.772564e+01 -4.941712e+01 -3.000000e+00
    endloop
  endfacet
  facet normal 0.000000e+00 0.000000e+00 -1.000000e+00
    outer loop
      vertex   -1.855330e+01 -4.911237e+01 -3.000000e+00
      vertex   1.772564e+01 -4.941712e+01 -3.000000e+00
      vertex   -1.689297e+01 -4.970792e+01 -3.000000e+00
    endloop
  endfacet
  facet normal 0.000000e+00 0.000000e+00 -1.000000e+00
    outer loop
      vertex   -1.689297e+01 -4.970792e+01 -3.000000e+00
      vertex   1.772564e+01 -4.941712e+01 -3.000000e+00
      vertex   1.605553e+01 -4.998470e+01 -3.000000e+00
    endloop
  endfacet
  facet normal 0.000000e+00 0.000000e+00 -1.000000e+00
    outer loop
      vertex   -1.689297e+01 -4.970792e+01 -3.000000e+00
      vertex   1.605553e+01 -4.998470e+01 -3.000000e+00
      vertex   -1.521357e+01 -5.024736e+01 -3.000000e+00
    endloop
  endfacet
  facet normal 0.000000e+00 0.000000e+00 -1.000000e+00
    outer loop
      vertex   -1.521357e+01 -5.024736e+01 -3.000000e+00
      vertex   1.605553e+01 -4.998470e+01 -3.000000e+00
      vertex   1.436731e+01 -5.049585e+01 -3.000000e+00
    endloop
  endfacet
  facet normal 0.000000e+00 0.000000e+00 -1.000000e+00
    outer loop
      vertex   -1.521357e+01 -5.024736e+01 -3.000000e+00
      vertex   1.436731e+01 -5.049585e+01 -3.000000e+00
      vertex   -1.351699e+01 -5.073008e+01 -3.000000e+00
    endloop
  endfacet
  facet normal 0.000000e+00 0.000000e+00 -1.000000e+00
    outer loop
      vertex   -1.351699e+01 -5.073008e+01 -3.000000e+00
      vertex   1.436731e+01 -5.049585e+01 -3.000000e+00
      vertex   1.266286e+01 -5.094999e+01 -3.000000e+00
    endloop
  endfacet
  facet normal 0.000000e+00 0.000000e+00 -1.000000e+00
    outer loop
      vertex   -1.351699e+01 -5.073008e+01 -3.000000e+00
      vertex   1.266286e+01 -5.094999e+01 -3.000000e+00
      vertex   -1.180516e+01 -5.115553e+01 -3.000000e+00
    endloop
  endfacet
  facet normal 0.000000e+00 0.000000e+00 -1.000000e+00
    outer loop
      vertex   -1.180516e+01 -5.115553e+01 -3.000000e+00
      vertex   1.266286e+01 -5.094999e+01 -3.000000e+00
      vertex   1.094412e+01 -5.134663e+01 -3.000000e+00
    endloop
  endfacet
  facet normal 0.000000e+00 0.000000e+00 -1.000000e+00
    outer loop
      vertex   -1.180516e+01 -5.115553e+01 -3.000000e+00
      vertex   1.094412e+01 -5.134663e+01 -3.000000e+00
      vertex   -1.007999e+01 -5.152323e+01 -3.000000e+00
    endloop
  endfacet
  facet normal 0.000000e+00 0.000000e+00 -1.000000e+00
    outer loop
      vertex   -1.007999e+01 -5.152323e+01 -3.000000e+00
      vertex   1.094412e+01 -5.134663e+01 -3.000000e+00
      vertex   9.213024e+00 -5.168530e+01 -3.000000e+00
    endloop
  endfacet
  facet normal 0.000000e+00 0.000000e+00 -1.000000e+00
    outer loop
      vertex   -1.007999e+01 -5.152323e+01 -3.000000e+00
      vertex   9.213024e+00 -5.168530e+01 -3.000000e+00
      vertex   -8.343454e+00 -5.183278e+01 -3.000000e+00
    endloop
  endfacet
  facet normal 0.000000e+00 0.000000e+00 -1.000000e+00
    outer loop
      vertex   -8.343454e+00 -5.183278e+01 -3.000000e+00
      vertex   9.213024e+00 -5.168530e+01 -3.000000e+00
      vertex   7.471529e+00 -5.196563e+01 -3.000000e+00
    endloop
  endfacet
  facet normal 0.000000e+00 0.000000e+00 -1.000000e+00
    outer loop
      vertex   -8.343454e+00 -5.183278e+01 -3.000000e+00
      vertex   7.471529e+00 -5.196563e+01 -3.000000e+00
      vertex   -6.597495e+00 -5.208381e+01 -3.000000e+00
    endloop
  endfacet
  facet normal 0.000000e+00 0.000000e+00 -1.000000e+00
    outer loop
      vertex   -6.597495e+00 -5.208381e+01 -3.000000e+00
      vertex   7.471529e+00 -5.196563e+01 -3.000000e+00
      vertex   5.721599e+00 -5.218729e+01 -3.000000e+00
    endloop
  endfacet
  facet normal 0.000000e+00 0.000000e+00 -1.000000e+00
    outer loop
      vertex   -6.597495e+00 -5.208381e+01 -3.000000e+00
      vertex   5.721599e+00 -5.218729e+01 -3.000000e+00
      vertex   -4.844089e+00 -5.227604e+01 -3.000000e+00
    endloop
  endfacet
  facet normal 0.000000e+00 0.000000e+00 -1.000000e+00
    outer loop
      vertex   -4.844089e+00 -5.227604e+01 -3.000000e+00
      vertex   5.721599e+00 -5.218729e+01 -3.000000e+00
      vertex   3.965211e+00 -5.235004e+01 -3.000000e+00
    endloop
  endfacet
  facet normal 0.000000e+00 0.000000e+00 -1.000000e+00
    outer loop
      vertex   -4.844089e+00 -5.227604e+01 -3.000000e+00
      vertex   3.965211e+00 -5.235004e+01 -3.000000e+00
      vertex   -3.085214e+00 -5.240927e+01 -3.000000e+00
    endloop
  endfacet
  facet normal 0.000000e+00 0.000000e+00 -1.000000e+00
    outer loop
      vertex   -3.085214e+00 -5.240927e+01 -3.000000e+00
      vertex   3.965211e+00 -5.235004e+01 -3.000000e+00
      vertex   2.204347e+00 -5.245370e+01 -3.000000e+00
    endloop
  endfacet
  facet normal 0.000000e+00 0.000000e+00 -1.000000e+00
    outer loop
      vertex   -3.085214e+00 -5.240927e+01 -3.000000e+00
      vertex   2.204347e+00 -5.245370e+01 -3.000000e+00
      vertex   -1.322857e+00 -5.248333e+01 -3.000000e+00
    endloop
  endfacet
  facet normal 0.000000e+00 0.000000e+00 -1.000000e+00
    outer loop
      vertex   -1.322857e+00 -5.248333e+01 -3.000000e+00
      vertex   2.204347e+00 -5.245370e+01 -3.000000e+00
      vertex   4.409938e-01 -5.249815e+01 -3.000000e+00
    endloop
  endfacet
endsolid
